task,prompt_id,temperature,lam0,round,position,entropy,stopped,outcome,round_draft_len
code,0,0.0,0.7,0,0,1.15353,False,accepted,2
code,0,0.0,0.7,0,1,0.05,False,accepted,2
code,0,0.0,0.7,0,2,0.72452,True,stopped,2
code,0,0.0,0.7,1,0,0.00261,False,accepted,4
code,0,0.0,0.7,1,1,0.27683,False,accepted,4
code,0,0.0,0.7,1,2,0.03694,False,accepted,4
code,0,0.0,0.7,1,3,0.14601,False,accepted,4
code,0,0.0,0.7,1,4,0.52504,True,stopped,4
code,0,0.0,0.7,2,0,1.57359,False,accepted,2
code,0,0.0,0.7,2,1,0.02425,False,accepted,2
code,0,0.0,0.7,2,2,0.46462,True,stopped,2
code,0,0.0,0.7,3,0,0.00232,False,accepted,6
code,0,0.0,0.7,3,1,0.03761,False,accepted,6
code,0,0.0,0.7,3,2,0.0002,False,accepted,6
code,0,0.0,0.7,3,3,0.02928,False,accepted,6
code,0,0.0,0.7,3,4,0.16692,False,accepted,6
code,0,0.0,0.7,3,5,0.00107,False,accepted,6
code,0,0.0,0.7,3,6,0.91495,True,stopped,6
code,0,0.0,0.7,4,0,0.76713,False,rejected,1
code,0,0.0,0.7,4,1,1.0102,True,stopped,1
code,0,0.0,0.7,5,0,0.86593,False,rejected,1
code,0,0.0,0.7,5,1,1.53179,True,stopped,1
code,0,0.0,0.7,6,0,1.20512,False,rejected,4
code,0,0.0,0.7,6,1,0.00381,False,untested,4
code,0,0.0,0.7,6,2,0.00029,False,untested,4
code,0,0.0,0.7,6,3,5e-05,False,untested,4
code,0,0.0,0.7,6,4,0.54854,True,stopped,4
code,0,0.0,0.7,7,0,1.60246,False,rejected,2
code,0,0.0,0.7,7,1,0.0035,False,untested,2
code,0,0.0,0.7,7,2,1.4838,True,stopped,2
code,0,0.0,0.7,8,0,0.89323,False,rejected,1
code,0,0.0,0.7,8,1,1.65677,True,stopped,1
code,0,0.0,0.7,9,0,1.26181,False,accepted,3
code,0,0.0,0.7,9,1,0.43687,False,accepted,3
code,0,0.0,0.7,9,2,0.10054,False,accepted,3
code,0,0.0,0.7,9,3,0.91236,True,stopped,3
code,0,0.0,0.7,10,0,0.00065,False,accepted,1
code,0,0.0,0.7,10,1,1.88358,True,stopped,1
code,0,0.0,0.7,11,0,1.21283,False,rejected,1
code,0,0.0,0.7,11,1,0.74884,True,stopped,1
code,0,0.0,0.7,12,0,0.7262,False,accepted,1
code,0,0.0,0.7,12,1,1.05985,True,stopped,1
code,0,0.0,0.7,13,0,1.42453,False,rejected,1
code,0,0.0,0.7,13,1,0.53836,True,stopped,1
code,0,0.0,0.7,14,0,0.04469,False,accepted,3
code,0,0.0,0.7,14,1,0.00028,False,accepted,3
code,0,0.0,0.7,14,2,0.00071,False,accepted,3
code,0,0.0,0.7,14,3,0.51558,True,stopped,3
code,0,0.0,0.7,15,0,0.37091,False,accepted,1
code,0,0.0,0.7,15,1,0.97257,True,stopped,1
code,0,0.0,0.7,16,0,0.09468,False,accepted,2
code,0,0.0,0.7,16,1,0.16918,False,accepted,2
code,0,0.0,0.7,16,2,0.75544,True,stopped,2
code,0,0.0,0.7,17,0,0.00723,False,accepted,4
code,0,0.0,0.7,17,1,0.00057,False,accepted,4
code,0,0.0,0.7,17,2,0.17384,False,accepted,4
code,0,0.0,0.7,17,3,0.00066,False,accepted,4
code,0,0.0,0.7,17,4,0.70274,True,stopped,4
code,0,0.0,0.7,18,0,0.02839,False,accepted,8
code,0,0.0,0.7,18,1,0.19511,False,accepted,8
code,0,0.0,0.7,18,2,0.00216,False,accepted,8
code,0,0.0,0.7,18,3,0.03534,False,accepted,8
code,0,0.0,0.7,18,4,0.00034,False,accepted,8
code,0,0.0,0.7,18,5,0.12453,False,accepted,8
code,0,0.0,0.7,18,6,0.12091,False,accepted,8
code,0,0.0,0.7,18,7,0.00364,False,accepted,8
code,0,0.0,0.7,19,0,0.00065,False,accepted,1
code,0,0.0,0.7,19,1,1.09363,True,stopped,1
code,0,0.0,0.7,20,0,0.00635,False,accepted,8
code,0,0.0,0.7,20,1,0.17075,False,accepted,8
code,0,0.0,0.7,20,2,0.27852,False,accepted,8
code,0,0.0,0.7,20,3,0.02478,False,accepted,8
code,0,0.0,0.7,20,4,0.00325,False,accepted,8
code,0,0.0,0.7,20,5,0.00099,False,accepted,8
code,0,0.0,0.7,20,6,0.01849,False,accepted,8
code,0,0.0,0.7,20,7,0.33525,False,accepted,8
code,0,0.0,0.7,21,0,0.0138,False,accepted,3
code,0,0.0,0.7,21,1,0.14705,False,accepted,3
code,0,0.0,0.7,21,2,0.01109,False,accepted,3
code,0,0.0,0.7,21,3,1.3838,True,stopped,3
code,0,0.0,0.7,22,0,0.00022,False,accepted,8
code,0,0.0,0.7,22,1,0.04125,False,accepted,8
code,0,0.0,0.7,22,2,0.00165,False,accepted,8
code,0,0.0,0.7,22,3,0.00058,False,accepted,8
code,0,0.0,0.7,22,4,0.0232,False,accepted,8
code,0,0.0,0.7,22,5,0.01647,False,accepted,8
code,0,0.0,0.7,22,6,0.00984,False,accepted,8
code,0,0.0,0.7,22,7,0.05157,False,accepted,8
code,0,0.0,0.7,23,0,0.00867,False,accepted,2
code,0,0.0,0.7,23,1,0.00028,False,accepted,2
code,0,0.0,0.7,23,2,0.69892,True,stopped,2
code,0,0.0,0.7,24,0,0.00085,False,accepted,1
code,0,0.0,0.7,24,1,2.70855,True,stopped,1
code,0,0.0,0.7,25,0,0.0058,False,accepted,5
code,0,0.0,0.7,25,1,0.0045,False,accepted,5
code,0,0.0,0.7,25,2,0.07183,False,accepted,5
code,0,0.0,0.7,25,3,0.02468,False,accepted,5
code,0,0.0,0.7,25,4,0.00176,False,accepted,5
code,0,0.0,0.7,25,5,0.8857,True,stopped,5
code,0,0.0,0.7,26,0,0.72455,False,rejected,8
code,0,0.0,0.7,26,1,0.00023,False,untested,8
code,0,0.0,0.7,26,2,0.00209,False,untested,8
code,0,0.0,0.7,26,3,0.09225,False,untested,8
code,0,0.0,0.7,26,4,0.11786,False,untested,8
code,0,0.0,0.7,26,5,1e-05,False,untested,8
code,0,0.0,0.7,26,6,0.00028,False,untested,8
code,0,0.0,0.7,26,7,0.0018,False,untested,8
code,0,0.0,0.7,27,0,0.10844,False,accepted,8
code,0,0.0,0.7,27,1,0.00048,False,accepted,8
code,0,0.0,0.7,27,2,0.01063,False,accepted,8
code,0,0.0,0.7,27,3,0.20411,False,accepted,8
code,0,0.0,0.7,27,4,0.00131,False,accepted,8
code,0,0.0,0.7,27,5,0.30173,False,accepted,8
code,0,0.0,0.7,27,6,0.00015,False,accepted,8
code,0,0.0,0.7,27,7,0.14144,False,accepted,8
code,0,0.0,0.7,28,0,0.00242,False,accepted,1
code,0,0.0,0.7,28,1,1.2508,True,stopped,1
code,0,0.0,0.7,29,0,0.16641,False,accepted,8
code,0,0.0,0.7,29,1,5e-05,False,accepted,8
code,0,0.0,0.7,29,2,0.0002,False,accepted,8
code,0,0.0,0.7,29,3,0.01159,False,accepted,8
code,0,0.0,0.7,29,4,0.0554,False,accepted,8
code,0,0.0,0.7,29,5,0.00011,False,accepted,8
code,0,0.0,0.7,29,6,0.20469,False,accepted,8
code,0,0.0,0.7,29,7,0.00941,False,accepted,8
code,0,0.0,0.7,30,0,1.36144,False,rejected,7
code,0,0.0,0.7,30,1,0.35265,False,untested,7
code,0,0.0,0.7,30,2,6e-05,False,untested,7
code,0,0.0,0.7,30,3,0.00188,False,untested,7
code,0,0.0,0.7,30,4,0.00373,False,untested,7
code,0,0.0,0.7,30,5,0.13241,False,untested,7
code,0,0.0,0.7,30,6,0.00037,False,untested,7
code,0,0.0,0.7,30,7,0.88709,True,stopped,7
code,0,0.0,0.7,31,0,0.0381,False,accepted,6
code,0,0.0,0.7,31,1,4e-05,False,accepted,6
code,0,0.0,0.7,31,2,0.0027,False,accepted,6
code,0,0.0,0.7,31,3,0.0551,False,accepted,6
code,0,0.0,0.7,31,4,0.29464,False,accepted,6
code,0,0.0,0.7,31,5,0.00025,False,accepted,6
code,0,0.0,0.7,31,6,0.81569,True,stopped,6
code,0,0.0,0.7,32,0,0.01174,False,accepted,2
code,0,0.0,0.7,32,1,0.01603,False,accepted,2
code,0,0.0,0.7,32,2,0.57619,True,stopped,2
code,0,0.0,0.7,33,0,0.17657,False,accepted,4
code,0,0.0,0.7,33,1,0.0001,False,accepted,4
code,0,0.0,0.7,33,2,0.00543,False,accepted,4
code,0,0.0,0.7,33,3,0.0184,False,accepted,4
code,0,0.7,0.7,0,0,0.78647,False,rejected,1
code,0,0.7,0.7,0,1,1.73463,True,stopped,1
code,0,0.7,0.7,1,0,0.00835,False,accepted,7
code,0,0.7,0.7,1,1,0.28984,False,accepted,7
code,0,0.7,0.7,1,2,5e-05,False,accepted,7
code,0,0.7,0.7,1,3,0.08667,False,accepted,7
code,0,0.7,0.7,1,4,0.00185,False,accepted,7
code,0,0.7,0.7,1,5,0.0357,False,accepted,7
code,0,0.7,0.7,1,6,0.16485,False,accepted,7
code,0,0.7,0.7,1,7,1.26019,True,stopped,7
code,0,0.7,0.7,2,0,0.00252,False,accepted,8
code,0,0.7,0.7,2,1,0.16557,False,accepted,8
code,0,0.7,0.7,2,2,7e-05,False,accepted,8
code,0,0.7,0.7,2,3,0.00437,False,accepted,8
code,0,0.7,0.7,2,4,0.0,False,accepted,8
code,0,0.7,0.7,2,5,0.00143,False,accepted,8
code,0,0.7,0.7,2,6,0.02793,False,accepted,8
code,0,0.7,0.7,2,7,2e-05,False,accepted,8
code,0,0.7,0.7,3,0,0.29828,False,accepted,1
code,0,0.7,0.7,3,1,0.70875,True,stopped,1
code,0,0.7,0.7,4,0,1.32168,False,rejected,1
code,0,0.7,0.7,4,1,1.48678,True,stopped,1
code,0,0.7,0.7,5,0,1.576,False,accepted,1
code,0,0.7,0.7,5,1,1.13594,True,stopped,1
code,0,0.7,0.7,6,0,0.00202,False,accepted,5
code,0,0.7,0.7,6,1,0.0,False,accepted,5
code,0,0.7,0.7,6,2,0.0,False,accepted,5
code,0,0.7,0.7,6,3,0.15068,False,accepted,5
code,0,0.7,0.7,6,4,0.10676,False,accepted,5
code,0,0.7,0.7,6,5,0.59433,True,stopped,5
code,0,0.7,0.7,7,0,0.01634,False,accepted,8
code,0,0.7,0.7,7,1,0.04099,False,accepted,8
code,0,0.7,0.7,7,2,0.33034,False,accepted,8
code,0,0.7,0.7,7,3,0.00029,False,accepted,8
code,0,0.7,0.7,7,4,0.0,False,accepted,8
code,0,0.7,0.7,7,5,0.12303,False,accepted,8
code,0,0.7,0.7,7,6,0.0,False,accepted,8
code,0,0.7,0.7,7,7,0.34663,False,accepted,8
code,0,0.7,0.7,8,0,0.05861,False,accepted,7
code,0,0.7,0.7,8,1,4e-05,False,accepted,7
code,0,0.7,0.7,8,2,0.00203,False,accepted,7
code,0,0.7,0.7,8,3,0.0,False,accepted,7
code,0,0.7,0.7,8,4,0.01398,False,accepted,7
code,0,0.7,0.7,8,5,0.02388,False,accepted,7
code,0,0.7,0.7,8,6,0.00011,False,accepted,7
code,0,0.7,0.7,8,7,0.76172,True,stopped,7
code,0,0.7,0.7,9,0,1e-05,False,accepted,1
code,0,0.7,0.7,9,1,0.82578,True,stopped,1
code,0,0.7,0.7,10,0,0.0,False,accepted,8
code,0,0.7,0.7,10,1,0.43192,False,accepted,8
code,0,0.7,0.7,10,2,0.31233,False,accepted,8
code,0,0.7,0.7,10,3,0.09941,False,accepted,8
code,0,0.7,0.7,10,4,7e-05,False,accepted,8
code,0,0.7,0.7,10,5,0.0,False,accepted,8
code,0,0.7,0.7,10,6,0.00109,False,accepted,8
code,0,0.7,0.7,10,7,0.16217,False,accepted,8
code,0,0.7,0.7,11,0,0.00059,False,accepted,3
code,0,0.7,0.7,11,1,0.05993,False,accepted,3
code,0,0.7,0.7,11,2,0.00063,False,accepted,3
code,0,0.7,0.7,11,3,1.22305,True,stopped,3
code,0,0.7,0.7,12,0,0.0,False,accepted,8
code,0,0.7,0.7,12,1,0.00039,False,accepted,8
code,0,0.7,0.7,12,2,0.0,False,accepted,8
code,0,0.7,0.7,12,3,2e-05,False,accepted,8
code,0,0.7,0.7,12,4,0.00108,False,accepted,8
code,0,0.7,0.7,12,5,0.00112,False,accepted,8
code,0,0.7,0.7,12,6,0.00036,False,accepted,8
code,0,0.7,0.7,12,7,0.00436,False,accepted,8
code,0,0.7,0.7,13,0,0.00032,False,accepted,2
code,0,0.7,0.7,13,1,0.0,False,accepted,2
code,0,0.7,0.7,13,2,0.67472,True,stopped,2
code,0,0.7,0.7,14,0,0.00661,False,accepted,5
code,0,0.7,0.7,14,1,0.06011,False,accepted,5
code,0,0.7,0.7,14,2,0.01067,False,accepted,5
code,0,0.7,0.7,14,3,0.33624,False,rejected,5
code,0,0.7,0.7,14,4,0.00024,False,untested,5
code,0,0.7,0.7,14,5,0.73847,True,stopped,5
code,0,0.7,0.7,15,0,0.68455,False,rejected,3
code,0,0.7,0.7,15,1,0.03064,False,untested,3
code,0,0.7,0.7,15,2,0.00778,False,untested,3
code,0,0.7,0.7,15,3,0.55783,True,stopped,3
code,0,0.7,0.7,16,0,0.61153,False,accepted,5
code,0,0.7,0.7,16,1,0.29899,False,accepted,5
code,0,0.7,0.7,16,2,0.0,False,accepted,5
code,0,0.7,0.7,16,3,0.0005,False,accepted,5
code,0,0.7,0.7,16,4,0.00012,False,accepted,5
code,0,0.7,0.7,16,5,0.82817,True,stopped,5
code,0,0.7,0.7,17,0,0.0,False,accepted,8
code,0,0.7,0.7,17,1,0.02984,False,accepted,8
code,0,0.7,0.7,17,2,0.05865,False,accepted,8
code,0,0.7,0.7,17,3,1e-05,False,accepted,8
code,0,0.7,0.7,17,4,2e-05,False,accepted,8
code,0,0.7,0.7,17,5,0.00023,False,accepted,8
code,0,0.7,0.7,17,6,0.0,False,accepted,8
code,0,0.7,0.7,17,7,0.00071,False,accepted,8
code,0,0.7,0.7,18,0,0.11131,False,accepted,8
code,0,0.7,0.7,18,1,1e-05,False,accepted,8
code,0,0.7,0.7,18,2,0.01541,False,accepted,8
code,0,0.7,0.7,18,3,0.0,False,accepted,8
code,0,0.7,0.7,18,4,0.0,False,accepted,8
code,0,0.7,0.7,18,5,0.0071,False,accepted,8
code,0,0.7,0.7,18,6,0.0,False,accepted,8
code,0,0.7,0.7,18,7,0.0,False,accepted,8
code,0,0.7,0.7,19,0,0.0,False,accepted,7
code,0,0.7,0.7,19,1,0.37121,False,accepted,7
code,0,0.7,0.7,19,2,0.0,False,accepted,7
code,0,0.7,0.7,19,3,0.00164,False,accepted,7
code,0,0.7,0.7,19,4,0.15205,False,accepted,7
code,0,0.7,0.7,19,5,0.01656,False,accepted,7
code,0,0.7,0.7,19,6,0.17761,False,accepted,7
code,0,0.7,0.7,19,7,0.66603,True,stopped,7
code,0,0.7,0.7,20,0,0.02623,False,accepted,8
code,0,0.7,0.7,20,1,0.01113,False,accepted,8
code,0,0.7,0.7,20,2,0.35005,False,accepted,8
code,0,0.7,0.7,20,3,0.29279,False,accepted,8
code,0,0.7,0.7,20,4,0.0,False,accepted,8
code,0,0.7,0.7,20,5,0.00259,False,accepted,8
code,0,0.7,0.7,20,6,0.00033,False,accepted,8
code,0,0.7,0.7,20,7,0.13379,False,accepted,8
code,0,0.7,0.7,21,0,4e-05,False,accepted,8
code,0,0.7,0.7,21,1,0.0,False,accepted,8
code,0,0.7,0.7,21,2,0.00052,False,accepted,8
code,0,0.7,0.7,21,3,2e-05,False,accepted,8
code,0,0.7,0.7,21,4,8e-05,False,accepted,8
code,0,0.7,0.7,21,5,0.02533,False,accepted,8
code,0,0.7,0.7,21,6,0.0,False,accepted,8
code,0,0.7,0.7,21,7,0.00813,False,accepted,8
code,0,0.7,0.3,0,0,0.78647,False,rejected,8
code,0,0.7,0.3,0,1,1.73463,False,untested,8
code,0,0.7,0.3,0,2,0.00204,False,untested,8
code,0,0.7,0.3,0,3,0.07453,False,untested,8
code,0,0.7,0.3,0,4,2e-05,False,untested,8
code,0,0.7,0.3,0,5,0.02992,False,untested,8
code,0,0.7,0.3,0,6,0.66891,False,untested,8
code,0,0.7,0.3,0,7,1e-05,False,untested,8
code,0,0.7,0.3,1,0,0.00835,False,accepted,8
code,0,0.7,0.3,1,1,0.28984,False,accepted,8
code,0,0.7,0.3,1,2,5e-05,False,accepted,8
code,0,0.7,0.3,1,3,0.08667,False,accepted,8
code,0,0.7,0.3,1,4,0.00185,False,accepted,8
code,0,0.7,0.3,1,5,0.0357,False,accepted,8
code,0,0.7,0.3,1,6,0.16485,False,accepted,8
code,0,0.7,0.3,1,7,1.26019,False,accepted,8
code,0,0.7,0.3,2,0,0.16562,False,accepted,8
code,0,0.7,0.3,2,1,7e-05,False,accepted,8
code,0,0.7,0.3,2,2,0.00446,False,accepted,8
code,0,0.7,0.3,2,3,0.0,False,accepted,8
code,0,0.7,0.3,2,4,0.00143,False,accepted,8
code,0,0.7,0.3,2,5,0.02795,False,accepted,8
code,0,0.7,0.3,2,6,2e-05,False,accepted,8
code,0,0.7,0.3,2,7,0.51012,False,rejected,8
code,0,0.7,0.3,3,0,0.30317,False,rejected,8
code,0,0.7,0.3,3,1,0.70978,False,untested,8
code,0,0.7,0.3,3,2,1.11356,False,untested,8
code,0,0.7,0.3,3,3,0.00165,False,untested,8
code,0,0.7,0.3,3,4,0.0,False,untested,8
code,0,0.7,0.3,3,5,0.0,False,untested,8
code,0,0.7,0.3,3,6,0.18385,False,untested,8
code,0,0.7,0.3,3,7,0.09622,False,untested,8
code,0,0.7,0.3,4,0,0.71519,False,accepted,8
code,0,0.7,0.3,4,1,1.19881,False,rejected,8
code,0,0.7,0.3,4,2,0.0001,False,untested,8
code,0,0.7,0.3,4,3,0.0,False,untested,8
code,0,0.7,0.3,4,4,0.0,False,untested,8
code,0,0.7,0.3,4,5,0.19822,False,untested,8
code,0,0.7,0.3,4,6,0.08866,False,untested,8
code,0,0.7,0.3,4,7,0.57348,False,untested,8
code,0,0.7,0.3,5,0,0.63803,False,accepted,8
code,0,0.7,0.3,5,1,0.45921,False,accepted,8
code,0,0.7,0.3,5,2,0.35002,False,accepted,8
code,0,0.7,0.3,5,3,0.37502,False,accepted,8
code,0,0.7,0.3,5,4,1.17315,False,rejected,8
code,0,0.7,0.3,5,5,8e-05,False,untested,8
code,0,0.7,0.3,5,6,0.0,False,untested,8
code,0,0.7,0.3,5,7,0.0,False,untested,8
code,0,0.7,0.3,6,0,0.00135,False,accepted,8
code,0,0.7,0.3,6,1,0.46457,False,accepted,8
code,0,0.7,0.3,6,2,0.12893,False,accepted,8
code,0,0.7,0.3,6,3,1.04638,False,rejected,8
code,0,0.7,0.3,6,4,0.75359,False,untested,8
code,0,0.7,0.3,6,5,0.89572,False,untested,8
code,0,0.7,0.3,6,6,7e-05,False,untested,8
code,0,0.7,0.3,6,7,0.0,False,untested,8
code,0,0.7,0.3,7,0,5e-05,False,accepted,8
code,0,0.7,0.3,7,1,0.60631,False,rejected,8
code,0,0.7,0.3,7,2,0.00508,False,untested,8
code,0,0.7,0.3,7,3,0.00906,False,untested,8
code,0,0.7,0.3,7,4,0.02383,False,untested,8
code,0,0.7,0.3,7,5,0.00143,False,untested,8
code,0,0.7,0.3,7,6,1e-05,False,untested,8
code,0,0.7,0.3,7,7,0.0,False,untested,8
code,0,0.7,0.3,8,0,2e-05,False,accepted,8
code,0,0.7,0.3,8,1,0.09299,False,accepted,8
code,0,0.7,0.3,8,2,0.74002,False,accepted,8
code,0,0.7,0.3,8,3,0.88635,False,accepted,8
code,0,0.7,0.3,8,4,0.02495,False,accepted,8
code,0,0.7,0.3,8,5,0.0,False,accepted,8
code,0,0.7,0.3,8,6,0.0,False,accepted,8
code,0,0.7,0.3,8,7,0.45084,False,accepted,8
code,0,0.7,0.3,9,0,0.58633,False,accepted,8
code,0,0.7,0.3,9,1,0.04409,False,accepted,8
code,0,0.7,0.3,9,2,0.04304,False,accepted,8
code,0,0.7,0.3,9,3,0.30653,False,accepted,8
code,0,0.7,0.3,9,4,0.00038,False,accepted,8
code,0,0.7,0.3,9,5,1e-05,False,accepted,8
code,0,0.7,0.3,9,6,0.06701,False,accepted,8
code,0,0.7,0.3,9,7,0.0,False,accepted,8
code,0,0.7,0.3,10,0,0.00273,False,accepted,8
code,0,0.7,0.3,10,1,0.07198,False,accepted,8
code,0,0.7,0.3,10,2,5e-05,False,accepted,8
code,0,0.7,0.3,10,3,0.0043,False,accepted,8
code,0,0.7,0.3,10,4,0.0,False,accepted,8
code,0,0.7,0.3,10,5,0.02125,False,accepted,8
code,0,0.7,0.3,10,6,0.01624,False,accepted,8
code,0,0.7,0.3,10,7,0.00013,False,accepted,8
code,0,0.7,0.3,11,0,1e-05,False,accepted,8
code,0,0.7,0.3,11,1,0.92071,False,accepted,8
code,0,0.7,0.3,11,2,1e-05,False,accepted,8
code,0,0.7,0.3,11,3,0.68984,False,accepted,8
code,0,0.7,0.3,11,4,0.56605,False,accepted,8
code,0,0.7,0.3,11,5,0.07729,False,accepted,8
code,0,0.7,0.3,11,6,0.00012,False,accepted,8
code,0,0.7,0.3,11,7,1e-05,False,accepted,8
code,0,0.7,0.3,12,0,0.14947,False,accepted,8
code,0,0.7,0.3,12,1,0.05306,False,accepted,8
code,0,0.7,0.3,12,2,0.00093,False,accepted,8
code,0,0.7,0.3,12,3,0.05201,False,accepted,8
code,0,0.7,0.3,12,4,0.00098,False,accepted,8
code,0,0.7,0.3,12,5,1.19697,False,accepted,8
code,0,0.7,0.3,12,6,0.33724,False,rejected,8
code,0,0.7,0.3,12,7,0.36291,False,untested,8
code,0,0.7,0.3,13,0,0.33828,False,accepted,8
code,0,0.7,0.3,13,1,0.0,False,accepted,8
code,0,0.7,0.3,13,2,0.00106,False,accepted,8
code,0,0.7,0.3,13,3,0.0,False,accepted,8
code,0,0.7,0.3,13,4,2e-05,False,accepted,8
code,0,0.7,0.3,13,5,0.00166,False,accepted,8
code,0,0.7,0.3,13,6,0.00197,False,accepted,8
code,0,0.7,0.3,13,7,0.00093,False,accepted,8
code,0,0.7,0.3,14,0,0.0,False,accepted,8
code,0,0.7,0.3,14,1,0.00057,False,accepted,8
code,0,0.7,0.3,14,2,0.0,False,accepted,8
code,0,0.7,0.3,14,3,0.69487,False,accepted,8
code,0,0.7,0.3,14,4,0.01304,False,accepted,8
code,0,0.7,0.3,14,5,0.07075,False,accepted,8
code,0,0.7,0.3,14,6,0.0099,False,accepted,8
code,0,0.7,0.3,14,7,0.37287,False,rejected,8
code,0,0.7,0.3,15,0,0.79069,False,accepted,8
code,0,0.7,0.3,15,1,0.44698,False,accepted,8
code,0,0.7,0.3,15,2,0.4365,False,accepted,8
code,0,0.7,0.3,15,3,0.0,False,accepted,8
code,0,0.7,0.3,15,4,0.00054,False,accepted,8
code,0,0.7,0.3,15,5,0.00013,False,accepted,8
code,0,0.7,0.3,15,6,0.71247,False,rejected,8
code,0,0.7,0.3,15,7,1e-05,False,untested,8
code,0,0.7,0.3,16,0,0.0,False,accepted,8
code,0,0.7,0.3,16,1,0.02617,False,accepted,8
code,0,0.7,0.3,16,2,0.05825,False,accepted,8
code,0,0.7,0.3,16,3,1e-05,False,accepted,8
code,0,0.7,0.3,16,4,5e-05,False,accepted,8
code,0,0.7,0.3,16,5,0.00038,False,accepted,8
code,0,0.7,0.3,16,6,0.0,False,accepted,8
code,0,0.7,0.3,16,7,0.00095,False,accepted,8
code,0,0.7,0.3,17,0,0.09695,False,accepted,8
code,0,0.7,0.3,17,1,1e-05,False,accepted,8
code,0,0.7,0.3,17,2,0.01285,False,accepted,8
code,0,0.7,0.3,17,3,0.0,False,accepted,8
code,0,0.7,0.3,17,4,0.0,False,accepted,8
code,0,0.7,0.3,17,5,0.00619,False,accepted,8
code,0,0.7,0.3,17,6,0.0,False,accepted,8
code,0,0.7,0.3,17,7,0.0,False,accepted,8
code,0,0.7,0.3,18,0,0.0,False,accepted,8
code,0,0.7,0.3,18,1,0.33641,False,accepted,8
code,0,0.7,0.3,18,2,0.0,False,accepted,8
code,0,0.7,0.3,18,3,0.00311,False,accepted,8
code,0,0.7,0.3,18,4,0.21776,False,accepted,8
code,0,0.7,0.3,18,5,0.03285,False,accepted,8
code,0,0.7,0.3,18,6,0.37832,False,accepted,8
code,0,0.7,0.3,18,7,0.59777,False,accepted,8
code,0,0.7,0.3,19,0,0.01072,False,accepted,1
code,0,0.7,0.5,0,0,0.78647,False,rejected,1
code,0,0.7,0.5,0,1,1.73463,True,stopped,1
code,0,0.7,0.5,1,0,0.00835,False,accepted,7
code,0,0.7,0.5,1,1,0.28984,False,accepted,7
code,0,0.7,0.5,1,2,5e-05,False,accepted,7
code,0,0.7,0.5,1,3,0.08667,False,accepted,7
code,0,0.7,0.5,1,4,0.00185,False,accepted,7
code,0,0.7,0.5,1,5,0.0357,False,accepted,7
code,0,0.7,0.5,1,6,0.16485,False,accepted,7
code,0,0.7,0.5,1,7,1.26019,True,stopped,7
code,0,0.7,0.5,2,0,0.00252,False,accepted,8
code,0,0.7,0.5,2,1,0.16557,False,accepted,8
code,0,0.7,0.5,2,2,7e-05,False,accepted,8
code,0,0.7,0.5,2,3,0.00437,False,accepted,8
code,0,0.7,0.5,2,4,0.0,False,accepted,8
code,0,0.7,0.5,2,5,0.00143,False,accepted,8
code,0,0.7,0.5,2,6,0.02793,False,accepted,8
code,0,0.7,0.5,2,7,2e-05,False,accepted,8
code,0,0.7,0.5,3,0,0.29828,False,rejected,8
code,0,0.7,0.5,3,1,0.70875,False,untested,8
code,0,0.7,0.5,3,2,1.11826,False,untested,8
code,0,0.7,0.5,3,3,8e-05,False,untested,8
code,0,0.7,0.5,3,4,0.0,False,untested,8
code,0,0.7,0.5,3,5,0.0,False,untested,8
code,0,0.7,0.5,3,6,0.1828,False,untested,8
code,0,0.7,0.5,3,7,0.08487,False,untested,8
code,0,0.7,0.5,4,0,0.71519,False,accepted,8
code,0,0.7,0.5,4,1,0.91554,False,rejected,8
code,0,0.7,0.5,4,2,0.0001,False,untested,8
code,0,0.7,0.5,4,3,0.0,False,untested,8
code,0,0.7,0.5,4,4,0.0,False,untested,8
code,0,0.7,0.5,4,5,0.21444,False,untested,8
code,0,0.7,0.5,4,6,0.09034,False,untested,8
code,0,0.7,0.5,4,7,0.5517,False,untested,8
code,0,0.7,0.5,5,0,1.19997,False,rejected,2
code,0,0.7,0.5,5,1,0.32403,False,untested,2
code,0,0.7,0.5,5,2,1.34908,True,stopped,2
code,0,0.7,0.5,6,0,0.10197,False,accepted,1
code,0,0.7,0.5,6,1,2.08447,True,stopped,1
code,0,0.7,0.5,7,0,0.06937,False,accepted,8
code,0,0.7,0.5,7,1,0.01006,False,accepted,8
code,0,0.7,0.5,7,2,0.47876,False,accepted,8
code,0,0.7,0.5,7,3,1e-05,False,accepted,8
code,0,0.7,0.5,7,4,1.14748,False,accepted,8
code,0,0.7,0.5,7,5,0.81608,False,accepted,8
code,0,0.7,0.5,7,6,0.26807,False,accepted,8
code,0,0.7,0.5,7,7,0.3631,False,accepted,8
code,0,0.7,0.5,8,0,0.48713,False,accepted,8
code,0,0.7,0.5,8,1,0.47663,False,rejected,8
code,0,0.7,0.5,8,2,0.00015,False,untested,8
code,0,0.7,0.5,8,3,0.0,False,untested,8
code,0,0.7,0.5,8,4,0.0,False,untested,8
code,0,0.7,0.5,8,5,0.42798,False,untested,8
code,0,0.7,0.5,8,6,0.0773,False,untested,8
code,0,0.7,0.5,8,7,0.68194,False,untested,8
code,0,0.7,0.5,9,0,0.00185,False,accepted,8
code,0,0.7,0.5,9,1,0.0,False,accepted,8
code,0,0.7,0.5,9,2,0.0,False,accepted,8
code,0,0.7,0.5,9,3,0.3472,False,accepted,8
code,0,0.7,0.5,9,4,0.09249,False,accepted,8
code,0,0.7,0.5,9,5,0.71055,False,accepted,8
code,0,0.7,0.5,9,6,0.01509,False,accepted,8
code,0,0.7,0.5,9,7,0.03558,False,accepted,8
code,0,0.7,0.5,10,0,0.00025,False,accepted,8
code,0,0.7,0.5,10,1,0.0,False,accepted,8
code,0,0.7,0.5,10,2,0.05799,False,accepted,8
code,0,0.7,0.5,10,3,1e-05,False,accepted,8
code,0,0.7,0.5,10,4,0.1948,False,accepted,8
code,0,0.7,0.5,10,5,0.00186,False,accepted,8
code,0,0.7,0.5,10,6,0.06877,False,accepted,8
code,0,0.7,0.5,10,7,4e-05,False,accepted,8
code,0,0.7,0.5,11,0,0.0,False,accepted,8
code,0,0.7,0.5,11,1,0.01241,False,accepted,8
code,0,0.7,0.5,11,2,0.0207,False,accepted,8
code,0,0.7,0.5,11,3,0.00014,False,accepted,8
code,0,0.7,0.5,11,4,0.69169,False,accepted,8
code,0,0.7,0.5,11,5,1e-05,False,accepted,8
code,0,0.7,0.5,11,6,0.82442,False,accepted,8
code,0,0.7,0.5,11,7,0.00031,False,accepted,8
code,0,0.7,0.5,12,0,0.06864,False,accepted,8
code,0,0.7,0.5,12,1,0.00131,False,accepted,8
code,0,0.7,0.5,12,2,8e-05,False,accepted,8
code,0,0.7,0.5,12,3,1e-05,False,accepted,8
code,0,0.7,0.5,12,4,0.00054,False,accepted,8
code,0,0.7,0.5,12,5,0.0963,False,accepted,8
code,0,0.7,0.5,12,6,0.03135,False,accepted,8
code,0,0.7,0.5,12,7,0.00073,False,accepted,8
code,0,0.7,0.5,13,0,0.00076,False,accepted,8
code,0,0.7,0.5,13,1,1.04784,False,accepted,8
code,0,0.7,0.5,13,2,0.14464,False,accepted,8
code,0,0.7,0.5,13,3,0.29179,False,accepted,8
code,0,0.7,0.5,13,4,0.09342,False,accepted,8
code,0,0.7,0.5,13,5,0.00017,False,accepted,8
code,0,0.7,0.5,13,6,0.00045,False,accepted,8
code,0,0.7,0.5,13,7,0.00783,False,accepted,8
code,0,0.7,0.5,14,0,0.07601,False,accepted,8
code,0,0.7,0.5,14,1,0.01176,False,accepted,8
code,0,0.7,0.5,14,2,0.21188,False,accepted,8
code,0,0.7,0.5,14,3,0.07902,False,accepted,8
code,0,0.7,0.5,14,4,0.56646,False,accepted,8
code,0,0.7,0.5,14,5,0.67212,False,accepted,8
code,0,0.7,0.5,14,6,0.13668,False,accepted,8
code,0,0.7,0.5,14,7,0.02837,False,accepted,8
code,0,0.7,0.5,15,0,0.11932,False,accepted,8
code,0,0.7,0.5,15,1,0.19605,False,accepted,8
code,0,0.7,0.5,15,2,0.01704,False,accepted,8
code,0,0.7,0.5,15,3,0.02136,False,accepted,8
code,0,0.7,0.5,15,4,0.0,False,accepted,8
code,0,0.7,0.5,15,5,0.00031,False,accepted,8
code,0,0.7,0.5,15,6,1e-05,False,accepted,8
code,0,0.7,0.5,15,7,0.0,False,accepted,8
code,0,0.7,0.5,16,0,0.00185,False,accepted,8
code,0,0.7,0.5,16,1,0.00038,False,accepted,8
code,0,0.7,0.5,16,2,0.00364,False,accepted,8
code,0,0.7,0.5,16,3,0.0,False,accepted,8
code,0,0.7,0.5,16,4,8e-05,False,accepted,8
code,0,0.7,0.5,16,5,0.0,False,accepted,8
code,0,0.7,0.5,16,6,0.45796,False,accepted,8
code,0,0.7,0.5,16,7,1e-05,False,accepted,8
code,0,0.7,0.5,17,0,0.71161,False,rejected,8
code,0,0.7,0.5,17,1,0.02028,False,untested,8
code,0,0.7,0.5,17,2,0.00039,False,untested,8
code,0,0.7,0.5,17,3,0.01498,False,untested,8
code,0,0.7,0.5,17,4,0.01016,False,untested,8
code,0,0.7,0.5,17,5,7e-05,False,untested,8
code,0,0.7,0.5,17,6,0.27089,False,untested,8
code,0,0.7,0.5,17,7,0.20461,False,untested,8
code,0,0.7,0.5,18,0,0.00017,False,accepted,8
code,0,0.7,0.5,18,1,0.0443,False,accepted,8
code,0,0.7,0.5,18,2,0.00338,False,accepted,8
code,0,0.7,0.5,18,3,3e-05,False,accepted,8
code,0,0.7,0.5,18,4,0.16979,False,accepted,8
code,0,0.7,0.5,18,5,0.00541,False,accepted,8
code,0,0.7,0.5,18,6,0.0,False,accepted,8
code,0,0.7,0.5,18,7,0.0011,False,accepted,8
code,0,0.7,0.5,19,0,0.11908,False,accepted,8
code,0,0.7,0.5,19,1,0.0,False,accepted,8
code,0,0.7,0.5,19,2,0.36789,False,accepted,8
code,0,0.7,0.5,19,3,0.01273,False,accepted,8
code,0,0.7,0.5,19,4,2e-05,False,accepted,8
code,0,0.7,0.5,19,5,0.45243,False,accepted,8
code,0,0.7,0.5,19,6,0.09746,False,accepted,8
code,0,0.7,0.5,19,7,0.02103,False,accepted,8
code,0,0.7,0.5,20,0,1e-05,False,accepted,1
code,0,0.7,0.9,0,0,0.78647,False,rejected,1
code,0,0.7,0.9,0,1,1.73463,True,stopped,1
code,0,0.7,0.9,1,0,0.00835,False,accepted,1
code,0,0.7,0.9,1,1,0.28984,True,stopped,1
code,0,0.7,0.9,2,0,5e-05,False,accepted,1
code,0,0.7,0.9,2,1,0.08667,True,stopped,1
code,0,0.7,0.9,3,0,0.00185,False,accepted,2
code,0,0.7,0.9,3,1,0.0357,False,accepted,2
code,0,0.7,0.9,3,2,0.16485,True,stopped,2
code,0,0.7,0.9,4,0,1.26019,False,rejected,3
code,0,0.7,0.9,4,1,0.02355,False,untested,3
code,0,0.7,0.9,4,2,0.0,False,untested,3
code,0,0.7,0.9,4,3,0.04962,True,stopped,3
code,0,0.7,0.9,5,0,0.00252,False,accepted,1
code,0,0.7,0.9,5,1,0.16557,True,stopped,1
code,0,0.7,0.9,6,0,7e-05,False,accepted,6
code,0,0.7,0.9,6,1,0.00437,False,accepted,6
code,0,0.7,0.9,6,2,0.0,False,accepted,6
code,0,0.7,0.9,6,3,0.00143,False,accepted,6
code,0,0.7,0.9,6,4,0.02793,False,accepted,6
code,0,0.7,0.9,6,5,2e-05,False,accepted,6
code,0,0.7,0.9,6,6,0.50845,True,stopped,6
code,0,0.7,0.9,7,0,0.30188,False,rejected,1
code,0,0.7,0.9,7,1,0.70929,True,stopped,1
code,0,0.7,0.9,8,0,0.71445,False,rejected,1
code,0,0.7,0.9,8,1,1.19717,True,stopped,1
code,0,0.7,0.9,9,0,0.91303,False,rejected,4
code,0,0.7,0.9,9,1,0.0001,False,untested,4
code,0,0.7,0.9,9,2,0.0,False,untested,4
code,0,0.7,0.9,9,3,0.0,False,untested,4
code,0,0.7,0.9,9,4,0.21626,True,stopped,4
code,0,0.7,0.9,10,0,1.21179,False,accepted,2
code,0,0.7,0.9,10,1,0.00011,False,accepted,2
code,0,0.7,0.9,10,2,0.74204,True,stopped,2
code,0,0.7,0.9,11,0,0.03359,False,accepted,2
code,0,0.7,0.9,11,1,0.01378,False,accepted,2
code,0,0.7,0.9,11,2,0.78097,True,stopped,2
code,0,0.7,0.9,12,0,0.89128,False,accepted,1
code,0,0.7,0.9,12,1,0.15561,True,stopped,1
code,0,0.7,0.9,13,0,0.17482,False,accepted,7
code,0,0.7,0.9,13,1,0.00731,False,accepted,7
code,0,0.7,0.9,13,2,1e-05,False,accepted,7
code,0,0.7,0.9,13,3,0.01713,False,accepted,7
code,0,0.7,0.9,13,4,0.00031,False,accepted,7
code,0,0.7,0.9,13,5,0.00067,False,accepted,7
code,0,0.7,0.9,13,6,0.00161,False,accepted,7
code,0,0.7,0.9,13,7,0.41019,True,stopped,7
code,0,0.7,0.9,14,0,0.00104,False,accepted,2
code,0,0.7,0.9,14,1,0.01758,False,accepted,2
code,0,0.7,0.9,14,2,0.04901,True,stopped,2
code,0,0.7,0.9,15,0,0.21162,False,accepted,6
code,0,0.7,0.9,15,1,0.00571,False,accepted,6
code,0,0.7,0.9,15,2,0.01447,False,accepted,6
code,0,0.7,0.9,15,3,0.01989,False,accepted,6
code,0,0.7,0.9,15,4,0.02038,False,accepted,6
code,0,0.7,0.9,15,5,0.02585,False,accepted,6
code,0,0.7,0.9,15,6,0.25878,True,stopped,6
code,0,0.7,0.9,16,0,0.01125,False,accepted,3
code,0,0.7,0.9,16,1,0.0,False,accepted,3
code,0,0.7,0.9,16,2,0.0,False,accepted,3
code,0,0.7,0.9,16,3,0.14463,True,stopped,3
code,0,0.7,0.9,17,0,0.13466,False,accepted,1
code,0,0.7,0.9,17,1,0.66251,True,stopped,1
code,0,0.7,0.9,18,0,0.02045,False,accepted,1
code,0,0.7,0.9,18,1,0.08958,True,stopped,1
code,0,0.7,0.9,19,0,0.3438,False,accepted,3
code,0,0.7,0.9,19,1,0.00123,False,accepted,3
code,0,0.7,0.9,19,2,1e-05,False,accepted,3
code,0,0.7,0.9,19,3,0.07972,True,stopped,3
code,0,0.7,0.9,20,0,0.0,False,accepted,1
code,0,0.7,0.9,20,1,0.31916,True,stopped,1
code,0,0.7,0.9,21,0,0.00396,False,accepted,1
code,0,0.7,0.9,21,1,0.13869,True,stopped,1
code,0,0.7,0.9,22,0,0.00011,False,accepted,6
code,0,0.7,0.9,22,1,0.00315,False,accepted,6
code,0,0.7,0.9,22,2,0.0,False,accepted,6
code,0,0.7,0.9,22,3,0.03147,False,accepted,6
code,0,0.7,0.9,22,4,0.03955,False,accepted,6
code,0,0.7,0.9,22,5,6e-05,False,accepted,6
code,0,0.7,0.9,22,6,0.68076,True,stopped,6
code,0,0.7,0.9,23,0,1e-05,False,accepted,1
code,0,0.7,0.9,23,1,0.92658,True,stopped,1
code,0,0.7,0.9,24,0,0.00043,False,accepted,3
code,0,0.7,0.9,24,1,0.02822,False,accepted,3
code,0,0.7,0.9,24,2,0.0001,False,accepted,3
code,0,0.7,0.9,24,3,0.06684,True,stopped,3
code,0,0.7,0.9,25,0,0.36104,False,accepted,1
code,0,0.7,0.9,25,1,0.12112,True,stopped,1
code,0,0.7,0.9,26,0,0.00231,False,accepted,1
code,0,0.7,0.9,26,1,0.07941,True,stopped,1
code,0,0.7,0.9,27,0,0.00125,False,accepted,1
code,0,0.7,0.9,27,1,1.0622,True,stopped,1
code,0,0.7,0.9,28,0,0.0001,False,accepted,2
code,0,0.7,0.9,28,1,1e-05,False,accepted,2
code,0,0.7,0.9,28,2,0.14566,True,stopped,2
code,0,0.7,0.9,29,0,4e-05,False,accepted,2
code,0,0.7,0.9,29,1,4e-05,False,accepted,2
code,0,0.7,0.9,29,2,0.71711,True,stopped,2
code,0,0.7,0.9,30,0,0.0205,False,accepted,1
code,0,0.7,0.9,30,1,0.07538,True,stopped,1
code,0,0.7,0.9,31,0,0.15141,False,accepted,1
code,0,0.7,0.9,31,1,1.11551,True,stopped,1
code,0,0.7,0.9,32,0,0.67307,False,rejected,1
code,0,0.7,0.9,32,1,0.10028,True,stopped,1
code,0,0.7,0.9,33,0,0.19849,False,accepted,2
code,0,0.7,0.9,33,1,0.03468,False,accepted,2
code,0,0.7,0.9,33,2,0.77321,True,stopped,2
code,0,0.7,0.9,34,0,0.02963,False,accepted,8
code,0,0.7,0.9,34,1,0.01115,False,accepted,8
code,0,0.7,0.9,34,2,0.00233,False,accepted,8
code,0,0.7,0.9,34,3,1e-05,False,accepted,8
code,0,0.7,0.9,34,4,0.00066,False,accepted,8
code,0,0.7,0.9,34,5,0.02102,False,accepted,8
code,0,0.7,0.9,34,6,0.0,False,accepted,8
code,0,0.7,0.9,34,7,0.00014,False,accepted,8
code,0,0.7,0.9,35,0,0.03536,False,accepted,2
code,0,0.7,0.9,35,1,0.00122,False,accepted,2
code,0,0.7,0.9,35,2,0.062,True,stopped,2
code,0,0.7,0.9,36,0,0.0225,False,accepted,1
code,0,0.7,0.9,36,1,0.11302,True,stopped,1
code,0,0.7,0.9,37,0,0.93768,False,accepted,1
code,0,0.7,0.9,37,1,0.64206,True,stopped,1
code,0,0.7,0.9,38,0,0.04082,False,accepted,1
code,0,0.7,0.9,38,1,0.64272,True,stopped,1
code,0,0.7,0.9,39,0,0.19914,False,accepted,1
code,0,0.7,0.9,39,1,0.40539,True,stopped,1
code,0,0.7,0.9,40,0,0.78521,False,rejected,8
code,0,0.7,0.9,40,1,3e-05,False,untested,8
code,0,0.7,0.9,40,2,0.02435,False,untested,8
code,0,0.7,0.9,40,3,0.02035,False,untested,8
code,0,0.7,0.9,40,4,0.0,False,untested,8
code,0,0.7,0.9,40,5,0.00066,False,untested,8
code,0,0.7,0.9,40,6,0.0154,False,untested,8
code,0,0.7,0.9,40,7,0.0025,False,untested,8
code,0,0.7,0.9,41,0,0.21985,False,accepted,8
code,0,0.7,0.9,41,1,0.02207,False,accepted,8
code,0,0.7,0.9,41,2,0.00637,False,accepted,8
code,0,0.7,0.9,41,3,0.0,False,accepted,8
code,0,0.7,0.9,41,4,0.00063,False,accepted,8
code,0,0.7,0.9,41,5,0.01828,False,accepted,8
code,0,0.7,0.9,41,6,0.00219,False,accepted,8
code,0,0.7,0.9,41,7,2e-05,False,accepted,8
code,0,0.7,0.9,42,0,0.0,False,accepted,1
code,1,0.0,0.7,0,0,1.74694,False,accepted,2
code,1,0.0,0.7,0,1,0.03838,False,accepted,2
code,1,0.0,0.7,0,2,1.35359,True,stopped,2
code,1,0.0,0.7,1,0,0.21953,False,accepted,2
code,1,0.0,0.7,1,1,0.22166,False,accepted,2
code,1,0.0,0.7,1,2,0.71337,True,stopped,2
code,1,0.0,0.7,2,0,0.14038,False,accepted,1
code,1,0.0,0.7,2,1,0.52858,True,stopped,1
code,1,0.0,0.7,3,0,0.64057,False,accepted,2
code,1,0.0,0.7,3,1,0.24015,False,accepted,2
code,1,0.0,0.7,3,2,0.59,True,stopped,2
code,1,0.0,0.7,4,0,0.61761,False,accepted,7
code,1,0.0,0.7,4,1,0.37688,False,accepted,7
code,1,0.0,0.7,4,2,0.02992,False,accepted,7
code,1,0.0,0.7,4,3,0.01553,False,accepted,7
code,1,0.0,0.7,4,4,0.2213,False,accepted,7
code,1,0.0,0.7,4,5,0.11634,False,accepted,7
code,1,0.0,0.7,4,6,0.0741,False,accepted,7
code,1,0.0,0.7,4,7,0.46946,True,stopped,7
code,1,0.0,0.7,5,0,1.25224,False,accepted,1
code,1,0.0,0.7,5,1,0.47611,True,stopped,1
code,1,0.0,0.7,6,0,0.17329,False,accepted,3
code,1,0.0,0.7,6,1,0.12225,False,accepted,3
code,1,0.0,0.7,6,2,0.07555,False,accepted,3
code,1,0.0,0.7,6,3,0.51337,True,stopped,3
code,1,0.0,0.7,7,0,0.01512,False,accepted,8
code,1,0.0,0.7,7,1,0.09027,False,accepted,8
code,1,0.0,0.7,7,2,0.05189,False,accepted,8
code,1,0.0,0.7,7,3,0.00047,False,accepted,8
code,1,0.0,0.7,7,4,0.00105,False,accepted,8
code,1,0.0,0.7,7,5,0.04138,False,accepted,8
code,1,0.0,0.7,7,6,0.03082,False,accepted,8
code,1,0.0,0.7,7,7,0.04291,False,accepted,8
code,1,0.0,0.7,8,0,0.00108,False,accepted,3
code,1,0.0,0.7,8,1,0.00604,False,accepted,3
code,1,0.0,0.7,8,2,0.07423,False,accepted,3
code,1,0.0,0.7,8,3,0.76563,True,stopped,3
code,1,0.0,0.7,9,0,0.18764,False,accepted,8
code,1,0.0,0.7,9,1,0.15142,False,accepted,8
code,1,0.0,0.7,9,2,0.02549,False,accepted,8
code,1,0.0,0.7,9,3,0.33078,False,accepted,8
code,1,0.0,0.7,9,4,0.17794,False,accepted,8
code,1,0.0,0.7,9,5,0.04185,False,accepted,8
code,1,0.0,0.7,9,6,0.06819,False,accepted,8
code,1,0.0,0.7,9,7,0.06737,False,accepted,8
code,1,0.0,0.7,10,0,0.01838,False,accepted,1
code,1,0.0,0.7,10,1,0.86699,True,stopped,1
code,1,0.0,0.7,11,0,1.24722,False,accepted,1
code,1,0.0,0.7,11,1,0.69412,True,stopped,1
code,1,0.0,0.7,12,0,1.2995,False,rejected,1
code,1,0.0,0.7,12,1,1.73034,True,stopped,1
code,1,0.0,0.7,13,0,1.01801,False,accepted,1
code,1,0.0,0.7,13,1,0.67827,True,stopped,1
code,1,0.0,0.7,14,0,0.08095,False,accepted,1
code,1,0.0,0.7,14,1,0.53276,True,stopped,1
code,1,0.0,0.7,15,0,0.00352,False,accepted,1
code,1,0.0,0.7,15,1,0.77039,True,stopped,1
code,1,0.0,0.7,16,0,0.01208,False,accepted,1
code,1,0.0,0.7,16,1,0.63598,True,stopped,1
code,1,0.0,0.7,17,0,0.54609,False,accepted,6
code,1,0.0,0.7,17,1,0.00086,False,accepted,6
code,1,0.0,0.7,17,2,0.00034,False,accepted,6
code,1,0.0,0.7,17,3,0.0351,False,accepted,6
code,1,0.0,0.7,17,4,0.03702,False,accepted,6
code,1,0.0,0.7,17,5,0.01214,False,accepted,6
code,1,0.0,0.7,17,6,1.57338,True,stopped,6
code,1,0.0,0.7,18,0,0.04774,False,accepted,5
code,1,0.0,0.7,18,1,0.01584,False,accepted,5
code,1,0.0,0.7,18,2,0.19345,False,accepted,5
code,1,0.0,0.7,18,3,0.05174,False,accepted,5
code,1,0.0,0.7,18,4,0.00051,False,accepted,5
code,1,0.0,0.7,18,5,1.25312,True,stopped,5
code,1,0.0,0.7,19,0,0.59785,False,accepted,8
code,1,0.0,0.7,19,1,0.00027,False,accepted,8
code,1,0.0,0.7,19,2,0.00398,False,accepted,8
code,1,0.0,0.7,19,3,0.00034,False,accepted,8
code,1,0.0,0.7,19,4,1e-05,False,accepted,8
code,1,0.0,0.7,19,5,1e-05,False,accepted,8
code,1,0.0,0.7,19,6,0.00282,False,accepted,8
code,1,0.0,0.7,19,7,0.00211,False,accepted,8
code,1,0.0,0.7,20,0,0.07339,False,accepted,4
code,1,0.0,0.7,20,1,0.00205,False,accepted,4
code,1,0.0,0.7,20,2,4e-05,False,accepted,4
code,1,0.0,0.7,20,3,1e-05,False,accepted,4
code,1,0.0,0.7,20,4,0.99863,True,stopped,4
code,1,0.0,0.7,21,0,0.00042,False,accepted,8
code,1,0.0,0.7,21,1,0.25022,False,accepted,8
code,1,0.0,0.7,21,2,0.00119,False,accepted,8
code,1,0.0,0.7,21,3,0.0071,False,accepted,8
code,1,0.0,0.7,21,4,8e-05,False,accepted,8
code,1,0.0,0.7,21,5,0.01304,False,accepted,8
code,1,0.0,0.7,21,6,0.00059,False,accepted,8
code,1,0.0,0.7,21,7,0.45761,False,accepted,8
code,1,0.0,0.7,22,0,0.50504,False,accepted,8
code,1,0.0,0.7,22,1,0.02536,False,accepted,8
code,1,0.0,0.7,22,2,2e-05,False,accepted,8
code,1,0.0,0.7,22,3,0.00027,False,accepted,8
code,1,0.0,0.7,22,4,0.00112,False,accepted,8
code,1,0.0,0.7,22,5,0.00616,False,accepted,8
code,1,0.0,0.7,22,6,0.0,False,accepted,8
code,1,0.0,0.7,22,7,0.0,False,accepted,8
code,1,0.0,0.7,23,0,8e-05,False,accepted,1
code,1,0.0,0.7,23,1,0.64986,True,stopped,1
code,1,0.0,0.7,24,0,0.06544,False,accepted,8
code,1,0.0,0.7,24,1,0.00032,False,accepted,8
code,1,0.0,0.7,24,2,0.00072,False,accepted,8
code,1,0.0,0.7,24,3,0.00016,False,accepted,8
code,1,0.0,0.7,24,4,0.26639,False,accepted,8
code,1,0.0,0.7,24,5,3e-05,False,accepted,8
code,1,0.0,0.7,24,6,0.00506,False,accepted,8
code,1,0.0,0.7,24,7,0.00041,False,accepted,8
code,1,0.0,0.7,25,0,0.21885,False,accepted,1
code,1,0.0,0.7,25,1,0.83368,True,stopped,1
code,1,0.0,0.7,26,0,0.00024,False,accepted,8
code,1,0.0,0.7,26,1,0.0572,False,accepted,8
code,1,0.0,0.7,26,2,0.02624,False,accepted,8
code,1,0.0,0.7,26,3,0.00031,False,accepted,8
code,1,0.0,0.7,26,4,0.00103,False,accepted,8
code,1,0.0,0.7,26,5,0.00018,False,accepted,8
code,1,0.0,0.7,26,6,0.15622,False,accepted,8
code,1,0.0,0.7,26,7,4e-05,False,accepted,8
code,1,0.7,0.7,0,0,1.30893,False,rejected,2
code,1,0.7,0.7,0,1,0.00935,False,untested,2
code,1,0.7,0.7,0,2,0.62128,True,stopped,2
code,1,0.7,0.7,1,0,0.00522,False,accepted,1
code,1,0.7,0.7,1,1,0.57483,True,stopped,1
code,1,0.7,0.7,2,0,0.07719,False,accepted,2
code,1,0.7,0.7,2,1,0.03906,False,accepted,2
code,1,0.7,0.7,2,2,0.66838,True,stopped,2
code,1,0.7,0.7,3,0,1.50137,False,rejected,1
code,1,0.7,0.7,3,1,0.81305,True,stopped,1
code,1,0.7,0.7,4,0,0.02051,False,accepted,3
code,1,0.7,0.7,4,1,0.40695,False,accepted,3
code,1,0.7,0.7,4,2,0.09379,False,accepted,3
code,1,0.7,0.7,4,3,0.59005,True,stopped,3
code,1,0.7,0.7,5,0,0.42052,False,accepted,1
code,1,0.7,0.7,5,1,0.61772,True,stopped,1
code,1,0.7,0.7,6,0,0.13342,False,accepted,7
code,1,0.7,0.7,6,1,0.00294,False,accepted,7
code,1,0.7,0.7,6,2,0.00034,False,accepted,7
code,1,0.7,0.7,6,3,0.05985,False,accepted,7
code,1,0.7,0.7,6,4,0.31812,False,accepted,7
code,1,0.7,0.7,6,5,0.00684,False,accepted,7
code,1,0.7,0.7,6,6,0.13625,False,accepted,7
code,1,0.7,0.7,6,7,0.62504,True,stopped,7
code,1,0.7,0.7,7,0,0.24185,False,accepted,4
code,1,0.7,0.7,7,1,0.05382,False,accepted,4
code,1,0.7,0.7,7,2,0.02582,False,accepted,4
code,1,0.7,0.7,7,3,0.00868,False,accepted,4
code,1,0.7,0.7,7,4,0.57259,True,stopped,4
code,1,0.7,0.7,8,0,0.00104,False,accepted,8
code,1,0.7,0.7,8,1,0.0317,False,accepted,8
code,1,0.7,0.7,8,2,0.00533,False,accepted,8
code,1,0.7,0.7,8,3,2e-05,False,accepted,8
code,1,0.7,0.7,8,4,6e-05,False,accepted,8
code,1,0.7,0.7,8,5,0.0051,False,accepted,8
code,1,0.7,0.7,8,6,0.00359,False,accepted,8
code,1,0.7,0.7,8,7,0.00544,False,accepted,8
code,1,0.7,0.7,9,0,0.00016,False,accepted,8
code,1,0.7,0.7,9,1,0.00092,False,accepted,8
code,1,0.7,0.7,9,2,0.01242,False,accepted,8
code,1,0.7,0.7,9,3,0.22769,False,accepted,8
code,1,0.7,0.7,9,4,0.08695,False,accepted,8
code,1,0.7,0.7,9,5,0.04817,False,accepted,8
code,1,0.7,0.7,9,6,0.00147,False,accepted,8
code,1,0.7,0.7,9,7,0.41828,False,accepted,8
code,1,0.7,0.7,10,0,0.00506,False,accepted,5
code,1,0.7,0.7,10,1,0.01564,False,accepted,5
code,1,0.7,0.7,10,2,0.0255,False,accepted,5
code,1,0.7,0.7,10,3,0.02071,False,accepted,5
code,1,0.7,0.7,10,4,0.00219,False,accepted,5
code,1,0.7,0.7,10,5,0.76268,True,stopped,5
code,1,0.7,0.7,11,0,0.76573,False,accepted,1
code,1,0.7,0.7,11,1,0.51536,True,stopped,1
code,1,0.7,0.7,12,0,1.13943,False,rejected,1
code,1,0.7,0.7,12,1,1.41347,True,stopped,1
code,1,0.7,0.7,13,0,0.8367,False,rejected,3
code,1,0.7,0.7,13,1,8e-05,False,untested,3
code,1,0.7,0.7,13,2,0.17704,False,untested,3
code,1,0.7,0.7,13,3,1.18171,True,stopped,3
code,1,0.7,0.7,14,0,0.03325,False,accepted,4
code,1,0.7,0.7,14,1,0.34061,False,rejected,4
code,1,0.7,0.7,14,2,0.05203,False,untested,4
code,1,0.7,0.7,14,3,8e-05,False,untested,4
code,1,0.7,0.7,14,4,1.23715,True,stopped,4
code,1,0.7,0.7,15,0,8e-05,False,accepted,8
code,1,0.7,0.7,15,1,0.366,False,accepted,8
code,1,0.7,0.7,15,2,0.00061,False,accepted,8
code,1,0.7,0.7,15,3,0.21223,False,accepted,8
code,1,0.7,0.7,15,4,0.37075,False,accepted,8
code,1,0.7,0.7,15,5,2e-05,False,accepted,8
code,1,0.7,0.7,15,6,1e-05,False,accepted,8
code,1,0.7,0.7,15,7,0.00458,False,accepted,8
code,1,0.7,0.7,16,0,0.00143,False,accepted,1
code,1,0.7,0.7,16,1,1.01438,True,stopped,1
code,1,0.7,0.7,17,0,0.00077,False,accepted,4
code,1,0.7,0.7,17,1,0.2356,False,accepted,4
code,1,0.7,0.7,17,2,0.03588,False,accepted,4
code,1,0.7,0.7,17,3,2e-05,False,accepted,4
code,1,0.7,0.7,17,4,1.00274,True,stopped,4
code,1,0.7,0.7,18,0,0.19039,False,accepted,8
code,1,0.7,0.7,18,1,0.0,False,accepted,8
code,1,0.7,0.7,18,2,0.00031,False,accepted,8
code,1,0.7,0.7,18,3,0.0,False,accepted,8
code,1,0.7,0.7,18,4,0.0,False,accepted,8
code,1,0.7,0.7,18,5,0.0,False,accepted,8
code,1,0.7,0.7,18,6,2e-05,False,accepted,8
code,1,0.7,0.7,18,7,0.0,False,accepted,8
code,1,0.7,0.7,19,0,4e-05,False,accepted,3
code,1,0.7,0.7,19,1,0.0,False,accepted,3
code,1,0.7,0.7,19,2,0.0,False,accepted,3
code,1,0.7,0.7,19,3,1.00586,True,stopped,3
code,1,0.7,0.7,20,0,0.00016,False,accepted,8
code,1,0.7,0.7,20,1,0.23939,False,accepted,8
code,1,0.7,0.7,20,2,6e-05,False,accepted,8
code,1,0.7,0.7,20,3,0.00055,False,accepted,8
code,1,0.7,0.7,20,4,0.0,False,accepted,8
code,1,0.7,0.7,20,5,0.00323,False,accepted,8
code,1,0.7,0.7,20,6,1e-05,False,accepted,8
code,1,0.7,0.7,20,7,0.04217,False,accepted,8
code,1,0.7,0.7,21,0,0.34056,False,rejected,8
code,1,0.7,0.7,21,1,0.00509,False,untested,8
code,1,0.7,0.7,21,2,0.0,False,untested,8
code,1,0.7,0.7,21,3,0.0,False,untested,8
code,1,0.7,0.7,21,4,5e-05,False,untested,8
code,1,0.7,0.7,21,5,0.0004,False,untested,8
code,1,0.7,0.7,21,6,0.0,False,untested,8
code,1,0.7,0.7,21,7,0.0,False,untested,8
code,1,0.7,0.7,22,0,0.0,False,accepted,8
code,1,0.7,0.7,22,1,0.00222,False,accepted,8
code,1,0.7,0.7,22,2,3e-05,False,accepted,8
code,1,0.7,0.7,22,3,3e-05,False,accepted,8
code,1,0.7,0.7,22,4,1e-05,False,accepted,8
code,1,0.7,0.7,22,5,0.00089,False,accepted,8
code,1,0.7,0.7,22,6,0.00014,False,accepted,8
code,1,0.7,0.7,22,7,0.0,False,accepted,8
code,1,0.7,0.7,23,0,0.3863,False,accepted,8
code,1,0.7,0.7,23,1,0.0,False,accepted,8
code,1,0.7,0.7,23,2,0.2015,False,accepted,8
code,1,0.7,0.7,23,3,0.00261,False,accepted,8
code,1,0.7,0.7,23,4,3e-05,False,accepted,8
code,1,0.7,0.7,23,5,0.0,False,accepted,8
code,1,0.7,0.7,23,6,0.1235,False,accepted,8
code,1,0.7,0.7,23,7,0.0,False,accepted,8
code,1,0.7,0.7,24,0,1e-05,False,accepted,3
code,1,0.7,0.7,24,1,0.00132,False,accepted,3
code,1,0.7,0.7,24,2,0.049,False,accepted,3
code,1,0.7,0.7,24,3,0.54988,True,stopped,3
code,1,0.7,0.7,25,0,0.0,False,accepted,8
code,1,0.7,0.7,25,1,0.07096,False,accepted,8
code,1,0.7,0.7,25,2,0.00132,False,accepted,8
code,1,0.7,0.7,25,3,0.0001,False,accepted,8
code,1,0.7,0.7,25,4,0.0,False,accepted,8
code,1,0.7,0.7,25,5,0.03612,False,accepted,8
code,1,0.7,0.7,25,6,1e-05,False,accepted,8
code,1,0.7,0.7,25,7,0.00126,False,accepted,8
code,1,0.7,0.7,26,0,0.00015,False,accepted,1
code,1,0.7,0.3,0,0,1.30893,False,rejected,8
code,1,0.7,0.3,0,1,0.00935,False,untested,8
code,1,0.7,0.3,0,2,0.62128,False,untested,8
code,1,0.7,0.3,0,3,0.01024,False,untested,8
code,1,0.7,0.3,0,4,4e-05,False,untested,8
code,1,0.7,0.3,0,5,0.2993,False,untested,8
code,1,0.7,0.3,0,6,5e-05,False,untested,8
code,1,0.7,0.3,0,7,0.0001,False,untested,8
code,1,0.7,0.3,1,0,0.65288,False,accepted,8
code,1,0.7,0.3,1,1,1.05199,False,rejected,8
code,1,0.7,0.3,1,2,0.00014,False,untested,8
code,1,0.7,0.3,1,3,0.67383,False,untested,8
code,1,0.7,0.3,1,4,0.00013,False,untested,8
code,1,0.7,0.3,1,5,0.18246,False,untested,8
code,1,0.7,0.3,1,6,7e-05,False,untested,8
code,1,0.7,0.3,1,7,0.00018,False,untested,8
code,1,0.7,0.3,2,0,0.01842,False,accepted,8
code,1,0.7,0.3,2,1,1.07238,False,accepted,8
code,1,0.7,0.3,2,2,0.69254,False,rejected,8
code,1,0.7,0.3,2,3,0.00023,False,untested,8
code,1,0.7,0.3,2,4,0.44131,False,untested,8
code,1,0.7,0.3,2,5,7e-05,False,untested,8
code,1,0.7,0.3,2,6,0.00044,False,untested,8
code,1,0.7,0.3,2,7,0.00011,False,untested,8
code,1,0.7,0.3,3,0,0.05991,False,accepted,8
code,1,0.7,0.3,3,1,8e-05,False,accepted,8
code,1,0.7,0.3,3,2,1.03167,False,accepted,8
code,1,0.7,0.3,3,3,1.17984,False,accepted,8
code,1,0.7,0.3,3,4,0.00015,False,accepted,8
code,1,0.7,0.3,3,5,0.00101,False,accepted,8
code,1,0.7,0.3,3,6,0.00021,False,accepted,8
code,1,0.7,0.3,3,7,0.17814,False,accepted,8
code,1,0.7,0.3,4,0,1.00236,False,accepted,8
code,1,0.7,0.3,4,1,1.51859,False,rejected,8
code,1,0.7,0.3,4,2,0.35767,False,untested,8
code,1,0.7,0.3,4,3,0.00032,False,untested,8
code,1,0.7,0.3,4,4,0.00043,False,untested,8
code,1,0.7,0.3,4,5,0.54992,False,untested,8
code,1,0.7,0.3,4,6,0.24254,False,untested,8
code,1,0.7,0.3,4,7,0.54491,False,untested,8
code,1,0.7,0.3,5,0,0.54881,False,accepted,8
code,1,0.7,0.3,5,1,0.00122,False,accepted,8
code,1,0.7,0.3,5,2,0.00054,False,accepted,8
code,1,0.7,0.3,5,3,0.06192,False,accepted,8
code,1,0.7,0.3,5,4,0.19032,False,accepted,8
code,1,0.7,0.3,5,5,0.51075,False,accepted,8
code,1,0.7,0.3,5,6,0.0001,False,accepted,8
code,1,0.7,0.3,5,7,0.55845,False,accepted,8
code,1,0.7,0.3,6,0,0.59218,False,accepted,8
code,1,0.7,0.3,6,1,0.42292,False,accepted,8
code,1,0.7,0.3,6,2,0.95431,False,rejected,8
code,1,0.7,0.3,6,3,0.88792,False,untested,8
code,1,0.7,0.3,6,4,0.08114,False,untested,8
code,1,0.7,0.3,6,5,0.7592,False,untested,8
code,1,0.7,0.3,6,6,0.04922,False,untested,8
code,1,0.7,0.3,6,7,0.00018,False,untested,8
code,1,0.7,0.3,7,0,1.11091,False,accepted,8
code,1,0.7,0.3,7,1,0.43698,False,rejected,8
code,1,0.7,0.3,7,2,0.00243,False,untested,8
code,1,0.7,0.3,7,3,0.99829,False,untested,8
code,1,0.7,0.3,7,4,0.01339,False,untested,8
code,1,0.7,0.3,7,5,0.00027,False,untested,8
code,1,0.7,0.3,7,6,0.00164,False,untested,8
code,1,0.7,0.3,7,7,0.81397,False,untested,8
code,1,0.7,0.3,8,0,0.63402,False,rejected,8
code,1,0.7,0.3,8,1,0.56546,False,untested,8
code,1,0.7,0.3,8,2,0.95506,False,untested,8
code,1,0.7,0.3,8,3,0.00021,False,untested,8
code,1,0.7,0.3,8,4,1.19148,False,untested,8
code,1,0.7,0.3,8,5,0.11588,False,untested,8
code,1,0.7,0.3,8,6,0.16272,False,untested,8
code,1,0.7,0.3,8,7,0.00418,False,untested,8
code,1,0.7,0.3,9,0,0.9828,False,rejected,8
code,1,0.7,0.3,9,1,0.27295,False,untested,8
code,1,0.7,0.3,9,2,0.00352,False,untested,8
code,1,0.7,0.3,9,3,3e-05,False,untested,8
code,1,0.7,0.3,9,4,0.70192,False,untested,8
code,1,0.7,0.3,9,5,0.0102,False,untested,8
code,1,0.7,0.3,9,6,0.03585,False,untested,8
code,1,0.7,0.3,9,7,0.00179,False,untested,8
code,1,0.7,0.3,10,0,0.00069,False,accepted,8
code,1,0.7,0.3,10,1,1.49364,False,rejected,8
code,1,0.7,0.3,10,2,0.0078,False,untested,8
code,1,0.7,0.3,10,3,0.02563,False,untested,8
code,1,0.7,0.3,10,4,0.00134,False,untested,8
code,1,0.7,0.3,10,5,0.56185,False,untested,8
code,1,0.7,0.3,10,6,0.00188,False,untested,8
code,1,0.7,0.3,10,7,1e-05,False,untested,8
code,1,0.7,0.3,11,0,0.00181,False,accepted,8
code,1,0.7,0.3,11,1,1e-05,False,accepted,8
code,1,0.7,0.3,11,2,1e-05,False,accepted,8
code,1,0.7,0.3,11,3,0.00115,False,accepted,8
code,1,0.7,0.3,11,4,0.00237,False,accepted,8
code,1,0.7,0.3,11,5,0.00057,False,accepted,8
code,1,0.7,0.3,11,6,0.8519,False,accepted,8
code,1,0.7,0.3,11,7,0.00115,False,accepted,8
code,1,0.7,0.3,12,0,0.037,False,accepted,8
code,1,0.7,0.3,12,1,1e-05,False,accepted,8
code,1,0.7,0.3,12,2,1.14003,False,accepted,8
code,1,0.7,0.3,12,3,0.1225,False,accepted,8
code,1,0.7,0.3,12,4,0.0,False,accepted,8
code,1,0.7,0.3,12,5,0.00019,False,accepted,8
code,1,0.7,0.3,12,6,0.0,False,accepted,8
code,1,0.7,0.3,12,7,0.0,False,accepted,8
code,1,0.7,0.3,13,0,1e-05,False,accepted,8
code,1,0.7,0.3,13,1,0.0,False,accepted,8
code,1,0.7,0.3,13,2,0.0066,False,accepted,8
code,1,0.7,0.3,13,3,2e-05,False,accepted,8
code,1,0.7,0.3,13,4,0.0,False,accepted,8
code,1,0.7,0.3,13,5,0.0,False,accepted,8
code,1,0.7,0.3,13,6,0.85405,False,rejected,8
code,1,0.7,0.3,13,7,0.0,False,untested,8
code,1,0.7,0.3,14,0,0.0,False,accepted,8
code,1,0.7,0.3,14,1,0.05605,False,accepted,8
code,1,0.7,0.3,14,2,1e-05,False,accepted,8
code,1,0.7,0.3,14,3,0.00023,False,accepted,8
code,1,0.7,0.3,14,4,0.0,False,accepted,8
code,1,0.7,0.3,14,5,0.00129,False,accepted,8
code,1,0.7,0.3,14,6,1e-05,False,accepted,8
code,1,0.7,0.3,14,7,0.04799,False,accepted,8
code,1,0.7,0.3,15,0,0.38243,False,accepted,8
code,1,0.7,0.3,15,1,0.00426,False,accepted,8
code,1,0.7,0.3,15,2,0.0,False,accepted,8
code,1,0.7,0.3,15,3,0.0,False,accepted,8
code,1,0.7,0.3,15,4,1e-05,False,accepted,8
code,1,0.7,0.3,15,5,0.00033,False,accepted,8
code,1,0.7,0.3,15,6,0.0,False,accepted,8
code,1,0.7,0.3,15,7,0.0,False,accepted,8
code,1,0.7,0.3,16,0,0.0,False,accepted,8
code,1,0.7,0.3,16,1,0.46154,False,rejected,8
code,1,0.7,0.3,16,2,0.00276,False,untested,8
code,1,0.7,0.3,16,3,2e-05,False,untested,8
code,1,0.7,0.3,16,4,0.0,False,untested,8
code,1,0.7,0.3,16,5,0.06564,False,untested,8
code,1,0.7,0.3,16,6,0.0,False,untested,8
code,1,0.7,0.3,16,7,0.00035,False,untested,8
code,1,0.7,0.3,17,0,0.53974,False,accepted,8
code,1,0.7,0.3,17,1,0.00227,False,accepted,8
code,1,0.7,0.3,17,2,0.64941,False,rejected,8
code,1,0.7,0.3,17,3,0.19391,False,untested,8
code,1,0.7,0.3,17,4,0.13077,False,untested,8
code,1,0.7,0.3,17,5,0.19226,False,untested,8
code,1,0.7,0.3,17,6,0.00169,False,untested,8
code,1,0.7,0.3,17,7,0.1009,False,untested,8
code,1,0.7,0.3,18,0,0.13045,False,accepted,8
code,1,0.7,0.3,18,1,0.09798,False,accepted,8
code,1,0.7,0.3,18,2,0.00049,False,accepted,8
code,1,0.7,0.3,18,3,0.0178,False,accepted,8
code,1,0.7,0.3,18,4,0.01384,False,accepted,8
code,1,0.7,0.3,18,5,0.0,False,accepted,8
code,1,0.7,0.3,18,6,0.00037,False,accepted,8
code,1,0.7,0.3,18,7,0.00189,False,accepted,8
code,1,0.7,0.3,19,0,0.0,False,accepted,8
code,1,0.7,0.3,19,1,0.08019,False,accepted,8
code,1,0.7,0.3,19,2,0.0,False,accepted,8
code,1,0.7,0.3,19,3,0.00013,False,accepted,8
code,1,0.7,0.3,19,4,1e-05,False,accepted,8
code,1,0.7,0.3,19,5,0.00532,False,accepted,8
code,1,0.7,0.3,19,6,0.00662,False,accepted,8
code,1,0.7,0.3,19,7,0.71152,False,accepted,8
code,1,0.7,0.3,20,0,0.00035,False,accepted,8
code,1,0.7,0.3,20,1,0.00947,False,accepted,8
code,1,0.7,0.3,20,2,0.01545,False,accepted,8
code,1,0.7,0.3,20,3,0.18549,False,accepted,8
code,1,0.7,0.3,20,4,0.33838,False,accepted,8
code,1,0.7,0.3,20,5,0.08926,False,accepted,8
code,1,0.7,0.3,20,6,0.0236,False,accepted,8
code,1,0.7,0.3,20,7,0.06048,False,accepted,8
code,1,0.7,0.3,21,0,0.00197,False,accepted,8
code,1,0.7,0.3,21,1,0.0,False,accepted,8
code,1,0.7,0.3,21,2,0.6938,False,rejected,8
code,1,0.7,0.3,21,3,0.14823,False,untested,8
code,1,0.7,0.3,21,4,2e-05,False,untested,8
code,1,0.7,0.3,21,5,0.0,False,untested,8
code,1,0.7,0.3,21,6,0.00132,False,untested,8
code,1,0.7,0.3,21,7,1e-05,False,untested,8
code,1,0.7,0.3,22,0,0.02822,False,accepted,8
code,1,0.7,0.3,22,1,2e-05,False,accepted,8
code,1,0.7,0.3,22,2,0.0,False,accepted,8
code,1,0.7,0.3,22,3,0.0009,False,accepted,8
code,1,0.7,0.3,22,4,2e-05,False,accepted,8
code,1,0.7,0.3,22,5,8e-05,False,accepted,8
code,1,0.7,0.3,22,6,0.0,False,accepted,8
code,1,0.7,0.3,22,7,0.00183,False,accepted,8
code,1,0.7,0.3,23,0,0.0,False,accepted,5
code,1,0.7,0.3,23,1,0.0,False,accepted,5
code,1,0.7,0.3,23,2,0.0,False,accepted,5
code,1,0.7,0.3,23,3,0.0,False,accepted,5
code,1,0.7,0.3,23,4,0.04089,False,accepted,5
code,1,0.7,0.5,0,0,1.30893,False,rejected,8
code,1,0.7,0.5,0,1,0.00935,False,untested,8
code,1,0.7,0.5,0,2,0.62128,False,untested,8
code,1,0.7,0.5,0,3,0.01024,False,untested,8
code,1,0.7,0.5,0,4,4e-05,False,untested,8
code,1,0.7,0.5,0,5,0.2993,False,untested,8
code,1,0.7,0.5,0,6,5e-05,False,untested,8
code,1,0.7,0.5,0,7,0.0001,False,untested,8
code,1,0.7,0.5,1,0,0.65288,False,accepted,8
code,1,0.7,0.5,1,1,1.05199,False,rejected,8
code,1,0.7,0.5,1,2,0.00014,False,untested,8
code,1,0.7,0.5,1,3,0.67383,False,untested,8
code,1,0.7,0.5,1,4,0.00013,False,untested,8
code,1,0.7,0.5,1,5,0.18246,False,untested,8
code,1,0.7,0.5,1,6,7e-05,False,untested,8
code,1,0.7,0.5,1,7,0.00018,False,untested,8
code,1,0.7,0.5,2,0,0.01842,False,accepted,8
code,1,0.7,0.5,2,1,1.07238,False,accepted,8
code,1,0.7,0.5,2,2,0.69254,False,rejected,8
code,1,0.7,0.5,2,3,0.00023,False,untested,8
code,1,0.7,0.5,2,4,0.44131,False,untested,8
code,1,0.7,0.5,2,5,7e-05,False,untested,8
code,1,0.7,0.5,2,6,0.00044,False,untested,8
code,1,0.7,0.5,2,7,0.00011,False,untested,8
code,1,0.7,0.5,3,0,0.05991,False,accepted,8
code,1,0.7,0.5,3,1,8e-05,False,accepted,8
code,1,0.7,0.5,3,2,1.03167,False,accepted,8
code,1,0.7,0.5,3,3,1.17984,False,accepted,8
code,1,0.7,0.5,3,4,0.00015,False,accepted,8
code,1,0.7,0.5,3,5,0.00101,False,accepted,8
code,1,0.7,0.5,3,6,0.00021,False,accepted,8
code,1,0.7,0.5,3,7,0.17814,False,accepted,8
code,1,0.7,0.5,4,0,1.00236,False,accepted,1
code,1,0.7,0.5,4,1,1.51859,True,stopped,1
code,1,0.7,0.5,5,0,0.03289,False,accepted,8
code,1,0.7,0.5,5,1,0.00161,False,accepted,8
code,1,0.7,0.5,5,2,0.00053,False,accepted,8
code,1,0.7,0.5,5,3,0.05065,False,accepted,8
code,1,0.7,0.5,5,4,0.24398,False,accepted,8
code,1,0.7,0.5,5,5,0.62615,False,accepted,8
code,1,0.7,0.5,5,6,0.38775,False,accepted,8
code,1,0.7,0.5,5,7,0.28185,False,accepted,8
code,1,0.7,0.5,6,0,3e-05,False,accepted,8
code,1,0.7,0.5,6,1,0.21645,False,accepted,8
code,1,0.7,0.5,6,2,0.82437,False,rejected,8
code,1,0.7,0.5,6,3,1e-05,False,untested,8
code,1,0.7,0.5,6,4,0.0001,False,untested,8
code,1,0.7,0.5,6,5,0.00129,False,untested,8
code,1,0.7,0.5,6,6,0.00097,False,untested,8
code,1,0.7,0.5,6,7,0.00042,False,untested,8
code,1,0.7,0.5,7,0,0.60179,False,accepted,8
code,1,0.7,0.5,7,1,0.61068,False,accepted,8
code,1,0.7,0.5,7,2,0.97956,False,accepted,8
code,1,0.7,0.5,7,3,0.31328,False,accepted,8
code,1,0.7,0.5,7,4,0.00364,False,accepted,8
code,1,0.7,0.5,7,5,0.93397,False,rejected,8
code,1,0.7,0.5,7,6,0.00641,False,untested,8
code,1,0.7,0.5,7,7,9e-05,False,untested,8
code,1,0.7,0.5,8,0,0.01325,False,accepted,8
code,1,0.7,0.5,8,1,0.00029,False,accepted,8
code,1,0.7,0.5,8,2,0.00603,False,accepted,8
code,1,0.7,0.5,8,3,1.10908,False,accepted,8
code,1,0.7,0.5,8,4,0.00374,False,accepted,8
code,1,0.7,0.5,8,5,1e-05,False,accepted,8
code,1,0.7,0.5,8,6,2e-05,False,accepted,8
code,1,0.7,0.5,8,7,0.00127,False,accepted,8
code,1,0.7,0.5,9,0,0.00039,False,accepted,8
code,1,0.7,0.5,9,1,0.90878,False,accepted,8
code,1,0.7,0.5,9,2,0.00298,False,accepted,8
code,1,0.7,0.5,9,3,0.00196,False,accepted,8
code,1,0.7,0.5,9,4,0.01183,False,accepted,8
code,1,0.7,0.5,9,5,0.00557,False,accepted,8
code,1,0.7,0.5,9,6,1e-05,False,accepted,8
code,1,0.7,0.5,9,7,0.91299,False,accepted,8
code,1,0.7,0.5,10,0,0.27935,False,accepted,8
code,1,0.7,0.5,10,1,0.17504,False,accepted,8
code,1,0.7,0.5,10,2,0.00139,False,accepted,8
code,1,0.7,0.5,10,3,4e-05,False,accepted,8
code,1,0.7,0.5,10,4,0.13854,False,accepted,8
code,1,0.7,0.5,10,5,0.0089,False,accepted,8
code,1,0.7,0.5,10,6,0.00591,False,accepted,8
code,1,0.7,0.5,10,7,0.00012,False,accepted,8
code,1,0.7,0.5,11,0,0.00145,False,accepted,8
code,1,0.7,0.5,11,1,0.18172,False,rejected,8
code,1,0.7,0.5,11,2,0.55048,False,untested,8
code,1,0.7,0.5,11,3,0.47168,False,untested,8
code,1,0.7,0.5,11,4,0.6387,False,untested,8
code,1,0.7,0.5,11,5,0.1922,False,untested,8
code,1,0.7,0.5,11,6,0.0,False,untested,8
code,1,0.7,0.5,11,7,1.06552,False,untested,8
code,1,0.7,0.5,12,0,0.79228,False,accepted,5
code,1,0.7,0.5,12,1,0.01538,False,accepted,5
code,1,0.7,0.5,12,2,0.70577,False,rejected,5
code,1,0.7,0.5,12,3,0.5896,False,untested,5
code,1,0.7,0.5,12,4,0.09017,False,untested,5
code,1,0.7,0.5,12,5,1.27717,True,stopped,5
code,1,0.7,0.5,13,0,0.07773,False,accepted,1
code,1,0.7,0.5,13,1,1.25417,True,stopped,1
code,1,0.7,0.5,14,0,1e-05,False,accepted,8
code,1,0.7,0.5,14,1,1.03524,False,rejected,8
code,1,0.7,0.5,14,2,0.00017,False,untested,8
code,1,0.7,0.5,14,3,0.05808,False,untested,8
code,1,0.7,0.5,14,4,0.28155,False,untested,8
code,1,0.7,0.5,14,5,0.0,False,untested,8
code,1,0.7,0.5,14,6,0.00462,False,untested,8
code,1,0.7,0.5,14,7,0.59649,False,untested,8
code,1,0.7,0.5,15,0,0.00019,False,accepted,7
code,1,0.7,0.5,15,1,0.00123,False,accepted,7
code,1,0.7,0.5,15,2,0.0,False,accepted,7
code,1,0.7,0.5,15,3,1e-05,False,accepted,7
code,1,0.7,0.5,15,4,0.71062,False,rejected,7
code,1,0.7,0.5,15,5,0.42083,False,untested,7
code,1,0.7,0.5,15,6,0.62209,False,untested,7
code,1,0.7,0.5,15,7,1.19836,True,stopped,7
code,1,0.7,0.5,16,0,0.25075,False,accepted,8
code,1,0.7,0.5,16,1,0.00884,False,rejected,8
code,1,0.7,0.5,16,2,0.77118,False,untested,8
code,1,0.7,0.5,16,3,0.57284,False,untested,8
code,1,0.7,0.5,16,4,0.36887,False,untested,8
code,1,0.7,0.5,16,5,0.0,False,untested,8
code,1,0.7,0.5,16,6,0.0,False,untested,8
code,1,0.7,0.5,16,7,0.00185,False,untested,8
code,1,0.7,0.5,17,0,0.05382,False,accepted,8
code,1,0.7,0.5,17,1,0.14591,False,rejected,8
code,1,0.7,0.5,17,2,0.00124,False,untested,8
code,1,0.7,0.5,17,3,0.71076,False,untested,8
code,1,0.7,0.5,17,4,0.0,False,untested,8
code,1,0.7,0.5,17,5,0.0,False,untested,8
code,1,0.7,0.5,17,6,0.00323,False,untested,8
code,1,0.7,0.5,17,7,0.0,False,untested,8
code,1,0.7,0.5,18,0,0.44237,False,accepted,8
code,1,0.7,0.5,18,1,0.017,False,accepted,8
code,1,0.7,0.5,18,2,0.00031,False,accepted,8
code,1,0.7,0.5,18,3,0.00484,False,accepted,8
code,1,0.7,0.5,18,4,0.0,False,accepted,8
code,1,0.7,0.5,18,5,0.0,False,accepted,8
code,1,0.7,0.5,18,6,0.0027,False,accepted,8
code,1,0.7,0.5,18,7,0.0,False,accepted,8
code,1,0.7,0.5,19,0,0.00306,False,accepted,1
code,1,0.7,0.5,19,1,1.28667,True,stopped,1
code,1,0.7,0.5,20,0,0.08278,False,accepted,8
code,1,0.7,0.5,20,1,0.0634,False,accepted,8
code,1,0.7,0.5,20,2,0.00065,False,accepted,8
code,1,0.7,0.5,20,3,0.76564,False,accepted,8
code,1,0.7,0.5,20,4,3e-05,False,accepted,8
code,1,0.7,0.5,20,5,0.5643,False,rejected,8
code,1,0.7,0.5,20,6,0.40662,False,untested,8
code,1,0.7,0.5,20,7,0.00732,False,untested,8
code,1,0.7,0.5,21,0,0.00392,False,accepted,8
code,1,0.7,0.5,21,1,1e-05,False,accepted,8
code,1,0.7,0.5,21,2,2e-05,False,accepted,8
code,1,0.7,0.5,21,3,0.00031,False,accepted,8
code,1,0.7,0.5,21,4,1e-05,False,accepted,8
code,1,0.7,0.5,21,5,0.0143,False,accepted,8
code,1,0.7,0.5,21,6,0.00029,False,accepted,8
code,1,0.7,0.5,21,7,0.009,False,accepted,8
code,1,0.7,0.5,22,0,0.00385,False,accepted,8
code,1,0.7,0.5,22,1,0.44813,False,accepted,8
code,1,0.7,0.5,22,2,0.10601,False,accepted,8
code,1,0.7,0.5,22,3,0.15415,False,accepted,8
code,1,0.7,0.5,22,4,0.18923,False,accepted,8
code,1,0.7,0.5,22,5,0.30059,False,rejected,8
code,1,0.7,0.5,22,6,0.01082,False,untested,8
code,1,0.7,0.5,22,7,0.00077,False,untested,8
code,1,0.7,0.5,23,0,1e-05,False,accepted,8
code,1,0.7,0.5,23,1,0.03682,False,accepted,8
code,1,0.7,0.5,23,2,0.00053,False,accepted,8
code,1,0.7,0.5,23,3,0.0625,False,accepted,8
code,1,0.7,0.5,23,4,0.00987,False,accepted,8
code,1,0.7,0.5,23,5,0.19007,False,accepted,8
code,1,0.7,0.5,23,6,0.09899,False,accepted,8
code,1,0.7,0.5,23,7,0.0,False,accepted,8
code,1,0.7,0.5,24,0,0.0,False,accepted,6
code,1,0.7,0.5,24,1,0.0,False,accepted,6
code,1,0.7,0.5,24,2,0.0,False,accepted,6
code,1,0.7,0.5,24,3,0.00032,False,accepted,6
code,1,0.7,0.5,24,4,1e-05,False,accepted,6
code,1,0.7,0.5,24,5,0.0,False,accepted,6
code,1,0.7,0.9,0,0,1.30893,False,rejected,2
code,1,0.7,0.9,0,1,0.00935,False,untested,2
code,1,0.7,0.9,0,2,0.62128,True,stopped,2
code,1,0.7,0.9,1,0,0.00522,False,accepted,1
code,1,0.7,0.9,1,1,0.57483,True,stopped,1
code,1,0.7,0.9,2,0,0.07719,False,accepted,2
code,1,0.7,0.9,2,1,0.03906,False,accepted,2
code,1,0.7,0.9,2,2,0.66838,True,stopped,2
code,1,0.7,0.9,3,0,1.50137,False,rejected,1
code,1,0.7,0.9,3,1,0.81305,True,stopped,1
code,1,0.7,0.9,4,0,0.02051,False,accepted,1
code,1,0.7,0.9,4,1,0.40695,True,stopped,1
code,1,0.7,0.9,5,0,0.01557,False,accepted,1
code,1,0.7,0.9,5,1,0.82823,True,stopped,1
code,1,0.7,0.9,6,0,0.83296,False,accepted,1
code,1,0.7,0.9,6,1,0.76322,True,stopped,1
code,1,0.7,0.9,7,0,1.11964,False,rejected,1
code,1,0.7,0.9,7,1,0.86544,True,stopped,1
code,1,0.7,0.9,8,0,0.56623,False,accepted,1
code,1,0.7,0.9,8,1,0.31144,True,stopped,1
code,1,0.7,0.9,9,0,0.29032,False,rejected,1
code,1,0.7,0.9,9,1,1.07284,True,stopped,1
code,1,0.7,0.9,10,0,0.88225,False,accepted,1
code,1,0.7,0.9,10,1,0.17558,True,stopped,1
code,1,0.7,0.9,11,0,0.96889,False,accepted,1
code,1,0.7,0.9,11,1,1.20839,True,stopped,1
code,1,0.7,0.9,12,0,0.18634,False,accepted,2
code,1,0.7,0.9,12,1,0.01287,False,accepted,2
code,1,0.7,0.9,12,2,0.64773,True,stopped,2
code,1,0.7,0.9,13,0,0.56165,False,accepted,3
code,1,0.7,0.9,13,1,0.00593,False,accepted,3
code,1,0.7,0.9,13,2,0.00039,False,accepted,3
code,1,0.7,0.9,13,3,1.64748,True,stopped,3
code,1,0.7,0.9,14,0,1.70374,False,rejected,1
code,1,0.7,0.9,14,1,0.10236,True,stopped,1
code,1,0.7,0.9,15,0,0.00681,False,accepted,2
code,1,0.7,0.9,15,1,0.0164,False,accepted,2
code,1,0.7,0.9,15,2,0.08218,True,stopped,2
code,1,0.7,0.9,16,0,0.00122,False,accepted,1
code,1,0.7,0.9,16,1,0.1417,True,stopped,1
code,1,0.7,0.9,17,0,0.02078,False,accepted,2
code,1,0.7,0.9,17,1,0.00161,False,accepted,2
code,1,0.7,0.9,17,2,0.69074,True,stopped,2
code,1,0.7,0.9,18,0,5e-05,False,accepted,2
code,1,0.7,0.9,18,1,0.00013,False,accepted,2
code,1,0.7,0.9,18,2,0.13109,True,stopped,2
code,1,0.7,0.9,19,0,8e-05,False,accepted,7
code,1,0.7,0.9,19,1,0.0,False,accepted,7
code,1,0.7,0.9,19,2,0.02288,False,accepted,7
code,1,0.7,0.9,19,3,0.01204,False,accepted,7
code,1,0.7,0.9,19,4,3e-05,False,accepted,7
code,1,0.7,0.9,19,5,0.01722,False,accepted,7
code,1,0.7,0.9,19,6,1e-05,False,accepted,7
code,1,0.7,0.9,19,7,1.23118,True,stopped,7
code,1,0.7,0.9,20,0,0.56398,False,accepted,1
code,1,0.7,0.9,20,1,1.04946,True,stopped,1
code,1,0.7,0.9,21,0,1.18525,False,accepted,2
code,1,0.7,0.9,21,1,3e-05,False,accepted,2
code,1,0.7,0.9,21,2,0.80957,True,stopped,2
code,1,0.7,0.9,22,0,0.00079,False,accepted,1
code,1,0.7,0.9,22,1,0.49826,True,stopped,1
code,1,0.7,0.9,23,0,0.51264,False,rejected,1
code,1,0.7,0.9,23,1,0.53448,True,stopped,1
code,1,0.7,0.9,24,0,0.56757,False,accepted,1
code,1,0.7,0.9,24,1,0.3827,True,stopped,1
code,1,0.7,0.9,25,0,0.17312,False,accepted,5
code,1,0.7,0.9,25,1,0.00124,False,accepted,5
code,1,0.7,0.9,25,2,0.0,False,accepted,5
code,1,0.7,0.9,25,3,0.00027,False,accepted,5
code,1,0.7,0.9,25,4,1e-05,False,accepted,5
code,1,0.7,0.9,25,5,0.57883,True,stopped,5
code,1,0.7,0.9,26,0,0.50206,False,accepted,2
code,1,0.7,0.9,26,1,0.03058,False,rejected,2
code,1,0.7,0.9,26,2,1.01083,True,stopped,2
code,1,0.7,0.9,27,0,0.08984,False,accepted,1
code,1,0.7,0.9,27,1,1.374,True,stopped,1
code,1,0.7,0.9,28,0,1.53174,False,rejected,1
code,1,0.7,0.9,28,1,0.6952,True,stopped,1
code,1,0.7,0.9,29,0,2.01476,False,rejected,1
code,1,0.7,0.9,29,1,1.11262,True,stopped,1
code,1,0.7,0.9,30,0,1.35439,False,accepted,1
code,1,0.7,0.9,30,1,2.37016,True,stopped,1
code,1,0.7,0.9,31,0,0.00281,False,accepted,1
code,1,0.7,0.9,31,1,0.48737,True,stopped,1
code,1,0.7,0.9,32,0,0.73637,False,accepted,1
code,1,0.7,0.9,32,1,1.43186,True,stopped,1
code,1,0.7,0.9,33,0,0.07305,False,accepted,1
code,1,0.7,0.9,33,1,0.10039,True,stopped,1
code,1,0.7,0.9,34,0,0.94966,False,rejected,1
code,1,0.7,0.9,34,1,2.12754,True,stopped,1
code,1,0.7,0.9,35,0,1.07927,False,rejected,2
code,1,0.7,0.9,35,1,0.02351,False,untested,2
code,1,0.7,0.9,35,2,2.23089,True,stopped,2
code,1,0.7,0.9,36,0,0.77734,False,rejected,1
code,1,0.7,0.9,36,1,1.169,True,stopped,1
code,1,0.7,0.9,37,0,1.25682,False,accepted,1
code,1,0.7,0.9,37,1,0.92246,True,stopped,1
code,1,0.7,0.9,38,0,0.03129,False,accepted,1
code,1,0.7,0.9,38,1,0.55599,True,stopped,1
code,1,0.7,0.9,39,0,0.00027,False,accepted,1
code,1,0.7,0.9,39,1,0.31489,True,stopped,1
code,1,0.7,0.9,40,0,0.00052,False,accepted,1
code,1,0.7,0.9,40,1,0.24339,True,stopped,1
code,1,0.7,0.9,41,0,0.0054,False,accepted,6
code,1,0.7,0.9,41,1,2e-05,False,accepted,6
code,1,0.7,0.9,41,2,1e-05,False,accepted,6
code,1,0.7,0.9,41,3,0.00467,False,accepted,6
code,1,0.7,0.9,41,4,0.00315,False,accepted,6
code,1,0.7,0.9,41,5,0.00105,False,accepted,6
code,1,0.7,0.9,41,6,0.70699,True,stopped,6
code,1,0.7,0.9,42,0,0.01653,False,accepted,2
code,1,0.7,0.9,42,1,0.00966,False,accepted,2
code,1,0.7,0.9,42,2,0.06347,True,stopped,2
code,1,0.7,0.9,43,0,0.00663,False,accepted,2
code,1,0.7,0.9,43,1,1e-05,False,accepted,2
code,1,0.7,0.9,43,2,0.86141,True,stopped,2
code,1,0.7,0.9,44,0,0.61825,False,accepted,8
code,1,0.7,0.9,44,1,0.0,False,accepted,8
code,1,0.7,0.9,44,2,0.00051,False,accepted,8
code,1,0.7,0.9,44,3,1e-05,False,accepted,8
code,1,0.7,0.9,44,4,0.0,False,accepted,8
code,1,0.7,0.9,44,5,0.0,False,accepted,8
code,1,0.7,0.9,44,6,0.00023,False,accepted,8
code,1,0.7,0.9,44,7,8e-05,False,accepted,8
code,1,0.7,0.9,45,0,0.01583,False,accepted,4
code,1,0.7,0.9,45,1,0.00013,False,accepted,4
code,1,0.7,0.9,45,2,0.0,False,accepted,4
code,1,0.7,0.9,45,3,0.0,False,accepted,4
code,1,0.7,0.9,45,4,0.91695,True,stopped,4
code,1,0.7,0.9,46,0,0.0,False,accepted,1
code,1,0.7,0.9,46,1,0.06994,True,stopped,1
code,1,0.7,0.9,47,0,4e-05,False,accepted,5
code,1,0.7,0.9,47,1,0.00044,False,accepted,5
code,1,0.7,0.9,47,2,0.0,False,accepted,5
code,1,0.7,0.9,47,3,0.00194,False,accepted,5
code,1,0.7,0.9,47,4,1e-05,False,accepted,5
code,1,0.7,0.9,47,5,0.13559,True,stopped,5
code,1,0.7,0.9,48,0,0.00533,False,accepted,1
code,1,0.7,0.9,48,1,0.38725,True,stopped,1
code,1,0.7,0.9,49,0,0.00418,False,accepted,1
code,2,0.0,0.7,0,0,1.37299,False,accepted,4
code,2,0.0,0.7,0,1,0.0168,False,accepted,4
code,2,0.0,0.7,0,2,0.20468,False,accepted,4
code,2,0.0,0.7,0,3,0.00037,False,accepted,4
code,2,0.0,0.7,0,4,0.52291,True,stopped,4
code,2,0.0,0.7,1,0,0.2649,False,accepted,2
code,2,0.0,0.7,1,1,0.22896,False,accepted,2
code,2,0.0,0.7,1,2,1.81283,True,stopped,2
code,2,0.0,0.7,2,0,0.10582,False,accepted,1
code,2,0.0,0.7,2,1,0.48131,True,stopped,1
code,2,0.0,0.7,3,0,2.05797,False,rejected,1
code,2,0.0,0.7,3,1,0.81802,True,stopped,1
code,2,0.0,0.7,4,0,0.64229,False,accepted,1
code,2,0.0,0.7,4,1,1.09702,True,stopped,1
code,2,0.0,0.7,5,0,1.08576,False,accepted,8
code,2,0.0,0.7,5,1,0.0474,False,accepted,8
code,2,0.0,0.7,5,2,0.12242,False,accepted,8
code,2,0.0,0.7,5,3,0.00015,False,accepted,8
code,2,0.0,0.7,5,4,0.00109,False,accepted,8
code,2,0.0,0.7,5,5,0.04723,False,accepted,8
code,2,0.0,0.7,5,6,0.00195,False,accepted,8
code,2,0.0,0.7,5,7,0.01179,False,accepted,8
code,2,0.0,0.7,6,0,0.00397,False,accepted,6
code,2,0.0,0.7,6,1,0.00526,False,accepted,6
code,2,0.0,0.7,6,2,0.05772,False,accepted,6
code,2,0.0,0.7,6,3,0.00274,False,accepted,6
code,2,0.0,0.7,6,4,0.0043,False,accepted,6
code,2,0.0,0.7,6,5,0.00262,False,accepted,6
code,2,0.0,0.7,6,6,1.06022,True,stopped,6
code,2,0.0,0.7,7,0,0.00772,False,accepted,8
code,2,0.0,0.7,7,1,0.00041,False,accepted,8
code,2,0.0,0.7,7,2,6e-05,False,accepted,8
code,2,0.0,0.7,7,3,0.10022,False,accepted,8
code,2,0.0,0.7,7,4,0.30538,False,accepted,8
code,2,0.0,0.7,7,5,0.11135,False,accepted,8
code,2,0.0,0.7,7,6,0.00679,False,accepted,8
code,2,0.0,0.7,7,7,0.12171,False,accepted,8
code,2,0.0,0.7,8,0,0.00021,False,accepted,5
code,2,0.0,0.7,8,1,0.00017,False,accepted,5
code,2,0.0,0.7,8,2,3e-05,False,accepted,5
code,2,0.0,0.7,8,3,0.04823,False,accepted,5
code,2,0.0,0.7,8,4,0.00024,False,accepted,5
code,2,0.0,0.7,8,5,0.94761,True,stopped,5
code,2,0.0,0.7,9,0,0.41662,False,accepted,5
code,2,0.0,0.7,9,1,0.41895,False,accepted,5
code,2,0.0,0.7,9,2,0.02697,False,accepted,5
code,2,0.0,0.7,9,3,0.28468,False,accepted,5
code,2,0.0,0.7,9,4,0.21761,False,accepted,5
code,2,0.0,0.7,9,5,1.4563,True,stopped,5
code,2,0.0,0.7,10,0,0.00505,False,accepted,6
code,2,0.0,0.7,10,1,0.22046,False,accepted,6
code,2,0.0,0.7,10,2,0.0139,False,accepted,6
code,2,0.0,0.7,10,3,0.0603,False,accepted,6
code,2,0.0,0.7,10,4,2e-05,False,accepted,6
code,2,0.0,0.7,10,5,0.00081,False,accepted,6
code,2,0.0,0.7,10,6,0.9691,True,stopped,6
code,2,0.0,0.7,11,0,0.00105,False,accepted,4
code,2,0.0,0.7,11,1,0.16759,False,accepted,4
code,2,0.0,0.7,11,2,0.00052,False,accepted,4
code,2,0.0,0.7,11,3,0.02071,False,accepted,4
code,2,0.0,0.7,11,4,0.49846,True,stopped,4
code,2,0.0,0.7,12,0,0.00258,False,accepted,8
code,2,0.0,0.7,12,1,0.00013,False,accepted,8
code,2,0.0,0.7,12,2,0.02393,False,accepted,8
code,2,0.0,0.7,12,3,9e-05,False,accepted,8
code,2,0.0,0.7,12,4,0.3511,False,accepted,8
code,2,0.0,0.7,12,5,0.31826,False,accepted,8
code,2,0.0,0.7,12,6,0.01161,False,accepted,8
code,2,0.0,0.7,12,7,0.00545,False,accepted,8
code,2,0.0,0.7,13,0,0.00246,False,accepted,8
code,2,0.0,0.7,13,1,0.0062,False,accepted,8
code,2,0.0,0.7,13,2,0.10713,False,accepted,8
code,2,0.0,0.7,13,3,1e-05,False,accepted,8
code,2,0.0,0.7,13,4,0.00356,False,accepted,8
code,2,0.0,0.7,13,5,0.40082,False,accepted,8
code,2,0.0,0.7,13,6,4e-05,False,accepted,8
code,2,0.0,0.7,13,7,0.0041,False,accepted,8
code,2,0.0,0.7,14,0,0.00459,False,accepted,8
code,2,0.0,0.7,14,1,0.0,False,accepted,8
code,2,0.0,0.7,14,2,0.0,False,accepted,8
code,2,0.0,0.7,14,3,0.00735,False,accepted,8
code,2,0.0,0.7,14,4,5e-05,False,accepted,8
code,2,0.0,0.7,14,5,0.00167,False,accepted,8
code,2,0.0,0.7,14,6,0.2675,False,accepted,8
code,2,0.0,0.7,14,7,0.00018,False,accepted,8
code,2,0.0,0.7,15,0,0.05433,False,accepted,4
code,2,0.0,0.7,15,1,0.00183,False,accepted,4
code,2,0.0,0.7,15,2,0.00016,False,accepted,4
code,2,0.0,0.7,15,3,0.00659,False,accepted,4
code,2,0.0,0.7,15,4,0.80579,True,stopped,4
code,2,0.0,0.7,16,0,0.42526,False,accepted,8
code,2,0.0,0.7,16,1,0.07432,False,accepted,8
code,2,0.0,0.7,16,2,0.01308,False,accepted,8
code,2,0.0,0.7,16,3,0.00043,False,accepted,8
code,2,0.0,0.7,16,4,0.3154,False,accepted,8
code,2,0.0,0.7,16,5,0.0005,False,accepted,8
code,2,0.0,0.7,16,6,0.00012,False,accepted,8
code,2,0.0,0.7,16,7,0.00163,False,accepted,8
code,2,0.0,0.7,17,0,1e-05,False,accepted,8
code,2,0.0,0.7,17,1,0.00768,False,accepted,8
code,2,0.0,0.7,17,2,0.00241,False,accepted,8
code,2,0.0,0.7,17,3,0.04731,False,accepted,8
code,2,0.0,0.7,17,4,0.00027,False,accepted,8
code,2,0.0,0.7,17,5,0.0968,False,accepted,8
code,2,0.0,0.7,17,6,0.00029,False,accepted,8
code,2,0.0,0.7,17,7,3e-05,False,accepted,8
code,2,0.0,0.7,18,0,0.00031,False,accepted,8
code,2,0.0,0.7,18,1,0.00072,False,accepted,8
code,2,0.0,0.7,18,2,0.00013,False,accepted,8
code,2,0.0,0.7,18,3,0.0066,False,accepted,8
code,2,0.0,0.7,18,4,0.08333,False,accepted,8
code,2,0.0,0.7,18,5,0.25267,False,accepted,8
code,2,0.0,0.7,18,6,0.00387,False,accepted,8
code,2,0.0,0.7,18,7,0.2223,False,accepted,8
code,2,0.0,0.7,19,0,0.33273,False,accepted,1
code,2,0.0,0.7,19,1,0.74819,True,stopped,1
code,2,0.0,0.7,20,0,9e-05,False,accepted,4
code,2,0.0,0.7,20,1,0.00019,False,accepted,4
code,2,0.0,0.7,20,2,0.2036,False,accepted,4
code,2,0.0,0.7,20,3,1e-05,False,accepted,4
code,2,0.7,0.7,0,0,0.85911,False,rejected,3
code,2,0.7,0.7,0,1,0.0885,False,untested,3
code,2,0.7,0.7,0,2,0.0003,False,untested,3
code,2,0.7,0.7,0,3,0.72511,True,stopped,3
code,2,0.7,0.7,1,0,0.00159,False,accepted,6
code,2,0.7,0.7,1,1,0.0518,False,accepted,6
code,2,0.7,0.7,1,2,0.0,False,accepted,6
code,2,0.7,0.7,1,3,0.37127,False,accepted,6
code,2,0.7,0.7,1,4,0.07078,False,rejected,6
code,2,0.7,0.7,1,5,0.08938,False,untested,6
code,2,0.7,0.7,1,6,1.3576,True,stopped,6
code,2,0.7,0.7,2,0,0.71526,False,accepted,2
code,2,0.7,0.7,2,1,0.04839,False,accepted,2
code,2,0.7,0.7,2,2,1.23426,True,stopped,2
code,2,0.7,0.7,3,0,0.01189,False,accepted,2
code,2,0.7,0.7,3,1,0.03693,False,accepted,2
code,2,0.7,0.7,3,2,1.73698,True,stopped,2
code,2,0.7,0.7,4,0,0.37108,False,accepted,1
code,2,0.7,0.7,4,1,0.70873,True,stopped,1
code,2,0.7,0.7,5,0,0.59716,False,rejected,2
code,2,0.7,0.7,5,1,0.19612,False,untested,2
code,2,0.7,0.7,5,2,1.08611,True,stopped,2
code,2,0.7,0.7,6,0,0.2747,False,accepted,8
code,2,0.7,0.7,6,1,0.00111,False,accepted,8
code,2,0.7,0.7,6,2,0.02887,False,accepted,8
code,2,0.7,0.7,6,3,0.0,False,accepted,8
code,2,0.7,0.7,6,4,2e-05,False,accepted,8
code,2,0.7,0.7,6,5,0.00278,False,accepted,8
code,2,0.7,0.7,6,6,6e-05,False,accepted,8
code,2,0.7,0.7,6,7,0.00049,False,accepted,8
code,2,0.7,0.7,7,0,8e-05,False,accepted,4
code,2,0.7,0.7,7,1,0.0005,False,accepted,4
code,2,0.7,0.7,7,2,0.00684,False,accepted,4
code,2,0.7,0.7,7,3,3e-05,False,accepted,4
code,2,0.7,0.7,7,4,0.95117,True,stopped,4
code,2,0.7,0.7,8,0,0.92951,False,accepted,1
code,2,0.7,0.7,8,1,0.87215,True,stopped,1
code,2,0.7,0.7,9,0,1.14694,False,rejected,4
code,2,0.7,0.7,9,1,5e-05,False,untested,4
code,2,0.7,0.7,9,2,0.01972,False,untested,4
code,2,0.7,0.7,9,3,0.00045,False,untested,4
code,2,0.7,0.7,9,4,1.45265,True,stopped,4
code,2,0.7,0.7,10,0,0.70907,False,accepted,2
code,2,0.7,0.7,10,1,0.23562,False,accepted,2
code,2,0.7,0.7,10,2,0.73959,True,stopped,2
code,2,0.7,0.7,11,0,0.0192,False,accepted,1
code,2,0.7,0.7,11,1,0.56099,True,stopped,1
code,2,0.7,0.7,12,0,0.004,False,accepted,8
code,2,0.7,0.7,12,1,3e-05,False,accepted,8
code,2,0.7,0.7,12,2,0.15708,False,accepted,8
code,2,0.7,0.7,12,3,4e-05,False,accepted,8
code,2,0.7,0.7,12,4,2e-05,False,accepted,8
code,2,0.7,0.7,12,5,1e-05,False,accepted,8
code,2,0.7,0.7,12,6,0.12541,False,accepted,8
code,2,0.7,0.7,12,7,0.30308,False,accepted,8
code,2,0.7,0.7,13,0,0.00044,False,accepted,4
code,2,0.7,0.7,13,1,3e-05,False,accepted,4
code,2,0.7,0.7,13,2,0.00081,False,accepted,4
code,2,0.7,0.7,13,3,0.00978,False,accepted,4
code,2,0.7,0.7,13,4,0.63781,True,stopped,4
code,2,0.7,0.7,14,0,0.641,False,rejected,8
code,2,0.7,0.7,14,1,0.28679,False,untested,8
code,2,0.7,0.7,14,2,0.00764,False,untested,8
code,2,0.7,0.7,14,3,0.00021,False,untested,8
code,2,0.7,0.7,14,4,0.07402,False,untested,8
code,2,0.7,0.7,14,5,0.0,False,untested,8
code,2,0.7,0.7,14,6,0.0,False,untested,8
code,2,0.7,0.7,14,7,0.06046,False,untested,8
code,2,0.7,0.7,15,0,0.25463,False,accepted,1
code,2,0.7,0.7,15,1,0.60197,True,stopped,1
code,2,0.7,0.7,16,0,2e-05,False,accepted,8
code,2,0.7,0.7,16,1,0.00532,False,accepted,8
code,2,0.7,0.7,16,2,0.12789,False,accepted,8
code,2,0.7,0.7,16,3,0.11416,False,rejected,8
code,2,0.7,0.7,16,4,0.01052,False,untested,8
code,2,0.7,0.7,16,5,0.00019,False,untested,8
code,2,0.7,0.7,16,6,0.00665,False,untested,8
code,2,0.7,0.7,16,7,1e-05,False,untested,8
code,2,0.7,0.7,17,0,0.0,False,accepted,8
code,2,0.7,0.7,17,1,0.00062,False,accepted,8
code,2,0.7,0.7,17,2,2e-05,False,accepted,8
code,2,0.7,0.7,17,3,2e-05,False,accepted,8
code,2,0.7,0.7,17,4,0.22808,False,accepted,8
code,2,0.7,0.7,17,5,0.02051,False,accepted,8
code,2,0.7,0.7,17,6,0.23905,False,accepted,8
code,2,0.7,0.7,17,7,0.00364,False,accepted,8
code,2,0.7,0.7,18,0,0.00976,False,accepted,8
code,2,0.7,0.7,18,1,1e-05,False,accepted,8
code,2,0.7,0.7,18,2,0.05163,False,accepted,8
code,2,0.7,0.7,18,3,9e-05,False,accepted,8
code,2,0.7,0.7,18,4,0.00211,False,accepted,8
code,2,0.7,0.7,18,5,0.00016,False,accepted,8
code,2,0.7,0.7,18,6,5e-05,False,accepted,8
code,2,0.7,0.7,18,7,1e-05,False,accepted,8
code,2,0.7,0.7,19,0,7e-05,False,accepted,8
code,2,0.7,0.7,19,1,0.04303,False,accepted,8
code,2,0.7,0.7,19,2,0.20799,False,accepted,8
code,2,0.7,0.7,19,3,4e-05,False,accepted,8
code,2,0.7,0.7,19,4,1e-05,False,accepted,8
code,2,0.7,0.7,19,5,2e-05,False,accepted,8
code,2,0.7,0.7,19,6,0.00047,False,accepted,8
code,2,0.7,0.7,19,7,0.15214,False,accepted,8
code,2,0.7,0.7,20,0,0.0,False,accepted,8
code,2,0.7,0.7,20,1,1e-05,False,accepted,8
code,2,0.7,0.7,20,2,0.00994,False,accepted,8
code,2,0.7,0.7,20,3,0.15065,False,accepted,8
code,2,0.7,0.7,20,4,0.02055,False,accepted,8
code,2,0.7,0.7,20,5,0.00158,False,accepted,8
code,2,0.7,0.7,20,6,0.02018,False,accepted,8
code,2,0.7,0.7,20,7,0.00018,False,accepted,8
code,2,0.7,0.7,21,0,0.0,False,accepted,4
code,2,0.7,0.7,21,1,0.0,False,accepted,4
code,2,0.7,0.7,21,2,0.01725,False,accepted,4
code,2,0.7,0.7,21,3,0.0,False,accepted,4
code,2,0.7,0.7,21,4,1.1305,True,stopped,4
code,2,0.7,0.7,22,0,0.03039,False,accepted,8
code,2,0.7,0.7,22,1,0.24022,False,rejected,8
code,2,0.7,0.7,22,2,0.00447,False,untested,8
code,2,0.7,0.7,22,3,0.29133,False,untested,8
code,2,0.7,0.7,22,4,0.01891,False,untested,8
code,2,0.7,0.7,22,5,0.00036,False,untested,8
code,2,0.7,0.7,22,6,0.00144,False,untested,8
code,2,0.7,0.7,22,7,0.01654,False,untested,8
code,2,0.7,0.7,23,0,0.00135,False,accepted,3
code,2,0.7,0.7,23,1,0.18685,False,accepted,3
code,2,0.7,0.7,23,2,0.05031,False,accepted,3
code,2,0.7,0.7,23,3,0.87479,True,stopped,3
code,2,0.7,0.7,24,0,0.30794,False,accepted,2
code,2,0.7,0.7,24,1,0.28752,False,accepted,2
code,2,0.7,0.7,24,2,0.79479,True,stopped,2
code,2,0.7,0.7,25,0,0.00138,False,accepted,8
code,2,0.7,0.7,25,1,0.0,False,accepted,8
code,2,0.7,0.7,25,2,2e-05,False,accepted,8
code,2,0.7,0.7,25,3,0.35378,False,accepted,8
code,2,0.7,0.7,25,4,1e-05,False,accepted,8
code,2,0.7,0.7,25,5,0.08443,False,accepted,8
code,2,0.7,0.7,25,6,1e-05,False,accepted,8
code,2,0.7,0.7,25,7,0.00286,False,accepted,8
code,2,0.7,0.7,26,0,8e-05,False,accepted,8
code,2,0.7,0.7,26,1,0.0,False,accepted,8
code,2,0.7,0.7,26,2,0.0033,False,accepted,8
code,2,0.7,0.7,26,3,0.0,False,accepted,8
code,2,0.7,0.7,26,4,0.04895,False,accepted,8
code,2,0.7,0.7,26,5,0.10675,False,accepted,8
code,2,0.7,0.7,26,6,0.00019,False,accepted,8
code,2,0.7,0.7,26,7,0.00095,False,accepted,8
code,2,0.7,0.7,27,0,0.00024,False,accepted,1
code,3,0.0,0.7,0,0,0.63332,False,rejected,1
code,3,0.0,0.7,0,1,1.93976,True,stopped,1
code,3,0.0,0.7,1,0,0.02153,False,accepted,1
code,3,0.0,0.7,1,1,1.05574,True,stopped,1
code,3,0.0,0.7,2,0,1.76073,False,rejected,7
code,3,0.0,0.7,2,1,0.0696,False,untested,7
code,3,0.0,0.7,2,2,0.06103,False,untested,7
code,3,0.0,0.7,2,3,0.02191,False,untested,7
code,3,0.0,0.7,2,4,5e-05,False,untested,7
code,3,0.0,0.7,2,5,0.00971,False,untested,7
code,3,0.0,0.7,2,6,0.23827,False,untested,7
code,3,0.0,0.7,2,7,0.4535,True,stopped,7
code,3,0.0,0.7,3,0,0.01342,False,accepted,6
code,3,0.0,0.7,3,1,0.02485,False,accepted,6
code,3,0.0,0.7,3,2,0.01417,False,accepted,6
code,3,0.0,0.7,3,3,4e-05,False,accepted,6
code,3,0.0,0.7,3,4,0.01037,False,accepted,6
code,3,0.0,0.7,3,5,0.2588,False,accepted,6
code,3,0.0,0.7,3,6,0.44136,True,stopped,6
code,3,0.0,0.7,4,0,0.02348,False,accepted,3
code,3,0.0,0.7,4,1,0.0217,False,accepted,3
code,3,0.0,0.7,4,2,0.11139,False,accepted,3
code,3,0.0,0.7,4,3,0.99503,True,stopped,3
code,3,0.0,0.7,5,0,0.64049,False,accepted,1
code,3,0.0,0.7,5,1,0.82107,True,stopped,1
code,3,0.0,0.7,6,0,0.40671,False,accepted,1
code,3,0.0,0.7,6,1,1.00454,True,stopped,1
code,3,0.0,0.7,7,0,1.61491,False,accepted,2
code,3,0.0,0.7,7,1,0.13558,False,accepted,2
code,3,0.0,0.7,7,2,0.95196,True,stopped,2
code,3,0.0,0.7,8,0,1.66528,False,accepted,5
code,3,0.0,0.7,8,1,0.32463,False,accepted,5
code,3,0.0,0.7,8,2,0.22704,False,accepted,5
code,3,0.0,0.7,8,3,0.24561,False,accepted,5
code,3,0.0,0.7,8,4,0.00386,False,accepted,5
code,3,0.0,0.7,8,5,0.61969,True,stopped,5
code,3,0.0,0.7,9,0,0.21848,False,accepted,6
code,3,0.0,0.7,9,1,0.21091,False,accepted,6
code,3,0.0,0.7,9,2,0.00602,False,accepted,6
code,3,0.0,0.7,9,3,0.00633,False,accepted,6
code,3,0.0,0.7,9,4,0.0008,False,accepted,6
code,3,0.0,0.7,9,5,0.01479,False,accepted,6
code,3,0.0,0.7,9,6,1.53782,True,stopped,6
code,3,0.0,0.7,10,0,2.36334,False,accepted,1
code,3,0.0,0.7,10,1,2.72536,True,stopped,1
code,3,0.0,0.7,11,0,0.56518,False,accepted,3
code,3,0.0,0.7,11,1,0.34968,False,accepted,3
code,3,0.0,0.7,11,2,0.1821,False,accepted,3
code,3,0.0,0.7,11,3,1.16476,True,stopped,3
code,3,0.0,0.7,12,0,1.81185,False,accepted,1
code,3,0.0,0.7,12,1,0.82563,True,stopped,1
code,3,0.0,0.7,13,0,2.06183,False,rejected,5
code,3,0.0,0.7,13,1,0.20733,False,untested,5
code,3,0.0,0.7,13,2,0.39028,False,untested,5
code,3,0.0,0.7,13,3,0.27702,False,untested,5
code,3,0.0,0.7,13,4,0.12918,False,untested,5
code,3,0.0,0.7,13,5,1.08896,True,stopped,5
code,3,0.0,0.7,14,0,0.75249,False,accepted,2
code,3,0.0,0.7,14,1,0.31563,False,accepted,2
code,3,0.0,0.7,14,2,1.65607,True,stopped,2
code,3,0.0,0.7,15,0,0.40575,False,accepted,1
code,3,0.0,0.7,15,1,0.9701,True,stopped,1
code,3,0.0,0.7,16,0,1.17579,False,rejected,2
code,3,0.0,0.7,16,1,1e-05,False,untested,2
code,3,0.0,0.7,16,2,1.67321,True,stopped,2
code,3,0.0,0.7,17,0,0.87131,False,accepted,1
code,3,0.0,0.7,17,1,1.0402,True,stopped,1
code,3,0.0,0.7,18,0,0.66901,False,accepted,2
code,3,0.0,0.7,18,1,0.07661,False,accepted,2
code,3,0.0,0.7,18,2,1.31928,True,stopped,2
code,3,0.0,0.7,19,0,0.00911,False,accepted,4
code,3,0.0,0.7,19,1,0.00201,False,accepted,4
code,3,0.0,0.7,19,2,1e-05,False,accepted,4
code,3,0.0,0.7,19,3,0.03119,False,accepted,4
code,3,0.0,0.7,19,4,1.33527,True,stopped,4
code,3,0.0,0.7,20,0,0.00073,False,accepted,2
code,3,0.0,0.7,20,1,0.35774,False,accepted,2
code,3,0.0,0.7,20,2,0.75259,True,stopped,2
code,3,0.0,0.7,21,0,0.97172,False,rejected,1
code,3,0.0,0.7,21,1,0.64038,True,stopped,1
code,3,0.0,0.7,22,0,0.24847,False,accepted,2
code,3,0.0,0.7,22,1,0.01293,False,accepted,2
code,3,0.0,0.7,22,2,0.68961,True,stopped,2
code,3,0.0,0.7,23,0,2e-05,False,accepted,3
code,3,0.0,0.7,23,1,0.05489,False,accepted,3
code,3,0.0,0.7,23,2,0.00551,False,accepted,3
code,3,0.0,0.7,23,3,0.72599,True,stopped,3
code,3,0.0,0.7,24,0,0.06727,False,accepted,8
code,3,0.0,0.7,24,1,0.01009,False,accepted,8
code,3,0.0,0.7,24,2,0.01594,False,accepted,8
code,3,0.0,0.7,24,3,0.00083,False,accepted,8
code,3,0.0,0.7,24,4,0.07896,False,accepted,8
code,3,0.0,0.7,24,5,0.31836,False,accepted,8
code,3,0.0,0.7,24,6,0.02105,False,accepted,8
code,3,0.0,0.7,24,7,0.01139,False,accepted,8
code,3,0.0,0.7,25,0,0.01229,False,accepted,1
code,3,0.0,0.7,25,1,0.44669,True,stopped,1
code,3,0.0,0.7,26,0,0.09331,False,accepted,8
code,3,0.0,0.7,26,1,0.00639,False,accepted,8
code,3,0.0,0.7,26,2,0.0022,False,accepted,8
code,3,0.0,0.7,26,3,0.00822,False,accepted,8
code,3,0.0,0.7,26,4,6e-05,False,accepted,8
code,3,0.0,0.7,26,5,0.02701,False,accepted,8
code,3,0.0,0.7,26,6,0.01478,False,accepted,8
code,3,0.0,0.7,26,7,0.00931,False,accepted,8
code,3,0.0,0.7,27,0,0.00172,False,accepted,4
code,3,0.0,0.7,27,1,8e-05,False,accepted,4
code,3,0.0,0.7,27,2,0.00894,False,accepted,4
code,3,0.0,0.7,27,3,0.00024,False,accepted,4
code,3,0.0,0.7,27,4,0.65758,True,stopped,4
code,3,0.0,0.7,28,0,0.00628,False,accepted,8
code,3,0.0,0.7,28,1,0.00284,False,accepted,8
code,3,0.0,0.7,28,2,0.00035,False,accepted,8
code,3,0.0,0.7,28,3,0.00032,False,accepted,8
code,3,0.0,0.7,28,4,0.00868,False,accepted,8
code,3,0.0,0.7,28,5,0.00022,False,accepted,8
code,3,0.0,0.7,28,6,0.00104,False,accepted,8
code,3,0.0,0.7,28,7,0.0314,False,accepted,8
code,3,0.0,0.7,29,0,0.00047,False,accepted,4
code,3,0.0,0.7,29,1,3e-05,False,accepted,4
code,3,0.0,0.7,29,2,0.00761,False,accepted,4
code,3,0.0,0.7,29,3,0.00218,False,accepted,4
code,3,0.0,0.7,29,4,0.80385,True,stopped,4
code,3,0.0,0.7,30,0,0.00264,False,accepted,8
code,3,0.0,0.7,30,1,0.00226,False,accepted,8
code,3,0.0,0.7,30,2,0.15355,False,accepted,8
code,3,0.0,0.7,30,3,0.02283,False,accepted,8
code,3,0.0,0.7,30,4,0.0011,False,accepted,8
code,3,0.0,0.7,30,5,0.00137,False,accepted,8
code,3,0.0,0.7,30,6,2e-05,False,accepted,8
code,3,0.0,0.7,30,7,0.02425,False,accepted,8
code,3,0.0,0.7,31,0,0.0002,False,accepted,8
code,3,0.0,0.7,31,1,0.07279,False,accepted,8
code,3,0.0,0.7,31,2,0.03653,False,accepted,8
code,3,0.0,0.7,31,3,0.04017,False,accepted,8
code,3,0.0,0.7,31,4,0.00023,False,accepted,8
code,3,0.0,0.7,31,5,8e-05,False,accepted,8
code,3,0.0,0.7,31,6,0.01916,False,accepted,8
code,3,0.0,0.7,31,7,0.00023,False,accepted,8
code,3,0.7,0.7,0,0,0.28745,False,rejected,1
code,3,0.7,0.7,0,1,1.41204,True,stopped,1
code,3,0.7,0.7,1,0,0.00225,False,accepted,1
code,3,0.7,0.7,1,1,0.57594,True,stopped,1
code,3,0.7,0.7,2,0,1.0886,False,rejected,8
code,3,0.7,0.7,2,1,0.01356,False,untested,8
code,3,0.7,0.7,2,2,0.00573,False,untested,8
code,3,0.7,0.7,2,3,0.00152,False,untested,8
code,3,0.7,0.7,2,4,0.0,False,untested,8
code,3,0.7,0.7,2,5,0.00031,False,untested,8
code,3,0.7,0.7,2,6,0.05005,False,untested,8
code,3,0.7,0.7,2,7,0.19653,False,untested,8
code,3,0.7,0.7,3,0,0.00066,False,accepted,8
code,3,0.7,0.7,3,1,0.00098,False,accepted,8
code,3,0.7,0.7,3,2,0.00086,False,accepted,8
code,3,0.7,0.7,3,3,0.0,False,accepted,8
code,3,0.7,0.7,3,4,0.00033,False,accepted,8
code,3,0.7,0.7,3,5,0.05491,False,accepted,8
code,3,0.7,0.7,3,6,0.18908,False,rejected,8
code,3,0.7,0.7,3,7,0.00029,False,untested,8
code,3,0.7,0.7,4,0,0.00289,False,accepted,3
code,3,0.7,0.7,4,1,0.01531,False,accepted,3
code,3,0.7,0.7,4,2,0.0005,False,accepted,3
code,3,0.7,0.7,4,3,0.50574,True,stopped,3
code,3,0.7,0.7,5,0,0.37225,False,accepted,1
code,3,0.7,0.7,5,1,0.45983,True,stopped,1
code,3,0.7,0.7,6,0,0.99468,False,accepted,2
code,3,0.7,0.7,6,1,0.18998,False,accepted,2
code,3,0.7,0.7,6,2,0.86506,True,stopped,2
code,3,0.7,0.7,7,0,0.28129,False,accepted,8
code,3,0.7,0.7,7,1,0.14083,False,accepted,8
code,3,0.7,0.7,7,2,0.25705,False,rejected,8
code,3,0.7,0.7,7,3,0.00444,False,untested,8
code,3,0.7,0.7,7,4,0.12464,False,untested,8
code,3,0.7,0.7,7,5,0.16542,False,untested,8
code,3,0.7,0.7,7,6,0.10293,False,untested,8
code,3,0.7,0.7,7,7,0.00151,False,untested,8
code,3,0.7,0.7,8,0,0.00016,False,accepted,1
code,3,0.7,0.7,8,1,0.68587,True,stopped,1
code,3,0.7,0.7,9,0,0.0991,False,accepted,6
code,3,0.7,0.7,9,1,0.08783,False,accepted,6
code,3,0.7,0.7,9,2,0.00012,False,accepted,6
code,3,0.7,0.7,9,3,0.00012,False,accepted,6
code,3,0.7,0.7,9,4,2e-05,False,accepted,6
code,3,0.7,0.7,9,5,0.00078,False,accepted,6
code,3,0.7,0.7,9,6,1.14694,True,stopped,6
code,3,0.7,0.7,10,0,0.2616,False,accepted,5
code,3,0.7,0.7,10,1,0.20837,False,accepted,5
code,3,0.7,0.7,10,2,0.02407,False,accepted,5
code,3,0.7,0.7,10,3,5e-05,False,accepted,5
code,3,0.7,0.7,10,4,0.09937,False,accepted,5
code,3,0.7,0.7,10,5,0.64307,True,stopped,5
code,3,0.7,0.7,11,0,1.66069,False,accepted,1
code,3,0.7,0.7,11,1,2.04509,True,stopped,1
code,3,0.7,0.7,12,0,0.69719,False,rejected,1
code,3,0.7,0.7,12,1,0.69574,True,stopped,1
code,3,0.7,0.7,13,0,0.18127,False,accepted,2
code,3,0.7,0.7,13,1,0.02201,False,accepted,2
code,3,0.7,0.7,13,2,0.86587,True,stopped,2
code,3,0.7,0.7,14,0,0.46045,False,accepted,2
code,3,0.7,0.7,14,1,0.22126,False,accepted,2
code,3,0.7,0.7,14,2,0.49003,True,stopped,2
code,3,0.7,0.7,15,0,0.22403,False,rejected,1
code,3,0.7,0.7,15,1,1.30001,True,stopped,1
code,3,0.7,0.7,16,0,1.34805,False,rejected,5
code,3,0.7,0.7,16,1,0.00685,False,untested,5
code,3,0.7,0.7,16,2,0.10539,False,untested,5
code,3,0.7,0.7,16,3,0.09532,False,untested,5
code,3,0.7,0.7,16,4,0.02214,False,untested,5
code,3,0.7,0.7,16,5,0.68802,True,stopped,5
code,3,0.7,0.7,17,0,0.69608,False,rejected,4
code,3,0.7,0.7,17,1,0.16255,False,untested,4
code,3,0.7,0.7,17,2,0.00229,False,untested,4
code,3,0.7,0.7,17,3,0.1854,False,untested,4
code,3,0.7,0.7,17,4,1.41794,True,stopped,4
code,3,0.7,0.7,18,0,0.02686,False,accepted,1
code,3,0.7,0.7,18,1,0.57581,True,stopped,1
code,3,0.7,0.7,19,0,0.00559,False,accepted,1
code,3,0.7,0.7,19,1,0.52035,True,stopped,1
code,3,0.7,0.7,20,0,0.98626,False,rejected,1
code,3,0.7,0.7,20,1,1.81121,True,stopped,1
code,3,0.7,0.7,21,0,0.00841,False,accepted,3
code,3,0.7,0.7,21,1,0.02209,False,accepted,3
code,3,0.7,0.7,21,2,0.19621,False,accepted,3
code,3,0.7,0.7,21,3,1.00869,True,stopped,3
code,3,0.7,0.7,22,0,0.0,False,accepted,1
code,3,0.7,0.7,22,1,1.09598,True,stopped,1
code,3,0.7,0.7,23,0,0.85486,False,accepted,1
code,3,0.7,0.7,23,1,1.04652,True,stopped,1
code,3,0.7,0.7,24,0,0.02687,False,accepted,2
code,3,0.7,0.7,24,1,0.19057,False,accepted,2
code,3,0.7,0.7,24,2,0.44913,True,stopped,2
code,3,0.7,0.7,25,0,0.28432,False,accepted,1
code,3,0.7,0.7,25,1,0.72922,True,stopped,1
code,3,0.7,0.7,26,0,0.11128,False,accepted,6
code,3,0.7,0.7,26,1,0.00676,False,accepted,6
code,3,0.7,0.7,26,2,0.07881,False,accepted,6
code,3,0.7,0.7,26,3,0.04022,False,accepted,6
code,3,0.7,0.7,26,4,1e-05,False,accepted,6
code,3,0.7,0.7,26,5,0.37113,False,accepted,6
code,3,0.7,0.7,26,6,0.62098,True,stopped,6
code,3,0.7,0.7,27,0,0.00904,False,accepted,1
code,3,0.7,0.7,27,1,0.73826,True,stopped,1
code,3,0.7,0.7,28,0,0.09244,False,accepted,5
code,3,0.7,0.7,28,1,0.02929,False,accepted,5
code,3,0.7,0.7,28,2,0.00067,False,accepted,5
code,3,0.7,0.7,28,3,0.0001,False,accepted,5
code,3,0.7,0.7,28,4,0.0,False,accepted,5
code,3,0.7,0.7,28,5,0.99832,True,stopped,5
code,3,0.7,0.7,29,0,0.40712,False,accepted,2
code,3,0.7,0.7,29,1,0.21017,False,accepted,2
code,3,0.7,0.7,29,2,0.72574,True,stopped,2
code,3,0.7,0.7,30,0,0.10117,False,accepted,3
code,3,0.7,0.7,30,1,0.00138,False,accepted,3
code,3,0.7,0.7,30,2,0.00184,False,accepted,3
code,3,0.7,0.7,30,3,0.87081,True,stopped,3
code,3,0.7,0.7,31,0,0.15244,False,accepted,7
code,3,0.7,0.7,31,1,0.16521,False,accepted,7
code,3,0.7,0.7,31,2,0.00445,False,accepted,7
code,3,0.7,0.7,31,3,0.00015,False,accepted,7
code,3,0.7,0.7,31,4,5e-05,False,accepted,7
code,3,0.7,0.7,31,5,0.0,False,accepted,7
code,3,0.7,0.7,31,6,0.00183,False,accepted,7
code,3,0.7,0.7,31,7,0.82089,True,stopped,7
code,3,0.7,0.7,32,0,2e-05,False,accepted,2
code,3,0.7,0.7,32,1,0.28416,False,accepted,2
code,3,0.7,0.7,32,2,0.50533,True,stopped,2
code,3,0.7,0.7,33,0,0.8046,False,rejected,1
code,3,0.7,0.7,33,1,0.57409,True,stopped,1
code,3,0.7,0.7,34,0,0.02127,False,accepted,2
code,3,0.7,0.7,34,1,0.00017,False,accepted,2
code,3,0.7,0.7,34,2,0.6368,True,stopped,2
code,3,0.7,0.7,35,0,0.0,False,accepted,3
code,3,0.7,0.7,35,1,0.00061,False,accepted,3
code,3,0.7,0.7,35,2,0.00011,False,accepted,3
code,3,0.7,0.7,35,3,0.69805,True,stopped,3
code,3,0.7,0.7,36,0,0.02535,False,rejected,8
code,3,0.7,0.7,36,1,0.00084,False,untested,8
code,3,0.7,0.7,36,2,0.00108,False,untested,8
code,3,0.7,0.7,36,3,4e-05,False,untested,8
code,3,0.7,0.7,36,4,0.01233,False,untested,8
code,3,0.7,0.7,36,5,0.09376,False,untested,8
code,3,0.7,0.7,36,6,0.00039,False,untested,8
code,3,0.7,0.7,36,7,0.00062,False,untested,8
code,3,0.7,0.7,37,0,0.01173,False,accepted,8
code,3,0.7,0.7,37,1,2e-05,False,accepted,8
code,3,0.7,0.7,37,2,0.00921,False,accepted,8
code,3,0.7,0.7,37,3,0.09406,False,accepted,8
code,3,0.7,0.7,37,4,0.00038,False,accepted,8
code,3,0.7,0.7,37,5,0.00062,False,accepted,8
code,3,0.7,0.7,37,6,0.00265,False,accepted,8
code,3,0.7,0.7,37,7,0.00147,False,accepted,8
code,3,0.7,0.7,38,0,0.00384,False,accepted,8
code,3,0.7,0.7,38,1,0.00054,False,accepted,8
code,3,0.7,0.7,38,2,9e-05,False,accepted,8
code,3,0.7,0.7,38,3,0.00028,False,accepted,8
code,3,0.7,0.7,38,4,0.0,False,accepted,8
code,3,0.7,0.7,38,5,0.00222,False,accepted,8
code,3,0.7,0.7,38,6,0.00276,False,accepted,8
code,3,0.7,0.7,38,7,0.00165,False,accepted,8
code,4,0.0,0.7,0,0,1.83397,False,accepted,2
code,4,0.0,0.7,0,1,0.02347,False,accepted,2
code,4,0.0,0.7,0,2,1.95381,True,stopped,2
code,4,0.0,0.7,1,0,0.04548,False,accepted,1
code,4,0.0,0.7,1,1,1.63082,True,stopped,1
code,4,0.0,0.7,2,0,0.98362,False,accepted,1
code,4,0.0,0.7,2,1,1.028,True,stopped,1
code,4,0.0,0.7,3,0,1.05568,False,accepted,2
code,4,0.0,0.7,3,1,0.35247,False,accepted,2
code,4,0.0,0.7,3,2,2.3928,True,stopped,2
code,4,0.0,0.7,4,0,0.38675,False,accepted,1
code,4,0.0,0.7,4,1,1.93173,True,stopped,1
code,4,0.0,0.7,5,0,0.48303,False,accepted,2
code,4,0.0,0.7,5,1,0.00013,False,accepted,2
code,4,0.0,0.7,5,2,1.35711,True,stopped,2
code,4,0.0,0.7,6,0,0.43351,False,accepted,1
code,4,0.0,0.7,6,1,1.39597,True,stopped,1
code,4,0.0,0.7,7,0,0.29649,False,accepted,1
code,4,0.0,0.7,7,1,2.09055,True,stopped,1
code,4,0.0,0.7,8,0,2.47976,False,rejected,3
code,4,0.0,0.7,8,1,0.33276,False,untested,3
code,4,0.0,0.7,8,2,0.03994,False,untested,3
code,4,0.0,0.7,8,3,1.85716,True,stopped,3
code,4,0.0,0.7,9,0,2.53617,False,accepted,1
code,4,0.0,0.7,9,1,1.88348,True,stopped,1
code,4,0.0,0.7,10,0,0.06741,False,accepted,1
code,4,0.0,0.7,10,1,0.96908,True,stopped,1
code,4,0.0,0.7,11,0,1.90066,False,accepted,1
code,4,0.0,0.7,11,1,0.90003,True,stopped,1
code,4,0.0,0.7,12,0,0.16135,False,accepted,1
code,4,0.0,0.7,12,1,2.06285,True,stopped,1
code,4,0.0,0.7,13,0,3.28445,False,accepted,1
code,4,0.0,0.7,13,1,1.09446,True,stopped,1
code,4,0.0,0.7,14,0,0.09238,False,accepted,1
code,4,0.0,0.7,14,1,0.86648,True,stopped,1
code,4,0.0,0.7,15,0,0.14202,False,accepted,1
code,4,0.0,0.7,15,1,2.28769,True,stopped,1
code,4,0.0,0.7,16,0,1.23342,False,accepted,1
code,4,0.0,0.7,16,1,2.31587,True,stopped,1
code,4,0.0,0.7,17,0,3.13219,False,rejected,1
code,4,0.0,0.7,17,1,0.98683,True,stopped,1
code,4,0.0,0.7,18,0,0.01371,False,accepted,1
code,4,0.0,0.7,18,1,2.06509,True,stopped,1
code,4,0.0,0.7,19,0,3.77084,False,rejected,2
code,4,0.0,0.7,19,1,0.00016,False,untested,2
code,4,0.0,0.7,19,2,4.6853,True,stopped,2
code,4,0.0,0.7,20,0,1.55373,False,rejected,1
code,4,0.0,0.7,20,1,3.80901,True,stopped,1
code,4,0.0,0.7,21,0,1.40279,False,accepted,1
code,4,0.0,0.7,21,1,4.79623,True,stopped,1
code,4,0.0,0.7,22,0,1.30302,False,accepted,1
code,4,0.0,0.7,22,1,3.41485,True,stopped,1
code,4,0.0,0.7,23,0,3.14449,False,rejected,1
code,4,0.0,0.7,23,1,3.65456,True,stopped,1
code,4,0.0,0.7,24,0,1.72791,False,accepted,1
code,4,0.0,0.7,24,1,0.89249,True,stopped,1
code,4,0.0,0.7,25,0,1.73176,False,accepted,1
code,4,0.0,0.7,25,1,1.20982,True,stopped,1
code,4,0.0,0.7,26,0,0.83279,False,rejected,2
code,4,0.0,0.7,26,1,0.20008,False,untested,2
code,4,0.0,0.7,26,2,2.05012,True,stopped,2
code,4,0.0,0.7,27,0,0.12191,False,accepted,2
code,4,0.0,0.7,27,1,0.03484,False,accepted,2
code,4,0.0,0.7,27,2,1.05513,True,stopped,2
code,4,0.0,0.7,28,0,0.08179,False,accepted,1
code,4,0.0,0.7,28,1,1.76607,True,stopped,1
code,4,0.0,0.7,29,0,0.2493,False,accepted,1
code,4,0.0,0.7,29,1,2.42499,True,stopped,1
code,4,0.0,0.7,30,0,1.37881,False,rejected,2
code,4,0.0,0.7,30,1,0.00079,False,untested,2
code,4,0.0,0.7,30,2,1.892,True,stopped,2
code,4,0.0,0.7,31,0,2.52226,False,rejected,1
code,4,0.0,0.7,31,1,2.45042,True,stopped,1
code,4,0.0,0.7,32,0,2.48596,False,rejected,1
code,4,0.0,0.7,32,1,2.18413,True,stopped,1
code,4,0.0,0.7,33,0,2.58991,False,accepted,2
code,4,0.0,0.7,33,1,0.02105,False,accepted,2
code,4,0.0,0.7,33,2,1.26498,True,stopped,2
code,4,0.0,0.7,34,0,1.62769,False,rejected,1
code,4,0.0,0.7,34,1,0.72322,True,stopped,1
code,4,0.0,0.7,35,0,1.08719,False,accepted,1
code,4,0.0,0.7,35,1,1.07112,True,stopped,1
code,4,0.0,0.7,36,0,0.41826,False,accepted,1
code,4,0.0,0.7,36,1,0.51454,True,stopped,1
code,4,0.0,0.7,37,0,0.37807,False,accepted,3
code,4,0.0,0.7,37,1,0.07447,False,accepted,3
code,4,0.0,0.7,37,2,0.23481,False,accepted,3
code,4,0.0,0.7,37,3,0.89459,True,stopped,3
code,4,0.0,0.7,38,0,0.05198,False,accepted,1
code,4,0.0,0.7,38,1,0.92133,True,stopped,1
code,4,0.0,0.7,39,0,0.04305,False,accepted,1
code,4,0.0,0.7,39,1,0.51693,True,stopped,1
code,4,0.0,0.7,40,0,0.2873,False,accepted,1
code,4,0.0,0.7,40,1,0.68741,True,stopped,1
code,4,0.0,0.7,41,0,0.13603,False,accepted,3
code,4,0.0,0.7,41,1,0.00041,False,accepted,3
code,4,0.0,0.7,41,2,0.00186,False,accepted,3
code,4,0.0,0.7,41,3,0.76049,True,stopped,3
code,4,0.0,0.7,42,0,0.03379,False,accepted,3
code,4,0.0,0.7,42,1,0.0117,False,accepted,3
code,4,0.0,0.7,42,2,2e-05,False,accepted,3
code,4,0.0,0.7,42,3,0.70293,True,stopped,3
code,4,0.0,0.7,43,0,0.50457,False,accepted,1
code,4,0.0,0.7,43,1,0.9036,True,stopped,1
code,4,0.0,0.7,44,0,0.0043,False,accepted,1
code,4,0.0,0.7,44,1,1.09629,True,stopped,1
code,4,0.0,0.7,45,0,0.57653,False,accepted,4
code,4,0.0,0.7,45,1,0.00096,False,accepted,4
code,4,0.0,0.7,45,2,0.35286,False,accepted,4
code,4,0.0,0.7,45,3,0.33044,False,accepted,4
code,4,0.0,0.7,45,4,0.84811,True,stopped,4
code,4,0.0,0.7,46,0,1.15531,False,accepted,4
code,4,0.0,0.7,46,1,0.05319,False,accepted,4
code,4,0.0,0.7,46,2,0.11507,False,accepted,4
code,4,0.0,0.7,46,3,0.21464,False,accepted,4
code,4,0.0,0.7,46,4,0.71701,True,stopped,4
code,4,0.0,0.7,47,0,0.05983,False,accepted,4
code,4,0.0,0.7,47,1,0.01081,False,accepted,4
code,4,0.0,0.7,47,2,0.00225,False,accepted,4
code,4,0.0,0.7,47,3,0.0003,False,accepted,4
code,4,0.0,0.7,47,4,0.72532,True,stopped,4
code,4,0.0,0.7,48,0,0.19097,False,accepted,8
code,4,0.0,0.7,48,1,0.02808,False,accepted,8
code,4,0.0,0.7,48,2,0.07256,False,accepted,8
code,4,0.0,0.7,48,3,0.31452,False,accepted,8
code,4,0.0,0.7,48,4,0.00073,False,accepted,8
code,4,0.0,0.7,48,5,0.34896,False,accepted,8
code,4,0.0,0.7,48,6,0.00126,False,accepted,8
code,4,0.0,0.7,48,7,0.06806,False,accepted,8
code,4,0.0,0.7,49,0,0.09016,False,accepted,5
code,4,0.0,0.7,49,1,0.0266,False,accepted,5
code,4,0.0,0.7,49,2,0.01267,False,accepted,5
code,4,0.0,0.7,49,3,0.00029,False,accepted,5
code,4,0.0,0.7,49,4,0.07869,False,accepted,5
code,4,0.0,0.7,49,5,0.82672,True,stopped,5
code,4,0.0,0.7,50,0,0.00031,False,accepted,1
code,4,0.0,0.7,50,1,0.65453,True,stopped,1
code,4,0.0,0.7,51,0,0.00086,False,accepted,4
code,4,0.0,0.7,51,1,0.31329,False,accepted,4
code,4,0.0,0.7,51,2,0.30416,False,accepted,4
code,4,0.0,0.7,51,3,0.15668,False,accepted,4
code,4,0.7,0.7,0,0,1.27541,False,rejected,3
code,4,0.7,0.7,0,1,0.41362,False,untested,3
code,4,0.7,0.7,0,2,0.00722,False,untested,3
code,4,0.7,0.7,0,3,0.70717,True,stopped,3
code,4,0.7,0.7,1,0,0.00271,False,accepted,1
code,4,0.7,0.7,1,1,1.2173,True,stopped,1
code,4,0.7,0.7,2,0,0.00343,False,accepted,1
code,4,0.7,0.7,2,1,1.18294,True,stopped,1
code,4,0.7,0.7,3,0,0.7052,False,rejected,3
code,4,0.7,0.7,3,1,0.26954,False,untested,3
code,4,0.7,0.7,3,2,0.00201,False,untested,3
code,4,0.7,0.7,3,3,1.87686,True,stopped,3
code,4,0.7,0.7,4,0,0.28916,False,accepted,1
code,4,0.7,0.7,4,1,0.50831,True,stopped,1
code,4,0.7,0.7,5,0,0.16906,False,accepted,1
code,4,0.7,0.7,5,1,1.33418,True,stopped,1
code,4,0.7,0.7,6,0,0.05846,False,accepted,1
code,4,0.7,0.7,6,1,1.35721,True,stopped,1
code,4,0.7,0.7,7,0,0.28471,False,rejected,2
code,4,0.7,0.7,7,1,0.0,False,untested,2
code,4,0.7,0.7,7,2,0.47957,True,stopped,2
code,4,0.7,0.7,8,0,1.97659,False,rejected,4
code,4,0.7,0.7,8,1,0.24443,False,untested,4
code,4,0.7,0.7,8,2,0.09195,False,untested,4
code,4,0.7,0.7,8,3,0.0454,False,untested,4
code,4,0.7,0.7,8,4,1.86661,True,stopped,4
code,4,0.7,0.7,9,0,0.26084,False,rejected,1
code,4,0.7,0.7,9,1,1.35212,True,stopped,1
code,4,0.7,0.7,10,0,1.81705,False,rejected,1
code,4,0.7,0.7,10,1,3.28266,True,stopped,1
code,4,0.7,0.7,11,0,1.7498,False,rejected,3
code,4,0.7,0.7,11,1,0.04931,False,untested,3
code,4,0.7,0.7,11,2,0.00181,False,untested,3
code,4,0.7,0.7,11,3,1.12838,True,stopped,3
code,4,0.7,0.7,12,0,1e-05,False,accepted,1
code,4,0.7,0.7,12,1,1.86308,True,stopped,1
code,4,0.7,0.7,13,0,0.71474,False,rejected,2
code,4,0.7,0.7,13,1,0.0079,False,untested,2
code,4,0.7,0.7,13,2,1.21212,True,stopped,2
code,4,0.7,0.7,14,0,0.98471,False,rejected,2
code,4,0.7,0.7,14,1,0.00618,False,untested,2
code,4,0.7,0.7,14,2,1.13366,True,stopped,2
code,4,0.7,0.7,15,0,1.22094,False,rejected,1
code,4,0.7,0.7,15,1,1.08262,True,stopped,1
code,4,0.7,0.7,16,0,0.214,False,accepted,1
code,4,0.7,0.7,16,1,0.54833,True,stopped,1
code,4,0.7,0.7,17,0,1.0473,False,accepted,1
code,4,0.7,0.7,17,1,0.94606,True,stopped,1
code,4,0.7,0.7,18,0,0.03919,False,accepted,1
code,4,0.7,0.7,18,1,1.41357,True,stopped,1
code,4,0.7,0.7,19,0,0.79921,False,accepted,2
code,4,0.7,0.7,19,1,0.37797,False,rejected,2
code,4,0.7,0.7,19,2,1.21036,True,stopped,2
code,4,0.7,0.7,20,0,0.43148,False,accepted,1
code,4,0.7,0.7,20,1,0.57425,True,stopped,1
code,4,0.7,0.7,21,0,1.12936,False,accepted,1
code,4,0.7,0.7,21,1,0.53725,True,stopped,1
code,4,0.7,0.7,22,0,0.63011,False,accepted,1
code,4,0.7,0.7,22,1,1.57726,True,stopped,1
code,4,0.7,0.7,23,0,1.43343,False,rejected,2
code,4,0.7,0.7,23,1,0.02923,False,untested,2
code,4,0.7,0.7,23,2,0.94941,True,stopped,2
code,4,0.7,0.7,24,0,0.55296,False,rejected,1
code,4,0.7,0.7,24,1,1.1588,True,stopped,1
code,4,0.7,0.7,25,0,0.00172,False,accepted,1
code,4,0.7,0.7,25,1,0.97787,True,stopped,1
code,4,0.7,0.7,26,0,1.78024,False,accepted,1
code,4,0.7,0.7,26,1,0.87481,True,stopped,1
code,4,0.7,0.7,27,0,0.34183,False,rejected,1
code,4,0.7,0.7,27,1,0.66591,True,stopped,1
code,4,0.7,0.7,28,0,0.16581,False,rejected,1
code,4,0.7,0.7,28,1,0.55098,True,stopped,1
code,4,0.7,0.7,29,0,0.97563,False,accepted,1
code,4,0.7,0.7,29,1,1.57694,True,stopped,1
code,4,0.7,0.7,30,0,0.64828,False,accepted,1
code,4,0.7,0.7,30,1,0.98924,True,stopped,1
code,4,0.7,0.7,31,0,0.83151,False,accepted,1
code,4,0.7,0.7,31,1,2.35885,True,stopped,1
code,4,0.7,0.7,32,0,0.90757,False,rejected,2
code,4,0.7,0.7,32,1,0.34632,False,untested,2
code,4,0.7,0.7,32,2,1.25973,True,stopped,2
code,4,0.7,0.7,33,0,2.55551,False,rejected,1
code,4,0.7,0.7,33,1,0.4311,True,stopped,1
code,4,0.7,0.7,34,0,0.00018,False,accepted,1
code,4,0.7,0.7,34,1,2.09766,True,stopped,1
code,4,0.7,0.7,35,0,1.10086,False,rejected,2
code,4,0.7,0.7,35,1,4e-05,False,untested,2
code,4,0.7,0.7,35,2,1.38203,True,stopped,2
code,4,0.7,0.7,36,0,0.84428,False,accepted,1
code,4,0.7,0.7,36,1,2.50323,True,stopped,1
code,4,0.7,0.7,37,0,0.9351,False,rejected,1
code,4,0.7,0.7,37,1,0.76585,True,stopped,1
code,4,0.7,0.7,38,0,1.31151,False,accepted,1
code,4,0.7,0.7,38,1,0.39467,True,stopped,1
code,4,0.7,0.7,39,0,0.24642,False,accepted,1
code,4,0.7,0.7,39,1,0.72147,True,stopped,1
code,4,0.7,0.7,40,0,0.31221,False,accepted,1
code,4,0.7,0.7,40,1,0.4665,True,stopped,1
code,4,0.7,0.7,41,0,0.11983,False,accepted,5
code,4,0.7,0.7,41,1,0.00887,False,accepted,5
code,4,0.7,0.7,41,2,0.05674,False,accepted,5
code,4,0.7,0.7,41,3,0.25365,False,accepted,5
code,4,0.7,0.7,41,4,0.00299,False,accepted,5
code,4,0.7,0.7,41,5,0.79021,True,stopped,5
code,4,0.7,0.7,42,0,0.00269,False,accepted,3
code,4,0.7,0.7,42,1,0.16832,False,accepted,3
code,4,0.7,0.7,42,2,0.0548,False,accepted,3
code,4,0.7,0.7,42,3,0.42391,True,stopped,3
code,4,0.7,0.7,43,0,0.02681,False,accepted,3
code,4,0.7,0.7,43,1,1e-05,False,accepted,3
code,4,0.7,0.7,43,2,3e-05,False,accepted,3
code,4,0.7,0.7,43,3,0.40496,True,stopped,3
code,4,0.7,0.7,44,0,0.00316,False,accepted,7
code,4,0.7,0.7,44,1,0.00063,False,accepted,7
code,4,0.7,0.7,44,2,0.0,False,accepted,7
code,4,0.7,0.7,44,3,0.29181,False,accepted,7
code,4,0.7,0.7,44,4,0.25595,False,accepted,7
code,4,0.7,0.7,44,5,0.28645,False,accepted,7
code,4,0.7,0.7,44,6,0.0001,False,accepted,7
code,4,0.7,0.7,44,7,0.57512,True,stopped,7
code,4,0.7,0.7,45,0,0.28976,False,accepted,5
code,4,0.7,0.7,45,1,2e-05,False,accepted,5
code,4,0.7,0.7,45,2,0.19514,False,accepted,5
code,4,0.7,0.7,45,3,0.10379,False,accepted,5
code,4,0.7,0.7,45,4,0.15089,False,accepted,5
code,4,0.7,0.7,45,5,0.86861,True,stopped,5
code,4,0.7,0.7,46,0,0.00929,False,accepted,3
code,4,0.7,0.7,46,1,0.0287,False,accepted,3
code,4,0.7,0.7,46,2,0.04624,False,accepted,3
code,4,0.7,0.7,46,3,0.50798,True,stopped,3
code,4,0.7,0.7,47,0,0.00461,False,accepted,8
code,4,0.7,0.7,47,1,0.00096,False,accepted,8
code,4,0.7,0.7,47,2,8e-05,False,accepted,8
code,4,0.7,0.7,47,3,0.0,False,accepted,8
code,4,0.7,0.7,47,4,0.32739,False,rejected,8
code,4,0.7,0.7,47,5,0.06038,False,untested,8
code,4,0.7,0.7,47,6,2e-05,False,untested,8
code,4,0.7,0.7,47,7,0.00062,False,untested,8
code,4,0.7,0.7,48,0,0.06712,False,accepted,8
code,4,0.7,0.7,48,1,0.00145,False,accepted,8
code,4,0.7,0.7,48,2,0.00612,False,accepted,8
code,4,0.7,0.7,48,3,0.11059,False,accepted,8
code,4,0.7,0.7,48,4,1e-05,False,accepted,8
code,4,0.7,0.7,48,5,0.11522,False,accepted,8
code,4,0.7,0.7,48,6,1e-05,False,accepted,8
code,4,0.7,0.7,48,7,0.01511,False,accepted,8
code,4,0.7,0.7,49,0,0.02296,False,accepted,5
code,4,0.7,0.7,49,1,0.00402,False,accepted,5
code,4,0.7,0.7,49,2,0.00041,False,accepted,5
code,4,0.7,0.7,49,3,0.0,False,accepted,5
code,4,0.7,0.7,49,4,0.00666,False,accepted,5
code,4,0.7,0.7,49,5,0.65612,True,stopped,5
code,4,0.7,0.7,50,0,0.0,False,accepted,1
code,4,0.7,0.7,50,1,0.51187,True,stopped,1
code,4,0.7,0.7,51,0,0.03,False,accepted,8
code,4,0.7,0.7,51,1,0.02575,False,accepted,8
code,4,0.7,0.7,51,2,4e-05,False,accepted,8
code,4,0.7,0.7,51,3,6e-05,False,accepted,8
code,4,0.7,0.7,51,4,2e-05,False,accepted,8
code,4,0.7,0.7,51,5,4e-05,False,accepted,8
code,4,0.7,0.7,51,6,0.00039,False,accepted,8
code,4,0.7,0.7,51,7,0.08282,False,accepted,8
code,5,0.0,0.7,0,0,1.33141,False,rejected,1
code,5,0.0,0.7,0,1,1.11753,True,stopped,1
code,5,0.0,0.7,1,0,0.02208,False,accepted,1
code,5,0.0,0.7,1,1,1.48157,True,stopped,1
code,5,0.0,0.7,2,0,1.25354,False,accepted,6
code,5,0.0,0.7,2,1,0.00691,False,accepted,6
code,5,0.0,0.7,2,2,0.31407,False,accepted,6
code,5,0.0,0.7,2,3,0.00081,False,accepted,6
code,5,0.0,0.7,2,4,0.02546,False,accepted,6
code,5,0.0,0.7,2,5,0.05401,False,accepted,6
code,5,0.0,0.7,2,6,0.73142,True,stopped,6
code,5,0.0,0.7,3,0,0.00276,False,accepted,6
code,5,0.0,0.7,3,1,0.31018,False,accepted,6
code,5,0.0,0.7,3,2,0.0171,False,accepted,6
code,5,0.0,0.7,3,3,0.01241,False,accepted,6
code,5,0.0,0.7,3,4,0.06328,False,accepted,6
code,5,0.0,0.7,3,5,0.00689,False,accepted,6
code,5,0.0,0.7,3,6,0.53382,True,stopped,6
code,5,0.0,0.7,4,0,1.22194,False,rejected,1
code,5,0.0,0.7,4,1,0.99612,True,stopped,1
code,5,0.0,0.7,5,0,0.07801,False,accepted,7
code,5,0.0,0.7,5,1,0.01203,False,accepted,7
code,5,0.0,0.7,5,2,0.01742,False,accepted,7
code,5,0.0,0.7,5,3,0.00376,False,accepted,7
code,5,0.0,0.7,5,4,0.00072,False,accepted,7
code,5,0.0,0.7,5,5,0.00035,False,accepted,7
code,5,0.0,0.7,5,6,0.00364,False,accepted,7
code,5,0.0,0.7,5,7,0.69882,True,stopped,7
code,5,0.0,0.7,6,0,0.13457,False,accepted,1
code,5,0.0,0.7,6,1,0.66995,True,stopped,1
code,5,0.0,0.7,7,0,0.23949,False,accepted,5
code,5,0.0,0.7,7,1,0.03785,False,accepted,5
code,5,0.0,0.7,7,2,0.08907,False,accepted,5
code,5,0.0,0.7,7,3,0.00823,False,accepted,5
code,5,0.0,0.7,7,4,0.00023,False,accepted,5
code,5,0.0,0.7,7,5,1.95933,True,stopped,5
code,5,0.0,0.7,8,0,0.09995,False,accepted,1
code,5,0.0,0.7,8,1,0.84206,True,stopped,1
code,5,0.0,0.7,9,0,0.74999,False,accepted,1
code,5,0.0,0.7,9,1,0.96049,True,stopped,1
code,5,0.0,0.7,10,0,0.8632,False,accepted,4
code,5,0.0,0.7,10,1,0.01115,False,accepted,4
code,5,0.0,0.7,10,2,0.00425,False,accepted,4
code,5,0.0,0.7,10,3,0.01606,False,accepted,4
code,5,0.0,0.7,10,4,0.90478,True,stopped,4
code,5,0.0,0.7,11,0,0.14668,False,accepted,1
code,5,0.0,0.7,11,1,0.88485,True,stopped,1
code,5,0.0,0.7,12,0,0.00805,False,accepted,5
code,5,0.0,0.7,12,1,0.0695,False,accepted,5
code,5,0.0,0.7,12,2,0.14239,False,accepted,5
code,5,0.0,0.7,12,3,0.00023,False,accepted,5
code,5,0.0,0.7,12,4,1e-05,False,accepted,5
code,5,0.0,0.7,12,5,1.7347,True,stopped,5
code,5,0.0,0.7,13,0,0.38005,False,accepted,2
code,5,0.0,0.7,13,1,0.05355,False,accepted,2
code,5,0.0,0.7,13,2,1.05962,True,stopped,2
code,5,0.0,0.7,14,0,0.06388,False,accepted,1
code,5,0.0,0.7,14,1,0.7682,True,stopped,1
code,5,0.0,0.7,15,0,0.72327,False,rejected,2
code,5,0.0,0.7,15,1,0.01948,False,untested,2
code,5,0.0,0.7,15,2,1.47726,True,stopped,2
code,5,0.0,0.7,16,0,0.00743,False,accepted,3
code,5,0.0,0.7,16,1,0.0096,False,accepted,3
code,5,0.0,0.7,16,2,0.06295,False,accepted,3
code,5,0.0,0.7,16,3,0.98277,True,stopped,3
code,5,0.0,0.7,17,0,0.10405,False,accepted,2
code,5,0.0,0.7,17,1,0.37099,False,accepted,2
code,5,0.0,0.7,17,2,1.06377,True,stopped,2
code,5,0.0,0.7,18,0,1.37605,False,accepted,2
code,5,0.0,0.7,18,1,0.21702,False,accepted,2
code,5,0.0,0.7,18,2,0.57493,True,stopped,2
code,5,0.0,0.7,19,0,0.91074,False,rejected,1
code,5,0.0,0.7,19,1,0.62144,True,stopped,1
code,5,0.0,0.7,20,0,0.00145,False,accepted,6
code,5,0.0,0.7,20,1,0.01124,False,accepted,6
code,5,0.0,0.7,20,2,0.03221,False,accepted,6
code,5,0.0,0.7,20,3,0.00159,False,accepted,6
code,5,0.0,0.7,20,4,0.00015,False,accepted,6
code,5,0.0,0.7,20,5,4e-05,False,accepted,6
code,5,0.0,0.7,20,6,0.51472,True,stopped,6
code,5,0.0,0.7,21,0,0.46356,False,accepted,7
code,5,0.0,0.7,21,1,0.13271,False,accepted,7
code,5,0.0,0.7,21,2,0.02964,False,accepted,7
code,5,0.0,0.7,21,3,0.08774,False,accepted,7
code,5,0.0,0.7,21,4,0.23023,False,accepted,7
code,5,0.0,0.7,21,5,0.07298,False,accepted,7
code,5,0.0,0.7,21,6,0.00406,False,accepted,7
code,5,0.0,0.7,21,7,1.01604,True,stopped,7
code,5,0.0,0.7,22,0,0.45016,False,rejected,2
code,5,0.0,0.7,22,1,0.00064,False,untested,2
code,5,0.0,0.7,22,2,0.62935,True,stopped,2
code,5,0.0,0.7,23,0,7e-05,False,accepted,6
code,5,0.0,0.7,23,1,0.09818,False,accepted,6
code,5,0.0,0.7,23,2,0.00022,False,accepted,6
code,5,0.0,0.7,23,3,0.02119,False,accepted,6
code,5,0.0,0.7,23,4,0.00044,False,accepted,6
code,5,0.0,0.7,23,5,0.00216,False,accepted,6
code,5,0.0,0.7,23,6,0.78736,True,stopped,6
code,5,0.0,0.7,24,0,0.00014,False,accepted,1
code,5,0.0,0.7,24,1,0.79582,True,stopped,1
code,5,0.0,0.7,25,0,0.19799,False,accepted,2
code,5,0.0,0.7,25,1,0.29769,False,accepted,2
code,5,0.0,0.7,25,2,0.75125,True,stopped,2
code,5,0.0,0.7,26,0,0.00512,False,accepted,8
code,5,0.0,0.7,26,1,0.26572,False,accepted,8
code,5,0.0,0.7,26,2,0.00141,False,accepted,8
code,5,0.0,0.7,26,3,0.40514,False,accepted,8
code,5,0.0,0.7,26,4,0.00714,False,accepted,8
code,5,0.0,0.7,26,5,0.29339,False,accepted,8
code,5,0.0,0.7,26,6,0.10375,False,accepted,8
code,5,0.0,0.7,26,7,0.16882,False,accepted,8
code,5,0.0,0.7,27,0,0.02153,False,accepted,4
code,5,0.0,0.7,27,1,0.00556,False,accepted,4
code,5,0.0,0.7,27,2,0.00119,False,accepted,4
code,5,0.0,0.7,27,3,0.00119,False,accepted,4
code,5,0.0,0.7,27,4,0.65639,True,stopped,4
code,5,0.0,0.7,28,0,0.36626,False,accepted,2
code,5,0.0,0.7,28,1,2e-05,False,accepted,2
code,5,0.0,0.7,28,2,1.35656,True,stopped,2
code,5,0.0,0.7,29,0,0.00031,False,accepted,3
code,5,0.0,0.7,29,1,0.00028,False,accepted,3
code,5,0.0,0.7,29,2,0.00016,False,accepted,3
code,5,0.0,0.7,29,3,0.71989,True,stopped,3
code,5,0.0,0.7,30,0,0.27751,False,accepted,8
code,5,0.0,0.7,30,1,0.00193,False,accepted,8
code,5,0.0,0.7,30,2,0.1323,False,accepted,8
code,5,0.0,0.7,30,3,0.44321,False,accepted,8
code,5,0.0,0.7,30,4,0.00067,False,accepted,8
code,5,0.0,0.7,30,5,4e-05,False,accepted,8
code,5,0.0,0.7,30,6,0.14461,False,accepted,8
code,5,0.0,0.7,30,7,1e-05,False,accepted,8
code,5,0.0,0.7,31,0,9e-05,False,accepted,1
code,5,0.7,0.7,0,0,1.1641,False,rejected,1
code,5,0.7,0.7,0,1,0.54036,True,stopped,1
code,5,0.7,0.7,1,0,0.00246,False,accepted,1
code,5,0.7,0.7,1,1,1.00192,True,stopped,1
code,5,0.7,0.7,2,0,1e-05,False,accepted,6
code,5,0.7,0.7,2,1,0.00969,False,accepted,6
code,5,0.7,0.7,2,2,0.00062,False,accepted,6
code,5,0.7,0.7,2,3,0.00166,False,accepted,6
code,5,0.7,0.7,2,4,0.02989,False,accepted,6
code,5,0.7,0.7,2,5,0.02005,False,accepted,6
code,5,0.7,0.7,2,6,0.5644,True,stopped,6
code,5,0.7,0.7,3,0,0.00045,False,accepted,1
code,5,0.7,0.7,3,1,0.68527,True,stopped,1
code,5,0.7,0.7,4,0,0.00593,False,accepted,5
code,5,0.7,0.7,4,1,0.00044,False,accepted,5
code,5,0.7,0.7,4,2,0.03167,False,accepted,5
code,5,0.7,0.7,4,3,0.00045,False,accepted,5
code,5,0.7,0.7,4,4,0.01239,False,accepted,5
code,5,0.7,0.7,4,5,0.60597,True,stopped,5
code,5,0.7,0.7,5,0,0.00972,False,accepted,6
code,5,0.7,0.7,5,1,0.00223,False,accepted,6
code,5,0.7,0.7,5,2,0.00188,False,accepted,6
code,5,0.7,0.7,5,3,6e-05,False,accepted,6
code,5,0.7,0.7,5,4,1e-05,False,accepted,6
code,5,0.7,0.7,5,5,0.0,False,accepted,6
code,5,0.7,0.7,5,6,0.72161,True,stopped,6
code,5,0.7,0.7,6,0,0.00025,False,accepted,3
code,5,0.7,0.7,6,1,0.0,False,accepted,3
code,5,0.7,0.7,6,2,0.0,False,accepted,3
code,5,0.7,0.7,6,3,0.45554,True,stopped,3
code,5,0.7,0.7,7,0,0.22901,False,accepted,7
code,5,0.7,0.7,7,1,0.01884,False,accepted,7
code,5,0.7,0.7,7,2,0.00181,False,accepted,7
code,5,0.7,0.7,7,3,0.00551,False,accepted,7
code,5,0.7,0.7,7,4,0.03344,False,accepted,7
code,5,0.7,0.7,7,5,0.01054,False,accepted,7
code,5,0.7,0.7,7,6,0.00027,False,accepted,7
code,5,0.7,0.7,7,7,0.66383,True,stopped,7
code,5,0.7,0.7,8,0,0.31876,False,accepted,2
code,5,0.7,0.7,8,1,2e-05,False,accepted,2
code,5,0.7,0.7,8,2,0.68627,True,stopped,2
code,5,0.7,0.7,9,0,0.0,False,accepted,1
code,5,0.7,0.7,9,1,0.74978,True,stopped,1
code,5,0.7,0.7,10,0,0.13196,False,accepted,8
code,5,0.7,0.7,10,1,0.2495,False,accepted,8
code,5,0.7,0.7,10,2,0.41892,False,accepted,8
code,5,0.7,0.7,10,3,7e-05,False,accepted,8
code,5,0.7,0.7,10,4,0.1903,False,accepted,8
code,5,0.7,0.7,10,5,0.00011,False,accepted,8
code,5,0.7,0.7,10,6,0.16903,False,accepted,8
code,5,0.7,0.7,10,7,0.00017,False,accepted,8
code,5,0.7,0.7,11,0,0.07695,False,accepted,7
code,5,0.7,0.7,11,1,0.00769,False,accepted,7
code,5,0.7,0.7,11,2,0.00215,False,accepted,7
code,5,0.7,0.7,11,3,0.00204,False,accepted,7
code,5,0.7,0.7,11,4,0.00012,False,accepted,7
code,5,0.7,0.7,11,5,3e-05,False,accepted,7
code,5,0.7,0.7,11,6,1e-05,False,accepted,7
code,5,0.7,0.7,11,7,0.68454,True,stopped,7
code,5,0.7,0.7,12,0,0.20457,False,accepted,2
code,5,0.7,0.7,12,1,0.0,False,accepted,2
code,5,0.7,0.7,12,2,0.99331,True,stopped,2
code,5,0.7,0.7,13,0,0.00014,False,accepted,3
code,5,0.7,0.7,13,1,3e-05,False,accepted,3
code,5,0.7,0.7,13,2,0.0,False,accepted,3
code,5,0.7,0.7,13,3,0.72286,True,stopped,3
code,5,0.7,0.7,14,0,5e-05,False,accepted,1
code,5,0.7,0.7,14,1,0.56514,True,stopped,1
code,5,0.7,0.7,15,0,0.26698,False,accepted,4
code,5,0.7,0.7,15,1,0.45989,False,accepted,4
code,5,0.7,0.7,15,2,0.0,False,accepted,4
code,5,0.7,0.7,15,3,0.0,False,accepted,4
code,5,0.7,0.7,15,4,0.64064,True,stopped,4
code,5,0.7,0.7,16,0,0.0,False,accepted,8
code,5,0.7,0.7,16,1,0.064,False,accepted,8
code,5,0.7,0.7,16,2,2e-05,False,accepted,8
code,5,0.7,0.7,16,3,0.02215,False,accepted,8
code,5,0.7,0.7,16,4,0.0988,False,accepted,8
code,5,0.7,0.7,16,5,5e-05,False,accepted,8
code,5,0.7,0.7,16,6,0.00353,False,accepted,8
code,5,0.7,0.7,16,7,0.257,False,accepted,8
code,5,0.7,0.7,17,0,0.01176,False,accepted,8
code,5,0.7,0.7,17,1,0.01491,False,accepted,8
code,5,0.7,0.7,17,2,1e-05,False,accepted,8
code,5,0.7,0.7,17,3,0.03579,False,accepted,8
code,5,0.7,0.7,17,4,0.0,False,accepted,8
code,5,0.7,0.7,17,5,0.00814,False,accepted,8
code,5,0.7,0.7,17,6,0.01862,False,accepted,8
code,5,0.7,0.7,17,7,0.0103,False,accepted,8
code,5,0.7,0.7,18,0,0.16763,False,accepted,8
code,5,0.7,0.7,18,1,0.00018,False,accepted,8
code,5,0.7,0.7,18,2,0.0002,False,accepted,8
code,5,0.7,0.7,18,3,0.00069,False,accepted,8
code,5,0.7,0.7,18,4,0.08449,False,accepted,8
code,5,0.7,0.7,18,5,0.00546,False,accepted,8
code,5,0.7,0.7,18,6,0.00155,False,accepted,8
code,5,0.7,0.7,18,7,0.16718,False,accepted,8
code,5,0.7,0.7,19,0,0.0,False,accepted,2
code,5,0.7,0.7,19,1,0.18931,False,accepted,2
code,5,0.7,0.7,19,2,1.02217,True,stopped,2
code,5,0.7,0.7,20,0,0.0,False,accepted,3
code,5,0.7,0.7,20,1,0.17292,False,rejected,3
code,5,0.7,0.7,20,2,0.00016,False,untested,3
code,5,0.7,0.7,20,3,0.5961,True,stopped,3
code,5,0.7,0.7,21,0,0.00902,False,accepted,4
code,5,0.7,0.7,21,1,0.03738,False,accepted,4
code,5,0.7,0.7,21,2,0.36354,False,accepted,4
code,5,0.7,0.7,21,3,0.02443,False,accepted,4
code,5,0.7,0.7,21,4,0.55095,True,stopped,4
code,5,0.7,0.7,22,0,0.01089,False,accepted,8
code,5,0.7,0.7,22,1,2e-05,False,accepted,8
code,5,0.7,0.7,22,2,6e-05,False,accepted,8
code,5,0.7,0.7,22,3,0.0,False,accepted,8
code,5,0.7,0.7,22,4,0.0,False,accepted,8
code,5,0.7,0.7,22,5,0.00163,False,accepted,8
code,5,0.7,0.7,22,6,0.00097,False,accepted,8
code,5,0.7,0.7,22,7,0.0006,False,accepted,8
code,5,0.7,0.7,23,0,0.00367,False,accepted,8
code,5,0.7,0.7,23,1,0.01379,False,accepted,8
code,5,0.7,0.7,23,2,0.1297,False,accepted,8
code,5,0.7,0.7,23,3,0.0,False,accepted,8
code,5,0.7,0.7,23,4,0.00435,False,accepted,8
code,5,0.7,0.7,23,5,0.18331,False,accepted,8
code,5,0.7,0.7,23,6,0.01472,False,accepted,8
code,5,0.7,0.7,23,7,0.01521,False,accepted,8
math,0,0.0,0.7,0,0,1.07814,False,rejected,8
math,0,0.0,0.7,0,1,0.00157,False,untested,8
math,0,0.0,0.7,0,2,0.42505,False,untested,8
math,0,0.0,0.7,0,3,0.01341,False,untested,8
math,0,0.0,0.7,0,4,0.15407,False,untested,8
math,0,0.0,0.7,0,5,0.28317,False,untested,8
math,0,0.0,0.7,0,6,2e-05,False,untested,8
math,0,0.0,0.7,0,7,3e-05,False,untested,8
math,0,0.0,0.7,1,0,0.08885,False,accepted,1
math,0,0.0,0.7,1,1,0.75189,True,stopped,1
math,0,0.0,0.7,2,0,0.00654,False,accepted,8
math,0,0.0,0.7,2,1,0.02965,False,accepted,8
math,0,0.0,0.7,2,2,0.09969,False,accepted,8
math,0,0.0,0.7,2,3,0.02903,False,accepted,8
math,0,0.0,0.7,2,4,0.41012,False,accepted,8
math,0,0.0,0.7,2,5,0.37673,False,accepted,8
math,0,0.0,0.7,2,6,5e-05,False,accepted,8
math,0,0.0,0.7,2,7,5e-05,False,accepted,8
math,0,0.0,0.7,3,0,1e-05,False,accepted,8
math,0,0.0,0.7,3,1,1e-05,False,accepted,8
math,0,0.0,0.7,3,2,0.0,False,accepted,8
math,0,0.0,0.7,3,3,0.0,False,accepted,8
math,0,0.0,0.7,3,4,1e-05,False,accepted,8
math,0,0.0,0.7,3,5,0.33124,False,accepted,8
math,0,0.0,0.7,3,6,0.12105,False,accepted,8
math,0,0.0,0.7,3,7,0.38238,False,accepted,8
math,0,0.0,0.7,4,0,0.5003,False,accepted,1
math,0,0.0,0.7,4,1,1.03421,True,stopped,1
math,0,0.0,0.7,5,0,0.01787,False,accepted,4
math,0,0.0,0.7,5,1,0.1401,False,accepted,4
math,0,0.0,0.7,5,2,0.00019,False,accepted,4
math,0,0.0,0.7,5,3,0.0337,False,accepted,4
math,0,0.0,0.7,5,4,1.51908,True,stopped,4
math,0,0.0,0.7,6,0,0.01913,False,accepted,5
math,0,0.0,0.7,6,1,0.00018,False,accepted,5
math,0,0.0,0.7,6,2,0.0026,False,accepted,5
math,0,0.0,0.7,6,3,0.00328,False,accepted,5
math,0,0.0,0.7,6,4,0.00018,False,accepted,5
math,0,0.0,0.7,6,5,0.62948,True,stopped,5
math,0,0.0,0.7,7,0,1e-05,False,accepted,2
math,0,0.0,0.7,7,1,0.00073,False,accepted,2
math,0,0.0,0.7,7,2,1.13327,True,stopped,2
math,0,0.0,0.7,8,0,1.54822,False,accepted,1
math,0,0.0,0.7,8,1,1.52867,True,stopped,1
math,0,0.0,0.7,9,0,1.42688,False,accepted,1
math,0,0.0,0.7,9,1,1.75764,True,stopped,1
math,0,0.0,0.7,10,0,0.02438,False,accepted,4
math,0,0.0,0.7,10,1,0.10436,False,accepted,4
math,0,0.0,0.7,10,2,0.0153,False,accepted,4
math,0,0.0,0.7,10,3,0.01106,False,accepted,4
math,0,0.0,0.7,10,4,0.65819,True,stopped,4
math,0,0.0,0.7,11,0,0.67773,False,accepted,4
math,0,0.0,0.7,11,1,0.03907,False,accepted,4
math,0,0.0,0.7,11,2,0.44859,False,accepted,4
math,0,0.0,0.7,11,3,0.00237,False,accepted,4
math,0,0.0,0.7,11,4,0.67616,True,stopped,4
math,0,0.0,0.7,12,0,0.84158,False,accepted,1
math,0,0.0,0.7,12,1,0.62477,True,stopped,1
math,0,0.0,0.7,13,0,0.00193,False,accepted,8
math,0,0.0,0.7,13,1,0.09926,False,accepted,8
math,0,0.0,0.7,13,2,0.00038,False,accepted,8
math,0,0.0,0.7,13,3,0.00192,False,accepted,8
math,0,0.0,0.7,13,4,0.00022,False,accepted,8
math,0,0.0,0.7,13,5,0.0003,False,accepted,8
math,0,0.0,0.7,13,6,0.02089,False,accepted,8
math,0,0.0,0.7,13,7,4e-05,False,accepted,8
math,0,0.0,0.7,14,0,0.00077,False,accepted,8
math,0,0.0,0.7,14,1,6e-05,False,accepted,8
math,0,0.0,0.7,14,2,7e-05,False,accepted,8
math,0,0.0,0.7,14,3,3e-05,False,accepted,8
math,0,0.0,0.7,14,4,0.00032,False,accepted,8
math,0,0.0,0.7,14,5,2e-05,False,accepted,8
math,0,0.0,0.7,14,6,2e-05,False,accepted,8
math,0,0.0,0.7,14,7,0.01168,False,accepted,8
math,0,0.0,0.7,15,0,0.0419,False,accepted,1
math,0,0.0,0.7,15,1,1.31694,True,stopped,1
math,0,0.0,0.7,16,0,0.53859,False,accepted,2
math,0,0.0,0.7,16,1,0.01696,False,accepted,2
math,0,0.0,0.7,16,2,0.89183,True,stopped,2
math,0,0.0,0.7,17,0,0.40464,False,accepted,8
math,0,0.0,0.7,17,1,0.00851,False,accepted,8
math,0,0.0,0.7,17,2,0.02151,False,accepted,8
math,0,0.0,0.7,17,3,0.13089,False,accepted,8
math,0,0.0,0.7,17,4,0.00125,False,accepted,8
math,0,0.0,0.7,17,5,0.00015,False,accepted,8
math,0,0.0,0.7,17,6,0.00031,False,accepted,8
math,0,0.0,0.7,17,7,3e-05,False,accepted,8
math,0,0.0,0.7,18,0,0.00015,False,accepted,8
math,0,0.0,0.7,18,1,0.00086,False,accepted,8
math,0,0.0,0.7,18,2,1e-05,False,accepted,8
math,0,0.0,0.7,18,3,0.00062,False,accepted,8
math,0,0.0,0.7,18,4,4e-05,False,accepted,8
math,0,0.0,0.7,18,5,0.00205,False,accepted,8
math,0,0.0,0.7,18,6,0.06093,False,accepted,8
math,0,0.0,0.7,18,7,0.0004,False,accepted,8
math,0,0.0,0.7,19,0,4e-05,False,accepted,5
math,0,0.0,0.7,19,1,2e-05,False,accepted,5
math,0,0.0,0.7,19,2,0.03502,False,accepted,5
math,0,0.0,0.7,19,3,0.00057,False,accepted,5
math,0,0.0,0.7,19,4,3e-05,False,accepted,5
math,0,0.0,0.7,19,5,0.67296,True,stopped,5
math,0,0.0,0.7,20,0,1e-05,False,accepted,8
math,0,0.0,0.7,20,1,0.00024,False,accepted,8
math,0,0.0,0.7,20,2,6e-05,False,accepted,8
math,0,0.0,0.7,20,3,0.00962,False,accepted,8
math,0,0.0,0.7,20,4,4e-05,False,accepted,8
math,0,0.0,0.7,20,5,0.10821,False,accepted,8
math,0,0.0,0.7,20,6,0.10943,False,accepted,8
math,0,0.0,0.7,20,7,0.05321,False,accepted,8
math,0,0.0,0.7,21,0,0.26233,False,accepted,2
math,0,0.0,0.7,21,1,0.00877,False,accepted,2
math,0,0.0,0.7,21,2,0.68549,True,stopped,2
math,0,0.0,0.7,22,0,0.53092,False,accepted,8
math,0,0.0,0.7,22,1,0.00052,False,accepted,8
math,0,0.0,0.7,22,2,0.35926,False,accepted,8
math,0,0.0,0.7,22,3,0.04243,False,accepted,8
math,0,0.0,0.7,22,4,0.02953,False,accepted,8
math,0,0.0,0.7,22,5,0.00021,False,accepted,8
math,0,0.0,0.7,22,6,0.39353,False,accepted,8
math,0,0.0,0.7,22,7,0.00015,False,accepted,8
math,0,0.0,0.7,23,0,0.00026,False,accepted,6
math,0,0.0,0.7,23,1,2e-05,False,accepted,6
math,0,0.0,0.7,23,2,0.00168,False,accepted,6
math,0,0.0,0.7,23,3,0.00055,False,accepted,6
math,0,0.0,0.7,23,4,4e-05,False,accepted,6
math,0,0.0,0.7,23,5,5e-05,False,accepted,6
math,0,0.7,0.7,0,0,0.76323,False,rejected,8
math,0,0.7,0.7,0,1,4e-05,False,untested,8
math,0,0.7,0.7,0,2,0.27253,False,untested,8
math,0,0.7,0.7,0,3,0.00101,False,untested,8
math,0,0.7,0.7,0,4,0.04238,False,untested,8
math,0,0.7,0.7,0,5,0.13641,False,untested,8
math,0,0.7,0.7,0,6,0.0,False,untested,8
math,0,0.7,0.7,0,7,0.0,False,untested,8
math,0,0.7,0.7,1,0,0.50111,False,accepted,8
math,0,0.7,0.7,1,1,0.14873,False,rejected,8
math,0,0.7,0.7,1,2,0.00045,False,untested,8
math,0,0.7,0.7,1,3,0.00104,False,untested,8
math,0,0.7,0.7,1,4,0.03688,False,untested,8
math,0,0.7,0.7,1,5,0.00262,False,untested,8
math,0,0.7,0.7,1,6,0.17201,False,untested,8
math,0,0.7,0.7,1,7,0.14342,False,untested,8
math,0,0.7,0.7,2,0,0.88109,False,accepted,4
math,0,0.7,0.7,2,1,0.12041,False,accepted,4
math,0,0.7,0.7,2,2,0.24945,False,accepted,4
math,0,0.7,0.7,2,3,0.00246,False,accepted,4
math,0,0.7,0.7,2,4,0.73071,True,stopped,4
math,0,0.7,0.7,3,0,0.22108,False,accepted,8
math,0,0.7,0.7,3,1,0.0,False,accepted,8
math,0,0.7,0.7,3,2,0.0,False,accepted,8
math,0,0.7,0.7,3,3,0.0,False,accepted,8
math,0,0.7,0.7,3,4,0.0,False,accepted,8
math,0,0.7,0.7,3,5,0.0,False,accepted,8
math,0,0.7,0.7,3,6,0.0,False,accepted,8
math,0,0.7,0.7,3,7,0.0,False,accepted,8
math,0,0.7,0.7,4,0,0.21108,False,accepted,1
math,0,0.7,0.7,4,1,0.50706,True,stopped,1
math,0,0.7,0.7,5,0,0.50592,False,accepted,2
math,0,0.7,0.7,5,1,0.0,False,accepted,2
math,0,0.7,0.7,5,2,0.91711,True,stopped,2
math,0,0.7,0.7,6,0,0.81695,False,rejected,2
math,0,0.7,0.7,6,1,0.02937,False,untested,2
math,0,0.7,0.7,6,2,0.78637,True,stopped,2
math,0,0.7,0.7,7,0,0.00026,False,accepted,3
math,0,0.7,0.7,7,1,0.0,False,accepted,3
math,0,0.7,0.7,7,2,0.0722,False,accepted,3
math,0,0.7,0.7,7,3,0.8475,True,stopped,3
math,0,0.7,0.7,8,0,0.00057,False,accepted,8
math,0,0.7,0.7,8,1,0.0,False,accepted,8
math,0,0.7,0.7,8,2,0.0,False,accepted,8
math,0,0.7,0.7,8,3,1e-05,False,accepted,8
math,0,0.7,0.7,8,4,0.0,False,accepted,8
math,0,0.7,0.7,8,5,0.06044,False,accepted,8
math,0,0.7,0.7,8,6,0.0,False,accepted,8
math,0,0.7,0.7,8,7,1e-05,False,accepted,8
math,0,0.7,0.7,9,0,1.0029,False,accepted,8
math,0,0.7,0.7,9,1,0.11292,False,accepted,8
math,0,0.7,0.7,9,2,0.0,False,accepted,8
math,0,0.7,0.7,9,3,7e-05,False,accepted,8
math,0,0.7,0.7,9,4,1e-05,False,accepted,8
math,0,0.7,0.7,9,5,0.0,False,accepted,8
math,0,0.7,0.7,9,6,9e-05,False,accepted,8
math,0,0.7,0.7,9,7,0.0,False,accepted,8
math,0,0.7,0.7,10,0,0.0,False,accepted,8
math,0,0.7,0.7,10,1,0.0,False,accepted,8
math,0,0.7,0.7,10,2,0.0,False,accepted,8
math,0,0.7,0.7,10,3,0.0,False,accepted,8
math,0,0.7,0.7,10,4,0.0,False,accepted,8
math,0,0.7,0.7,10,5,0.0,False,accepted,8
math,0,0.7,0.7,10,6,0.0,False,accepted,8
math,0,0.7,0.7,10,7,0.00417,False,accepted,8
math,0,0.7,0.7,11,0,0.68478,False,accepted,8
math,0,0.7,0.7,11,1,0.0,False,accepted,8
math,0,0.7,0.7,11,2,0.0,False,accepted,8
math,0,0.7,0.7,11,3,0.0025,False,accepted,8
math,0,0.7,0.7,11,4,0.0,False,accepted,8
math,0,0.7,0.7,11,5,0.0,False,accepted,8
math,0,0.7,0.7,11,6,0.0,False,accepted,8
math,0,0.7,0.7,11,7,0.00029,False,accepted,8
math,0,0.7,0.7,12,0,0.07265,False,accepted,7
math,0,0.7,0.7,12,1,0.0,False,accepted,7
math,0,0.7,0.7,12,2,0.0,False,accepted,7
math,0,0.7,0.7,12,3,0.0,False,accepted,7
math,0,0.7,0.7,12,4,0.01132,False,accepted,7
math,0,0.7,0.7,12,5,3e-05,False,accepted,7
math,0,0.7,0.7,12,6,0.0,False,accepted,7
math,0,0.7,0.7,12,7,0.68426,True,stopped,7
math,0,0.7,0.7,13,0,0.0,False,accepted,6
math,0,0.7,0.7,13,1,0.0,False,accepted,6
math,0,0.7,0.7,13,2,0.0,False,accepted,6
math,0,0.7,0.7,13,3,7e-05,False,accepted,6
math,0,0.7,0.7,13,4,0.0,False,accepted,6
math,0,0.7,0.7,13,5,0.01864,False,accepted,6
math,0,0.7,0.7,13,6,0.52549,True,stopped,6
math,0,0.7,0.7,14,0,0.00342,False,accepted,8
math,0,0.7,0.7,14,1,6e-05,False,accepted,8
math,0,0.7,0.7,14,2,0.0,False,accepted,8
math,0,0.7,0.7,14,3,0.0,False,accepted,8
math,0,0.7,0.7,14,4,0.0,False,accepted,8
math,0,0.7,0.7,14,5,0.0002,False,accepted,8
math,0,0.7,0.7,14,6,1e-05,False,accepted,8
math,0,0.7,0.7,14,7,0.0,False,accepted,8
math,0,0.7,0.7,15,0,0.00011,False,accepted,8
math,0,0.7,0.7,15,1,0.0,False,accepted,8
math,0,0.7,0.7,15,2,0.0,False,accepted,8
math,0,0.7,0.7,15,3,0.0,False,accepted,8
math,0,0.7,0.7,15,4,0.0,False,accepted,8
math,0,0.7,0.7,15,5,0.0,False,accepted,8
math,0,0.7,0.7,15,6,0.0,False,accepted,8
math,0,0.7,0.7,15,7,3e-05,False,accepted,8
math,0,0.7,0.7,16,0,0.00053,False,accepted,8
math,0,0.7,0.7,16,1,1e-05,False,accepted,8
math,0,0.7,0.7,16,2,0.0,False,accepted,8
math,0,0.7,0.7,16,3,0.00026,False,accepted,8
math,0,0.7,0.7,16,4,0.0,False,accepted,8
math,0,0.7,0.7,16,5,0.0,False,accepted,8
math,0,0.7,0.7,16,6,0.0011,False,accepted,8
math,0,0.7,0.7,16,7,0.22661,False,accepted,8
math,0,0.7,0.7,17,0,0.02627,False,accepted,2
math,0,0.7,0.7,17,1,0.00031,False,accepted,2
math,0,0.7,0.7,17,2,0.7267,True,stopped,2
math,0,0.7,0.7,18,0,0.00386,False,accepted,8
math,0,0.7,0.7,18,1,0.00337,False,accepted,8
math,0,0.7,0.7,18,2,0.0,False,accepted,8
math,0,0.7,0.7,18,3,1e-05,False,accepted,8
math,0,0.7,0.7,18,4,0.0,False,accepted,8
math,0,0.7,0.7,18,5,0.00081,False,accepted,8
math,0,0.7,0.7,18,6,0.09112,False,accepted,8
math,0,0.7,0.7,18,7,0.0166,False,accepted,8
math,0,0.7,0.3,0,0,0.76323,False,rejected,8
math,0,0.7,0.3,0,1,4e-05,False,untested,8
math,0,0.7,0.3,0,2,0.27253,False,untested,8
math,0,0.7,0.3,0,3,0.00101,False,untested,8
math,0,0.7,0.3,0,4,0.04238,False,untested,8
math,0,0.7,0.3,0,5,0.13641,False,untested,8
math,0,0.7,0.3,0,6,0.0,False,untested,8
math,0,0.7,0.3,0,7,0.0,False,untested,8
math,0,0.7,0.3,1,0,0.50111,False,accepted,8
math,0,0.7,0.3,1,1,0.14873,False,rejected,8
math,0,0.7,0.3,1,2,0.00045,False,untested,8
math,0,0.7,0.3,1,3,0.00104,False,untested,8
math,0,0.7,0.3,1,4,0.03688,False,untested,8
math,0,0.7,0.3,1,5,0.00262,False,untested,8
math,0,0.7,0.3,1,6,0.17201,False,untested,8
math,0,0.7,0.3,1,7,0.14342,False,untested,8
math,0,0.7,0.3,2,0,0.88109,False,accepted,8
math,0,0.7,0.3,2,1,0.12041,False,accepted,8
math,0,0.7,0.3,2,2,0.24945,False,accepted,8
math,0,0.7,0.3,2,3,0.00246,False,accepted,8
math,0,0.7,0.3,2,4,0.73071,False,accepted,8
math,0,0.7,0.3,2,5,0.22108,False,accepted,8
math,0,0.7,0.3,2,6,0.0,False,accepted,8
math,0,0.7,0.3,2,7,0.0,False,accepted,8
math,0,0.7,0.3,3,0,0.0,False,accepted,8
math,0,0.7,0.3,3,1,0.0,False,accepted,8
math,0,0.7,0.3,3,2,0.0,False,accepted,8
math,0,0.7,0.3,3,3,0.0,False,accepted,8
math,0,0.7,0.3,3,4,0.0,False,accepted,8
math,0,0.7,0.3,3,5,0.21438,False,rejected,8
math,0,0.7,0.3,3,6,0.79684,False,untested,8
math,0,0.7,0.3,3,7,0.75129,False,untested,8
math,0,0.7,0.3,4,0,0.51243,False,accepted,8
math,0,0.7,0.3,4,1,0.01878,False,accepted,8
math,0,0.7,0.3,4,2,0.0,False,accepted,8
math,0,0.7,0.3,4,3,0.45607,False,accepted,8
math,0,0.7,0.3,4,4,0.44826,False,rejected,8
math,0,0.7,0.3,4,5,0.76467,False,untested,8
math,0,0.7,0.3,4,6,0.01427,False,untested,8
math,0,0.7,0.3,4,7,0.56123,False,untested,8
math,0,0.7,0.3,5,0,0.39146,False,accepted,8
math,0,0.7,0.3,5,1,0.01757,False,accepted,8
math,0,0.7,0.3,5,2,1e-05,False,accepted,8
math,0,0.7,0.3,5,3,1.25741,False,rejected,8
math,0,0.7,0.3,5,4,0.76182,False,untested,8
math,0,0.7,0.3,5,5,0.00176,False,untested,8
math,0,0.7,0.3,5,6,1.29192,False,untested,8
math,0,0.7,0.3,5,7,0.49585,False,untested,8
math,0,0.7,0.3,6,0,1.09877,False,rejected,8
math,0,0.7,0.3,6,1,0.91224,False,untested,8
math,0,0.7,0.3,6,2,0.23392,False,untested,8
math,0,0.7,0.3,6,3,1.08154,False,untested,8
math,0,0.7,0.3,6,4,0.00139,False,untested,8
math,0,0.7,0.3,6,5,0.0,False,untested,8
math,0,0.7,0.3,6,6,0.53943,False,untested,8
math,0,0.7,0.3,6,7,0.02413,False,untested,8
math,0,0.7,0.3,7,0,0.00437,False,accepted,8
math,0,0.7,0.3,7,1,0.32313,False,accepted,8
math,0,0.7,0.3,7,2,1e-05,False,accepted,8
math,0,0.7,0.3,7,3,0.02336,False,accepted,8
math,0,0.7,0.3,7,4,0.5226,False,accepted,8
math,0,0.7,0.3,7,5,0.00257,False,accepted,8
math,0,0.7,0.3,7,6,0.0,False,accepted,8
math,0,0.7,0.3,7,7,7e-05,False,accepted,8
math,0,0.7,0.3,8,0,0.0,False,accepted,8
math,0,0.7,0.3,8,1,0.45518,False,accepted,8
math,0,0.7,0.3,8,2,0.0,False,accepted,8
math,0,0.7,0.3,8,3,1e-05,False,accepted,8
math,0,0.7,0.3,8,4,0.992,False,accepted,8
math,0,0.7,0.3,8,5,1.52689,False,accepted,8
math,0,0.7,0.3,8,6,0.0065,False,accepted,8
math,0,0.7,0.3,8,7,0.12007,False,accepted,8
math,0,0.7,0.3,9,0,0.11403,False,accepted,8
math,0,0.7,0.3,9,1,0.19519,False,accepted,8
math,0,0.7,0.3,9,2,0.00017,False,accepted,8
math,0,0.7,0.3,9,3,0.16897,False,accepted,8
math,0,0.7,0.3,9,4,0.00017,False,accepted,8
math,0,0.7,0.3,9,5,0.00543,False,accepted,8
math,0,0.7,0.3,9,6,0.70772,False,rejected,8
math,0,0.7,0.3,9,7,0.0086,False,untested,8
math,0,0.7,0.3,10,0,1.05663,False,accepted,8
math,0,0.7,0.3,10,1,8e-05,False,accepted,8
math,0,0.7,0.3,10,2,0.39683,False,accepted,8
math,0,0.7,0.3,10,3,0.03789,False,accepted,8
math,0,0.7,0.3,10,4,0.0,False,accepted,8
math,0,0.7,0.3,10,5,0.08171,False,accepted,8
math,0,0.7,0.3,10,6,0.48118,False,accepted,8
math,0,0.7,0.3,10,7,0.39527,False,accepted,8
math,0,0.7,0.3,11,0,0.00024,False,accepted,8
math,0,0.7,0.3,11,1,0.05376,False,accepted,8
math,0,0.7,0.3,11,2,0.01638,False,accepted,8
math,0,0.7,0.3,11,3,0.54453,False,rejected,8
math,0,0.7,0.3,11,4,0.0,False,untested,8
math,0,0.7,0.3,11,5,0.00066,False,untested,8
math,0,0.7,0.3,11,6,0.30085,False,untested,8
math,0,0.7,0.3,11,7,0.03611,False,untested,8
math,0,0.7,0.3,12,0,0.03965,False,rejected,8
math,0,0.7,0.3,12,1,0.03232,False,untested,8
math,0,0.7,0.3,12,2,9e-05,False,untested,8
math,0,0.7,0.3,12,3,9e-05,False,untested,8
math,0,0.7,0.3,12,4,0.01087,False,untested,8
math,0,0.7,0.3,12,5,7e-05,False,untested,8
math,0,0.7,0.3,12,6,0.00596,False,untested,8
math,0,0.7,0.3,12,7,0.0,False,untested,8
math,0,0.7,0.3,13,0,0.09739,False,accepted,8
math,0,0.7,0.3,13,1,0.0,False,accepted,8
math,0,0.7,0.3,13,2,3e-05,False,accepted,8
math,0,0.7,0.3,13,3,0.39454,False,accepted,8
math,0,0.7,0.3,13,4,0.00043,False,accepted,8
math,0,0.7,0.3,13,5,0.89442,False,accepted,8
math,0,0.7,0.3,13,6,0.00056,False,accepted,8
math,0,0.7,0.3,13,7,0.00101,False,accepted,8
math,0,0.7,0.3,14,0,0.28003,False,accepted,8
math,0,0.7,0.3,14,1,0.00026,False,accepted,8
math,0,0.7,0.3,14,2,0.03772,False,accepted,8
math,0,0.7,0.3,14,3,1e-05,False,accepted,8
math,0,0.7,0.3,14,4,0.00012,False,accepted,8
math,0,0.7,0.3,14,5,2e-05,False,accepted,8
math,0,0.7,0.3,14,6,1e-05,False,accepted,8
math,0,0.7,0.3,14,7,0.0007,False,accepted,8
math,0,0.7,0.3,15,0,0.0,False,accepted,8
math,0,0.7,0.3,15,1,4e-05,False,accepted,8
math,0,0.7,0.3,15,2,0.0,False,accepted,8
math,0,0.7,0.3,15,3,0.0,False,accepted,8
math,0,0.7,0.3,15,4,0.0,False,accepted,8
math,0,0.7,0.3,15,5,3e-05,False,accepted,8
math,0,0.7,0.3,15,6,0.0,False,accepted,8
math,0,0.7,0.3,15,7,0.0,False,accepted,8
math,0,0.7,0.3,16,0,1e-05,False,accepted,8
math,0,0.7,0.3,16,1,0.0055,False,accepted,8
math,0,0.7,0.3,16,2,0.70078,False,accepted,8
math,0,0.7,0.3,16,3,0.00012,False,accepted,8
math,0,0.7,0.3,16,4,8e-05,False,accepted,8
math,0,0.7,0.3,16,5,0.00067,False,accepted,8
math,0,0.7,0.3,16,6,0.0201,False,accepted,8
math,0,0.7,0.3,16,7,0.00015,False,accepted,8
math,0,0.7,0.3,17,0,0.0,False,accepted,8
math,0,0.7,0.3,17,1,0.0,False,accepted,8
math,0,0.7,0.3,17,2,0.00328,False,accepted,8
math,0,0.7,0.3,17,3,0.0,False,accepted,8
math,0,0.7,0.3,17,4,0.00011,False,accepted,8
math,0,0.7,0.3,17,5,0.0,False,accepted,8
math,0,0.7,0.3,17,6,1e-05,False,accepted,8
math,0,0.7,0.3,17,7,0.0,False,accepted,8
math,0,0.7,0.3,18,0,0.01629,False,accepted,8
math,0,0.7,0.3,18,1,1e-05,False,accepted,8
math,0,0.7,0.3,18,2,0.0,False,accepted,8
math,0,0.7,0.3,18,3,0.0,False,accepted,8
math,0,0.7,0.3,18,4,0.0,False,accepted,8
math,0,0.7,0.3,18,5,0.00245,False,accepted,8
math,0,0.7,0.3,18,6,0.00027,False,accepted,8
math,0,0.7,0.3,18,7,0.0,False,accepted,8
math,0,0.7,0.3,19,0,0.09201,False,accepted,6
math,0,0.7,0.3,19,1,0.0,False,accepted,6
math,0,0.7,0.3,19,2,0.01489,False,accepted,6
math,0,0.7,0.3,19,3,0.81225,False,accepted,6
math,0,0.7,0.3,19,4,0.93467,False,accepted,6
math,0,0.7,0.3,19,5,0.6682,False,accepted,6
math,0,0.7,0.5,0,0,0.76323,False,rejected,8
math,0,0.7,0.5,0,1,4e-05,False,untested,8
math,0,0.7,0.5,0,2,0.27253,False,untested,8
math,0,0.7,0.5,0,3,0.00101,False,untested,8
math,0,0.7,0.5,0,4,0.04238,False,untested,8
math,0,0.7,0.5,0,5,0.13641,False,untested,8
math,0,0.7,0.5,0,6,0.0,False,untested,8
math,0,0.7,0.5,0,7,0.0,False,untested,8
math,0,0.7,0.5,1,0,0.50111,False,accepted,8
math,0,0.7,0.5,1,1,0.14873,False,rejected,8
math,0,0.7,0.5,1,2,0.00045,False,untested,8
math,0,0.7,0.5,1,3,0.00104,False,untested,8
math,0,0.7,0.5,1,4,0.03688,False,untested,8
math,0,0.7,0.5,1,5,0.00262,False,untested,8
math,0,0.7,0.5,1,6,0.17201,False,untested,8
math,0,0.7,0.5,1,7,0.14342,False,untested,8
math,0,0.7,0.5,2,0,0.88109,False,accepted,8
math,0,0.7,0.5,2,1,0.12041,False,accepted,8
math,0,0.7,0.5,2,2,0.24945,False,accepted,8
math,0,0.7,0.5,2,3,0.00246,False,accepted,8
math,0,0.7,0.5,2,4,0.73071,False,accepted,8
math,0,0.7,0.5,2,5,0.22108,False,accepted,8
math,0,0.7,0.5,2,6,0.0,False,accepted,8
math,0,0.7,0.5,2,7,0.0,False,accepted,8
math,0,0.7,0.5,3,0,0.0,False,accepted,8
math,0,0.7,0.5,3,1,0.0,False,accepted,8
math,0,0.7,0.5,3,2,0.0,False,accepted,8
math,0,0.7,0.5,3,3,0.0,False,accepted,8
math,0,0.7,0.5,3,4,0.0,False,accepted,8
math,0,0.7,0.5,3,5,0.21438,False,rejected,8
math,0,0.7,0.5,3,6,0.79684,False,untested,8
math,0,0.7,0.5,3,7,0.75129,False,untested,8
math,0,0.7,0.5,4,0,0.51243,False,accepted,8
math,0,0.7,0.5,4,1,0.01878,False,accepted,8
math,0,0.7,0.5,4,2,0.0,False,accepted,8
math,0,0.7,0.5,4,3,0.45607,False,accepted,8
math,0,0.7,0.5,4,4,0.44826,False,rejected,8
math,0,0.7,0.5,4,5,0.76467,False,untested,8
math,0,0.7,0.5,4,6,0.01427,False,untested,8
math,0,0.7,0.5,4,7,0.56123,False,untested,8
math,0,0.7,0.5,5,0,0.39146,False,accepted,3
math,0,0.7,0.5,5,1,0.01757,False,accepted,3
math,0,0.7,0.5,5,2,1e-05,False,accepted,3
math,0,0.7,0.5,5,3,1.25741,True,stopped,3
math,0,0.7,0.5,6,0,1.09877,False,rejected,8
math,0,0.7,0.5,6,1,0.01227,False,untested,8
math,0,0.7,0.5,6,2,0.81886,False,untested,8
math,0,0.7,0.5,6,3,0.63778,False,untested,8
math,0,0.7,0.5,6,4,0.00365,False,untested,8
math,0,0.7,0.5,6,5,0.00271,False,untested,8
math,0,0.7,0.5,6,6,0.0,False,untested,8
math,0,0.7,0.5,6,7,2e-05,False,untested,8
math,0,0.7,0.5,7,0,0.00437,False,accepted,8
math,0,0.7,0.5,7,1,0.32313,False,accepted,8
math,0,0.7,0.5,7,2,1e-05,False,accepted,8
math,0,0.7,0.5,7,3,0.02336,False,accepted,8
math,0,0.7,0.5,7,4,0.5226,False,accepted,8
math,0,0.7,0.5,7,5,0.00257,False,accepted,8
math,0,0.7,0.5,7,6,0.0,False,accepted,8
math,0,0.7,0.5,7,7,7e-05,False,accepted,8
math,0,0.7,0.5,8,0,0.0,False,accepted,5
math,0,0.7,0.5,8,1,0.45518,False,accepted,5
math,0,0.7,0.5,8,2,0.0,False,accepted,5
math,0,0.7,0.5,8,3,1e-05,False,accepted,5
math,0,0.7,0.5,8,4,0.992,False,accepted,5
math,0,0.7,0.5,8,5,1.34161,True,stopped,5
math,0,0.7,0.5,9,0,2.11712,False,rejected,8
math,0,0.7,0.5,9,1,0.32216,False,untested,8
math,0,0.7,0.5,9,2,0.10266,False,untested,8
math,0,0.7,0.5,9,3,0.00261,False,untested,8
math,0,0.7,0.5,9,4,0.20819,False,untested,8
math,0,0.7,0.5,9,5,0.13424,False,untested,8
math,0,0.7,0.5,9,6,0.0002,False,untested,8
math,0,0.7,0.5,9,7,0.32701,False,untested,8
math,0,0.7,0.5,10,0,1.66102,False,rejected,8
math,0,0.7,0.5,10,1,0.48867,False,untested,8
math,0,0.7,0.5,10,2,0.14046,False,untested,8
math,0,0.7,0.5,10,3,0.00167,False,untested,8
math,0,0.7,0.5,10,4,0.93071,False,untested,8
math,0,0.7,0.5,10,5,0.0725,False,untested,8
math,0,0.7,0.5,10,6,0.11555,False,untested,8
math,0,0.7,0.5,10,7,0.14247,False,untested,8
math,0,0.7,0.5,11,0,0.30096,False,accepted,8
math,0,0.7,0.5,11,1,2e-05,False,accepted,8
math,0,0.7,0.5,11,2,0.02981,False,accepted,8
math,0,0.7,0.5,11,3,0.1882,False,accepted,8
math,0,0.7,0.5,11,4,0.00251,False,accepted,8
math,0,0.7,0.5,11,5,0.35481,False,accepted,8
math,0,0.7,0.5,11,6,0.2971,False,accepted,8
math,0,0.7,0.5,11,7,0.00014,False,accepted,8
math,0,0.7,0.5,12,0,1.01669,False,accepted,1
math,0,0.7,0.5,12,1,1.43031,True,stopped,1
math,0,0.7,0.5,13,0,0.00747,False,accepted,4
math,0,0.7,0.5,13,1,0.18817,False,accepted,4
math,0,0.7,0.5,13,2,0.00538,False,accepted,4
math,0,0.7,0.5,13,3,0.07413,False,accepted,4
math,0,0.7,0.5,13,4,1.27036,True,stopped,4
math,0,0.7,0.5,14,0,1.17883,False,rejected,8
math,0,0.7,0.5,14,1,0.0482,False,untested,8
math,0,0.7,0.5,14,2,5e-05,False,untested,8
math,0,0.7,0.5,14,3,0.00135,False,untested,8
math,0,0.7,0.5,14,4,0.17161,False,untested,8
math,0,0.7,0.5,14,5,0.00176,False,untested,8
math,0,0.7,0.5,14,6,0.67156,False,untested,8
math,0,0.7,0.5,14,7,0.25665,False,untested,8
math,0,0.7,0.5,15,0,0.01517,False,accepted,5
math,0,0.7,0.5,15,1,0.73136,False,rejected,5
math,0,0.7,0.5,15,2,0.11297,False,untested,5
math,0,0.7,0.5,15,3,0.12624,False,untested,5
math,0,0.7,0.5,15,4,0.46138,False,untested,5
math,0,0.7,0.5,15,5,1.40304,True,stopped,5
math,0,0.7,0.5,16,0,0.06238,False,accepted,8
math,0,0.7,0.5,16,1,0.0,False,accepted,8
math,0,0.7,0.5,16,2,0.11942,False,accepted,8
math,0,0.7,0.5,16,3,0.71225,False,rejected,8
math,0,0.7,0.5,16,4,0.00108,False,untested,8
math,0,0.7,0.5,16,5,0.12822,False,untested,8
math,0,0.7,0.5,16,6,7e-05,False,untested,8
math,0,0.7,0.5,16,7,0.06628,False,untested,8
math,0,0.7,0.5,17,0,0.36662,False,accepted,8
math,0,0.7,0.5,17,1,0.38073,False,accepted,8
math,0,0.7,0.5,17,2,0.00273,False,accepted,8
math,0,0.7,0.5,17,3,0.09951,False,accepted,8
math,0,0.7,0.5,17,4,0.0462,False,accepted,8
math,0,0.7,0.5,17,5,0.72534,False,accepted,8
math,0,0.7,0.5,17,6,0.5828,False,accepted,8
math,0,0.7,0.5,17,7,0.00011,False,accepted,8
math,0,0.7,0.5,18,0,2e-05,False,accepted,8
math,0,0.7,0.5,18,1,0.00019,False,accepted,8
math,0,0.7,0.5,18,2,1e-05,False,accepted,8
math,0,0.7,0.5,18,3,1e-05,False,accepted,8
math,0,0.7,0.5,18,4,0.19094,False,accepted,8
math,0,0.7,0.5,18,5,0.0,False,accepted,8
math,0,0.7,0.5,18,6,0.0,False,accepted,8
math,0,0.7,0.5,18,7,0.00078,False,accepted,8
math,0,0.7,0.5,19,0,0.0,False,accepted,8
math,0,0.7,0.5,19,1,0.0,False,accepted,8
math,0,0.7,0.5,19,2,0.00015,False,accepted,8
math,0,0.7,0.5,19,3,0.0,False,accepted,8
math,0,0.7,0.5,19,4,0.0,False,accepted,8
math,0,0.7,0.5,19,5,0.0054,False,accepted,8
math,0,0.7,0.5,19,6,1e-05,False,accepted,8
math,0,0.7,0.5,19,7,0.02209,False,accepted,8
math,0,0.7,0.5,20,0,0.55911,False,accepted,8
math,0,0.7,0.5,20,1,0.00473,False,accepted,8
math,0,0.7,0.5,20,2,0.98748,False,rejected,8
math,0,0.7,0.5,20,3,0.00035,False,untested,8
math,0,0.7,0.5,20,4,0.7546,False,untested,8
math,0,0.7,0.5,20,5,0.00487,False,untested,8
math,0,0.7,0.5,20,6,0.0,False,untested,8
math,0,0.7,0.5,20,7,9e-05,False,untested,8
math,0,0.7,0.5,21,0,0.04791,False,accepted,8
math,0,0.7,0.5,21,1,6e-05,False,accepted,8
math,0,0.7,0.5,21,2,7e-05,False,accepted,8
math,0,0.7,0.5,21,3,0.0,False,accepted,8
math,0,0.7,0.5,21,4,0.02941,False,accepted,8
math,0,0.7,0.5,21,5,1e-05,False,accepted,8
math,0,0.7,0.5,21,6,0.00027,False,accepted,8
math,0,0.7,0.5,21,7,0.0,False,accepted,8
math,0,0.7,0.5,22,0,0.0,False,accepted,8
math,0,0.7,0.5,22,1,0.00043,False,accepted,8
math,0,0.7,0.5,22,2,0.05925,False,accepted,8
math,0,0.7,0.5,22,3,4e-05,False,accepted,8
math,0,0.7,0.5,22,4,0.0,False,accepted,8
math,0,0.7,0.5,22,5,0.0,False,accepted,8
math,0,0.7,0.5,22,6,0.0,False,accepted,8
math,0,0.7,0.5,22,7,0.00985,False,accepted,8
math,0,0.7,0.5,23,0,0.0,False,accepted,8
math,0,0.7,0.5,23,1,0.69215,False,rejected,8
math,0,0.7,0.5,23,2,0.0,False,untested,8
math,0,0.7,0.5,23,3,6e-05,False,untested,8
math,0,0.7,0.5,23,4,3e-05,False,untested,8
math,0,0.7,0.5,23,5,0.03947,False,untested,8
math,0,0.7,0.5,23,6,0.0,False,untested,8
math,0,0.7,0.5,23,7,0.04654,False,untested,8
math,0,0.7,0.5,24,0,0.08581,False,accepted,8
math,0,0.7,0.5,24,1,0.0,False,accepted,8
math,0,0.7,0.5,24,2,0.15555,False,accepted,8
math,0,0.7,0.5,24,3,0.01499,False,accepted,8
math,0,0.7,0.5,24,4,0.55524,False,accepted,8
math,0,0.7,0.5,24,5,1.0477,False,rejected,8
math,0,0.7,0.5,24,6,0.10245,False,untested,8
math,0,0.7,0.5,24,7,0.08701,False,untested,8
math,0,0.7,0.5,25,0,0.50433,False,accepted,3
math,0,0.7,0.5,25,1,0.77022,False,accepted,3
math,0,0.7,0.5,25,2,0.03281,False,accepted,3
math,0,0.7,0.9,0,0,0.76323,False,rejected,2
math,0,0.7,0.9,0,1,4e-05,False,untested,2
math,0,0.7,0.9,0,2,0.27253,True,stopped,2
math,0,0.7,0.9,1,0,0.01824,False,accepted,1
math,0,0.7,0.9,1,1,0.36315,True,stopped,1
math,0,0.7,0.9,2,0,0.00034,False,accepted,4
math,0,0.7,0.9,2,1,0.00175,False,accepted,4
math,0,0.7,0.9,2,2,0.02246,False,accepted,4
math,0,0.7,0.9,2,3,0.00265,False,accepted,4
math,0,0.7,0.9,2,4,0.15246,True,stopped,4
math,0,0.7,0.9,3,0,0.22106,False,accepted,8
math,0,0.7,0.9,3,1,0.0,False,accepted,8
math,0,0.7,0.9,3,2,0.0,False,accepted,8
math,0,0.7,0.9,3,3,0.0,False,accepted,8
math,0,0.7,0.9,3,4,0.0,False,accepted,8
math,0,0.7,0.9,3,5,0.0,False,accepted,8
math,0,0.7,0.9,3,6,0.0,False,accepted,8
math,0,0.7,0.9,3,7,0.0,False,accepted,8
math,0,0.7,0.9,4,0,0.17737,False,accepted,2
math,0,0.7,0.9,4,1,0.01958,False,accepted,2
math,0,0.7,0.9,4,2,0.22445,True,stopped,2
math,0,0.7,0.9,5,0,0.0,False,accepted,1
math,0,0.7,0.9,5,1,0.22377,True,stopped,1
math,0,0.7,0.9,6,0,0.76734,False,rejected,2
math,0,0.7,0.9,6,1,0.00331,False,untested,2
math,0,0.7,0.9,6,2,0.25459,True,stopped,2
math,0,0.7,0.9,7,0,0.00056,False,accepted,4
math,0,0.7,0.9,7,1,0.04173,False,accepted,4
math,0,0.7,0.9,7,2,0.0,False,accepted,4
math,0,0.7,0.9,7,3,0.00455,False,accepted,4
math,0,0.7,0.9,7,4,0.89707,True,stopped,4
math,0,0.7,0.9,8,0,0.00118,False,accepted,5
math,0,0.7,0.9,8,1,0.0,False,accepted,5
math,0,0.7,0.9,8,2,8e-05,False,accepted,5
math,0,0.7,0.9,8,3,0.00011,False,accepted,5
math,0,0.7,0.9,8,4,0.0,False,accepted,5
math,0,0.7,0.9,8,5,0.41253,True,stopped,5
math,0,0.7,0.9,9,0,0.0,False,accepted,2
math,0,0.7,0.9,9,1,1e-05,False,accepted,2
math,0,0.7,0.9,9,2,0.88146,True,stopped,2
math,0,0.7,0.9,10,0,0.94551,False,accepted,1
math,0,0.7,0.9,10,1,1.22717,True,stopped,1
math,0,0.7,0.9,11,0,1.13156,False,accepted,1
math,0,0.7,0.9,11,1,1.09598,True,stopped,1
math,0,0.7,0.9,12,0,0.00206,False,accepted,4
math,0,0.7,0.9,12,1,0.0146,False,accepted,4
math,0,0.7,0.9,12,2,0.0011,False,accepted,4
math,0,0.7,0.9,12,3,0.00038,False,accepted,4
math,0,0.7,0.9,12,4,0.39399,True,stopped,4
math,0,0.7,0.9,13,0,0.62101,False,accepted,2
math,0,0.7,0.9,13,1,0.00347,False,accepted,2
math,0,0.7,0.9,13,2,0.26691,True,stopped,2
math,0,0.7,0.9,14,0,7e-05,False,accepted,1
math,0,0.7,0.9,14,1,0.65852,True,stopped,1
math,0,0.7,0.9,15,0,0.01357,False,accepted,3
math,0,0.7,0.9,15,1,0.01694,False,accepted,3
math,0,0.7,0.9,15,2,0.0,False,accepted,3
math,0,0.7,0.9,15,3,0.28591,True,stopped,3
math,0,0.7,0.9,16,0,0.0,False,accepted,2
math,0,0.7,0.9,16,1,0.0016,False,accepted,2
math,0,0.7,0.9,16,2,0.42333,True,stopped,2
math,0,0.7,0.9,17,0,0.36911,False,accepted,8
math,0,0.7,0.9,17,1,2e-05,False,accepted,8
math,0,0.7,0.9,17,2,0.02398,False,accepted,8
math,0,0.7,0.9,17,3,0.0,False,accepted,8
math,0,0.7,0.9,17,4,3e-05,False,accepted,8
math,0,0.7,0.9,17,5,0.0,False,accepted,8
math,0,0.7,0.9,17,6,0.0,False,accepted,8
math,0,0.7,0.9,17,7,0.00176,False,accepted,8
math,0,0.7,0.9,18,0,0.0,False,accepted,8
math,0,0.7,0.9,18,1,1e-05,False,accepted,8
math,0,0.7,0.9,18,2,0.0,False,accepted,8
math,0,0.7,0.9,18,3,0.0,False,accepted,8
math,0,0.7,0.9,18,4,0.0,False,accepted,8
math,0,0.7,0.9,18,5,1e-05,False,accepted,8
math,0,0.7,0.9,18,6,0.0,False,accepted,8
math,0,0.7,0.9,18,7,0.0,False,accepted,8
math,0,0.7,0.9,19,0,0.0,False,accepted,2
math,0,0.7,0.9,19,1,0.00829,False,accepted,2
math,0,0.7,0.9,19,2,0.96367,True,stopped,2
math,0,0.7,0.9,20,0,0.41171,False,accepted,2
math,0,0.7,0.9,20,1,0.00125,False,accepted,2
math,0,0.7,0.9,20,2,0.37737,True,stopped,2
math,0,0.7,0.9,21,0,0.107,False,accepted,8
math,0,0.7,0.9,21,1,0.00039,False,accepted,8
math,0,0.7,0.9,21,2,0.00145,False,accepted,8
math,0,0.7,0.9,21,3,0.03534,False,accepted,8
math,0,0.7,0.9,21,4,3e-05,False,accepted,8
math,0,0.7,0.9,21,5,0.0,False,accepted,8
math,0,0.7,0.9,21,6,0.0,False,accepted,8
math,0,0.7,0.9,21,7,0.0,False,accepted,8
math,0,0.7,0.9,22,0,0.0,False,accepted,8
math,0,0.7,0.9,22,1,1e-05,False,accepted,8
math,0,0.7,0.9,22,2,0.0,False,accepted,8
math,0,0.7,0.9,22,3,1e-05,False,accepted,8
math,0,0.7,0.9,22,4,0.0,False,accepted,8
math,0,0.7,0.9,22,5,4e-05,False,accepted,8
math,0,0.7,0.9,22,6,0.00495,False,accepted,8
math,0,0.7,0.9,22,7,0.0,False,accepted,8
math,0,0.7,0.9,23,0,0.0,False,accepted,5
math,0,0.7,0.9,23,1,0.0,False,accepted,5
math,0,0.7,0.9,23,2,0.00474,False,accepted,5
math,0,0.7,0.9,23,3,1e-05,False,accepted,5
math,0,0.7,0.9,23,4,0.0,False,accepted,5
math,0,0.7,0.9,23,5,0.52546,True,stopped,5
math,0,0.7,0.9,24,0,0.0,False,accepted,8
math,0,0.7,0.9,24,1,0.0,False,accepted,8
math,0,0.7,0.9,24,2,0.0,False,accepted,8
math,0,0.7,0.9,24,3,0.00083,False,accepted,8
math,0,0.7,0.9,24,4,0.0,False,accepted,8
math,0,0.7,0.9,24,5,0.02264,False,accepted,8
math,0,0.7,0.9,24,6,0.01326,False,accepted,8
math,0,0.7,0.9,24,7,0.00424,False,accepted,8
math,0,0.7,0.9,25,0,0.02833,False,accepted,2
math,0,0.7,0.9,25,1,0.00037,False,accepted,2
math,0,0.7,0.9,25,2,0.37416,True,stopped,2
math,0,0.7,0.9,26,0,0.50588,False,rejected,1
math,0,0.7,0.9,26,1,0.53183,True,stopped,1
math,0,0.7,0.9,27,0,4e-05,False,accepted,1
math,0,0.7,0.9,27,1,0.67933,True,stopped,1
math,0,0.7,0.9,28,0,0.02449,False,accepted,3
math,0,0.7,0.9,28,1,0.00187,False,accepted,3
math,0,0.7,0.9,28,2,0.0,False,accepted,3
math,0,0.7,0.9,28,3,0.17689,True,stopped,3
math,0,0.7,0.9,29,0,0.0,False,accepted,2
math,0,0.7,0.9,29,1,0.0,False,accepted,2
math,1,0.0,0.7,0,0,0.27177,False,accepted,1
math,1,0.0,0.7,0,1,0.96441,True,stopped,1
math,1,0.0,0.7,1,0,0.00928,False,accepted,8
math,1,0.0,0.7,1,1,0.03774,False,accepted,8
math,1,0.0,0.7,1,2,0.00037,False,accepted,8
math,1,0.0,0.7,1,3,0.04583,False,accepted,8
math,1,0.0,0.7,1,4,0.27399,False,accepted,8
math,1,0.0,0.7,1,5,0.00058,False,accepted,8
math,1,0.0,0.7,1,6,0.14493,False,accepted,8
math,1,0.0,0.7,1,7,0.42048,False,accepted,8
math,1,0.0,0.7,2,0,0.04662,False,accepted,6
math,1,0.0,0.7,2,1,0.02148,False,accepted,6
math,1,0.0,0.7,2,2,0.09606,False,accepted,6
math,1,0.0,0.7,2,3,0.27713,False,accepted,6
math,1,0.0,0.7,2,4,0.27113,False,accepted,6
math,1,0.0,0.7,2,5,0.01816,False,accepted,6
math,1,0.0,0.7,2,6,0.70323,True,stopped,6
math,1,0.0,0.7,3,0,0.00336,False,accepted,2
math,1,0.0,0.7,3,1,0.01673,False,accepted,2
math,1,0.0,0.7,3,2,1.41828,True,stopped,2
math,1,0.0,0.7,4,0,0.94636,False,rejected,6
math,1,0.0,0.7,4,1,0.00158,False,untested,6
math,1,0.0,0.7,4,2,0.00649,False,untested,6
math,1,0.0,0.7,4,3,0.00071,False,untested,6
math,1,0.0,0.7,4,4,0.00026,False,untested,6
math,1,0.0,0.7,4,5,0.01183,False,untested,6
math,1,0.0,0.7,4,6,0.62487,True,stopped,6
math,1,0.0,0.7,5,0,0.00828,False,accepted,4
math,1,0.0,0.7,5,1,0.0004,False,accepted,4
math,1,0.0,0.7,5,2,0.00033,False,accepted,4
math,1,0.0,0.7,5,3,0.01709,False,accepted,4
math,1,0.0,0.7,5,4,0.52955,True,stopped,4
math,1,0.0,0.7,6,0,0.02554,False,accepted,8
math,1,0.0,0.7,6,1,0.00428,False,accepted,8
math,1,0.0,0.7,6,2,3e-05,False,accepted,8
math,1,0.0,0.7,6,3,0.0021,False,accepted,8
math,1,0.0,0.7,6,4,0.00878,False,accepted,8
math,1,0.0,0.7,6,5,0.00203,False,accepted,8
math,1,0.0,0.7,6,6,0.00069,False,accepted,8
math,1,0.0,0.7,6,7,0.17144,False,accepted,8
math,1,0.0,0.7,7,0,0.56012,False,accepted,8
math,1,0.0,0.7,7,1,0.00087,False,accepted,8
math,1,0.0,0.7,7,2,0.00044,False,accepted,8
math,1,0.0,0.7,7,3,0.00026,False,accepted,8
math,1,0.0,0.7,7,4,0.02827,False,accepted,8
math,1,0.0,0.7,7,5,0.01314,False,accepted,8
math,1,0.0,0.7,7,6,0.03645,False,accepted,8
math,1,0.0,0.7,7,7,0.00298,False,accepted,8
math,1,0.0,0.7,8,0,1.19647,False,accepted,1
math,1,0.0,0.7,8,1,0.90829,True,stopped,1
math,1,0.0,0.7,9,0,0.04753,False,accepted,1
math,1,0.0,0.7,9,1,0.78946,True,stopped,1
math,1,0.0,0.7,10,0,0.45858,False,accepted,8
math,1,0.0,0.7,10,1,0.00213,False,accepted,8
math,1,0.0,0.7,10,2,0.44483,False,accepted,8
math,1,0.0,0.7,10,3,0.3294,False,accepted,8
math,1,0.0,0.7,10,4,4e-05,False,accepted,8
math,1,0.0,0.7,10,5,0.00015,False,accepted,8
math,1,0.0,0.7,10,6,0.14599,False,accepted,8
math,1,0.0,0.7,10,7,0.1166,False,accepted,8
math,1,0.0,0.7,11,0,0.00027,False,accepted,8
math,1,0.0,0.7,11,1,1e-05,False,accepted,8
math,1,0.0,0.7,11,2,0.14648,False,accepted,8
math,1,0.0,0.7,11,3,0.10634,False,accepted,8
math,1,0.0,0.7,11,4,0.00021,False,accepted,8
math,1,0.0,0.7,11,5,0.00134,False,accepted,8
math,1,0.0,0.7,11,6,0.06091,False,accepted,8
math,1,0.0,0.7,11,7,0.00433,False,accepted,8
math,1,0.0,0.7,12,0,0.93879,False,rejected,8
math,1,0.0,0.7,12,1,0.0427,False,untested,8
math,1,0.0,0.7,12,2,0.2873,False,untested,8
math,1,0.0,0.7,12,3,0.00097,False,untested,8
math,1,0.0,0.7,12,4,0.00738,False,untested,8
math,1,0.0,0.7,12,5,0.00174,False,untested,8
math,1,0.0,0.7,12,6,7e-05,False,untested,8
math,1,0.0,0.7,12,7,0.00046,False,untested,8
math,1,0.0,0.7,13,0,0.00273,False,accepted,6
math,1,0.0,0.7,13,1,8e-05,False,accepted,6
math,1,0.0,0.7,13,2,0.00057,False,accepted,6
math,1,0.0,0.7,13,3,0.00265,False,accepted,6
math,1,0.0,0.7,13,4,0.00027,False,accepted,6
math,1,0.0,0.7,13,5,0.02499,False,accepted,6
math,1,0.0,0.7,13,6,1.83505,True,stopped,6
math,1,0.0,0.7,14,0,0.1448,False,accepted,1
math,1,0.0,0.7,14,1,1.11581,True,stopped,1
math,1,0.0,0.7,15,0,0.57051,False,accepted,1
math,1,0.0,0.7,15,1,0.8532,True,stopped,1
math,1,0.0,0.7,16,0,0.43821,False,accepted,8
math,1,0.0,0.7,16,1,0.0037,False,accepted,8
math,1,0.0,0.7,16,2,5e-05,False,accepted,8
math,1,0.0,0.7,16,3,0.01981,False,accepted,8
math,1,0.0,0.7,16,4,0.00346,False,accepted,8
math,1,0.0,0.7,16,5,0.14105,False,accepted,8
math,1,0.0,0.7,16,6,0.01415,False,accepted,8
math,1,0.0,0.7,16,7,0.00041,False,accepted,8
math,1,0.0,0.7,17,0,2e-05,False,accepted,8
math,1,0.0,0.7,17,1,0.0026,False,accepted,8
math,1,0.0,0.7,17,2,0.00206,False,accepted,8
math,1,0.0,0.7,17,3,0.00061,False,accepted,8
math,1,0.0,0.7,17,4,3e-05,False,accepted,8
math,1,0.0,0.7,17,5,1e-05,False,accepted,8
math,1,0.0,0.7,17,6,2e-05,False,accepted,8
math,1,0.0,0.7,17,7,0.00661,False,accepted,8
math,1,0.0,0.7,18,0,0.00016,False,accepted,8
math,1,0.0,0.7,18,1,0.0,False,accepted,8
math,1,0.0,0.7,18,2,0.0697,False,accepted,8
math,1,0.0,0.7,18,3,0.42849,False,accepted,8
math,1,0.0,0.7,18,4,0.00031,False,accepted,8
math,1,0.0,0.7,18,5,0.00184,False,accepted,8
math,1,0.0,0.7,18,6,0.0019,False,accepted,8
math,1,0.0,0.7,18,7,0.00142,False,accepted,8
math,1,0.0,0.7,19,0,2e-05,False,accepted,8
math,1,0.0,0.7,19,1,2e-05,False,accepted,8
math,1,0.0,0.7,19,2,0.00022,False,accepted,8
math,1,0.0,0.7,19,3,0.00014,False,accepted,8
math,1,0.0,0.7,19,4,0.00011,False,accepted,8
math,1,0.0,0.7,19,5,0.26389,False,accepted,8
math,1,0.0,0.7,19,6,0.00059,False,accepted,8
math,1,0.0,0.7,19,7,0.07688,False,accepted,8
math,1,0.0,0.7,20,0,1.38794,False,rejected,8
math,1,0.0,0.7,20,1,0.06386,False,untested,8
math,1,0.0,0.7,20,2,0.00097,False,untested,8
math,1,0.0,0.7,20,3,1e-05,False,untested,8
math,1,0.0,0.7,20,4,0.00103,False,untested,8
math,1,0.0,0.7,20,5,0.00188,False,untested,8
math,1,0.0,0.7,20,6,0.00026,False,untested,8
math,1,0.0,0.7,20,7,0.00693,False,untested,8
math,1,0.0,0.7,21,0,1.64798,False,accepted,1
math,1,0.0,0.7,21,1,0.86055,True,stopped,1
math,1,0.0,0.7,22,0,1.20488,False,accepted,2
math,1,0.0,0.7,22,1,0.13265,False,accepted,2
math,1,0.0,0.7,22,2,0.70095,True,stopped,2
math,1,0.0,0.7,23,0,1.20118,False,accepted,1
math,1,0.0,0.7,23,1,0.75886,True,stopped,1
math,1,0.0,0.7,24,0,0.00039,False,accepted,4
math,1,0.0,0.7,24,1,0.00013,False,accepted,4
math,1,0.0,0.7,24,2,1e-05,False,accepted,4
math,1,0.0,0.7,24,3,0.0292,False,accepted,4
math,1,0.7,0.7,0,0,0.10513,False,accepted,1
math,1,0.7,0.7,0,1,0.84038,True,stopped,1
math,1,0.7,0.7,1,0,0.00047,False,accepted,8
math,1,0.7,0.7,1,1,0.00533,False,accepted,8
math,1,0.7,0.7,1,2,0.0,False,accepted,8
math,1,0.7,0.7,1,3,0.00595,False,accepted,8
math,1,0.7,0.7,1,4,0.12765,False,accepted,8
math,1,0.7,0.7,1,5,0.0,False,accepted,8
math,1,0.7,0.7,1,6,0.03684,False,accepted,8
math,1,0.7,0.7,1,7,0.2352,False,accepted,8
math,1,0.7,0.7,2,0,0.00453,False,accepted,5
math,1,0.7,0.7,2,1,0.00139,False,accepted,5
math,1,0.7,0.7,2,2,0.00951,False,accepted,5
math,1,0.7,0.7,2,3,0.11845,False,rejected,5
math,1,0.7,0.7,2,4,0.11399,False,untested,5
math,1,0.7,0.7,2,5,0.47153,True,stopped,5
math,1,0.7,0.7,3,0,0.71418,False,accepted,8
math,1,0.7,0.7,3,1,0.00012,False,accepted,8
math,1,0.7,0.7,3,2,0.0,False,accepted,8
math,1,0.7,0.7,3,3,1e-05,False,accepted,8
math,1,0.7,0.7,3,4,0.04043,False,accepted,8
math,1,0.7,0.7,3,5,0.35422,False,rejected,8
math,1,0.7,0.7,3,6,0.00297,False,untested,8
math,1,0.7,0.7,3,7,0.00051,False,untested,8
math,1,0.7,0.7,4,0,0.00866,False,accepted,8
math,1,0.7,0.7,4,1,0.00037,False,accepted,8
math,1,0.7,0.7,4,2,0.0,False,accepted,8
math,1,0.7,0.7,4,3,0.00011,False,accepted,8
math,1,0.7,0.7,4,4,0.0012,False,accepted,8
math,1,0.7,0.7,4,5,2e-05,False,accepted,8
math,1,0.7,0.7,4,6,1e-05,False,accepted,8
math,1,0.7,0.7,4,7,0.13662,False,accepted,8
math,1,0.7,0.7,5,0,0.22534,False,accepted,8
math,1,0.7,0.7,5,1,5e-05,False,accepted,8
math,1,0.7,0.7,5,2,2e-05,False,accepted,8
math,1,0.7,0.7,5,3,0.0,False,accepted,8
math,1,0.7,0.7,5,4,0.01071,False,accepted,8
math,1,0.7,0.7,5,5,0.0004,False,accepted,8
math,1,0.7,0.7,5,6,0.00142,False,accepted,8
math,1,0.7,0.7,5,7,0.0001,False,accepted,8
math,1,0.7,0.7,6,0,0.33479,False,accepted,1
math,1,0.7,0.7,6,1,0.71148,True,stopped,1
math,1,0.7,0.7,7,0,0.00544,False,accepted,1
math,1,0.7,0.7,7,1,0.4538,True,stopped,1
math,1,0.7,0.7,8,0,0.18618,False,accepted,8
math,1,0.7,0.7,8,1,0.10894,False,accepted,8
math,1,0.7,0.7,8,2,0.00358,False,accepted,8
math,1,0.7,0.7,8,3,0.0,False,accepted,8
math,1,0.7,0.7,8,4,0.0,False,accepted,8
math,1,0.7,0.7,8,5,0.0,False,accepted,8
math,1,0.7,0.7,8,6,0.00784,False,accepted,8
math,1,0.7,0.7,8,7,0.02795,False,accepted,8
math,1,0.7,0.7,9,0,0.0109,False,accepted,8
math,1,0.7,0.7,9,1,0.00014,False,accepted,8
math,1,0.7,0.7,9,2,0.00172,False,accepted,8
math,1,0.7,0.7,9,3,0.0,False,accepted,8
math,1,0.7,0.7,9,4,0.0,False,accepted,8
math,1,0.7,0.7,9,5,0.0,False,accepted,8
math,1,0.7,0.7,9,6,2e-05,False,accepted,8
math,1,0.7,0.7,9,7,1e-05,False,accepted,8
math,1,0.7,0.7,10,0,1.39398,False,rejected,2
math,1,0.7,0.7,10,1,1e-05,False,untested,2
math,1,0.7,0.7,10,2,0.86678,True,stopped,2
math,1,0.7,0.7,11,0,0.00193,False,accepted,1
math,1,0.7,0.7,11,1,0.57847,True,stopped,1
math,1,0.7,0.7,12,0,0.54948,False,accepted,8
math,1,0.7,0.7,12,1,3e-05,False,accepted,8
math,1,0.7,0.7,12,2,2e-05,False,accepted,8
math,1,0.7,0.7,12,3,0.00386,False,accepted,8
math,1,0.7,0.7,12,4,0.00013,False,accepted,8
math,1,0.7,0.7,12,5,0.09158,False,accepted,8
math,1,0.7,0.7,12,6,0.00066,False,accepted,8
math,1,0.7,0.7,12,7,1e-05,False,accepted,8
math,1,0.7,0.7,13,0,0.0,False,accepted,8
math,1,0.7,0.7,13,1,3e-05,False,accepted,8
math,1,0.7,0.7,13,2,3e-05,False,accepted,8
math,1,0.7,0.7,13,3,0.0,False,accepted,8
math,1,0.7,0.7,13,4,0.0,False,accepted,8
math,1,0.7,0.7,13,5,0.0,False,accepted,8
math,1,0.7,0.7,13,6,0.0,False,accepted,8
math,1,0.7,0.7,13,7,7e-05,False,accepted,8
math,1,0.7,0.7,14,0,0.0,False,accepted,8
math,1,0.7,0.7,14,1,0.0,False,accepted,8
math,1,0.7,0.7,14,2,0.01498,False,accepted,8
math,1,0.7,0.7,14,3,0.26918,False,accepted,8
math,1,0.7,0.7,14,4,0.0,False,accepted,8
math,1,0.7,0.7,14,5,3e-05,False,accepted,8
math,1,0.7,0.7,14,6,1e-05,False,accepted,8
math,1,0.7,0.7,14,7,4e-05,False,accepted,8
math,1,0.7,0.7,15,0,0.0,False,accepted,8
math,1,0.7,0.7,15,1,0.0,False,accepted,8
math,1,0.7,0.7,15,2,0.0,False,accepted,8
math,1,0.7,0.7,15,3,0.0,False,accepted,8
math,1,0.7,0.7,15,4,0.0,False,accepted,8
math,1,0.7,0.7,15,5,0.01888,False,accepted,8
math,1,0.7,0.7,15,6,0.0,False,accepted,8
math,1,0.7,0.7,15,7,0.01692,False,accepted,8
math,1,0.7,0.7,16,0,0.93063,False,rejected,2
math,1,0.7,0.7,16,1,0.03228,False,untested,2
math,1,0.7,0.7,16,2,1.0675,True,stopped,2
math,1,0.7,0.7,17,0,1.1463,False,accepted,1
math,1,0.7,0.7,17,1,0.7454,True,stopped,1
math,1,0.7,0.7,18,0,0.39141,False,accepted,1
math,1,0.7,0.7,18,1,0.64905,True,stopped,1
math,1,0.7,0.7,19,0,0.01621,False,accepted,2
math,1,0.7,0.7,19,1,0.03402,False,accepted,2
math,1,0.7,0.7,19,2,0.94154,True,stopped,2
math,1,0.7,0.7,20,0,0.14772,False,accepted,8
math,1,0.7,0.7,20,1,0.02643,False,accepted,8
math,1,0.7,0.7,20,2,0.00079,False,accepted,8
math,1,0.7,0.7,20,3,0.00155,False,accepted,8
math,1,0.7,0.7,20,4,0.10393,False,accepted,8
math,1,0.7,0.7,20,5,1e-05,False,accepted,8
math,1,0.7,0.7,20,6,1e-05,False,accepted,8
math,1,0.7,0.7,20,7,0.06385,False,accepted,8
math,1,0.7,0.7,21,0,0.00907,False,accepted,1
math,1,0.7,0.7,21,1,0.63656,True,stopped,1
math,1,0.7,0.7,22,0,0.28958,False,accepted,8
math,1,0.7,0.7,22,1,0.0007,False,accepted,8
math,1,0.7,0.7,22,2,0.02022,False,accepted,8
math,1,0.7,0.7,22,3,0.01424,False,accepted,8
math,1,0.7,0.7,22,4,8e-05,False,accepted,8
math,1,0.7,0.7,22,5,0.00352,False,accepted,8
math,1,0.7,0.7,22,6,0.01109,False,accepted,8
math,1,0.7,0.7,22,7,0.0,False,accepted,8
math,1,0.7,0.3,0,0,0.10513,False,accepted,8
math,1,0.7,0.3,0,1,0.84038,False,rejected,8
math,1,0.7,0.3,0,2,0.0002,False,untested,8
math,1,0.7,0.3,0,3,0.00837,False,untested,8
math,1,0.7,0.3,0,4,0.0,False,untested,8
math,1,0.7,0.3,0,5,0.02216,False,untested,8
math,1,0.7,0.3,0,6,0.18937,False,untested,8
math,1,0.7,0.3,0,7,0.0,False,untested,8
math,1,0.7,0.3,1,0,0.00047,False,accepted,8
math,1,0.7,0.3,1,1,0.00533,False,accepted,8
math,1,0.7,0.3,1,2,0.0,False,accepted,8
math,1,0.7,0.3,1,3,0.00595,False,accepted,8
math,1,0.7,0.3,1,4,0.12765,False,accepted,8
math,1,0.7,0.3,1,5,0.0,False,accepted,8
math,1,0.7,0.3,1,6,0.03684,False,accepted,8
math,1,0.7,0.3,1,7,0.2352,False,accepted,8
math,1,0.7,0.3,2,0,0.00453,False,accepted,8
math,1,0.7,0.3,2,1,0.00139,False,accepted,8
math,1,0.7,0.3,2,2,0.00951,False,accepted,8
math,1,0.7,0.3,2,3,0.11845,False,accepted,8
math,1,0.7,0.3,2,4,0.11399,False,accepted,8
math,1,0.7,0.3,2,5,0.00149,False,accepted,8
math,1,0.7,0.3,2,6,0.47777,False,accepted,8
math,1,0.7,0.3,2,7,9e-05,False,accepted,8
math,1,0.7,0.3,3,0,1.21177,False,rejected,8
math,1,0.7,0.3,3,1,0.00315,False,untested,8
math,1,0.7,0.3,3,2,2e-05,False,untested,8
math,1,0.7,0.3,3,3,0.00525,False,untested,8
math,1,0.7,0.3,3,4,0.00059,False,untested,8
math,1,0.7,0.3,3,5,0.0,False,untested,8
math,1,0.7,0.3,3,6,0.0,False,untested,8
math,1,0.7,0.3,3,7,0.00576,False,untested,8
math,1,0.7,0.3,4,0,0.78984,False,accepted,8
math,1,0.7,0.3,4,1,2e-05,False,accepted,8
math,1,0.7,0.3,4,2,0.00017,False,accepted,8
math,1,0.7,0.3,4,3,1e-05,False,accepted,8
math,1,0.7,0.3,4,4,0.0,False,accepted,8
math,1,0.7,0.3,4,5,0.00069,False,accepted,8
math,1,0.7,0.3,4,6,0.55415,False,accepted,8
math,1,0.7,0.3,4,7,0.00197,False,accepted,8
math,1,0.7,0.3,5,0,0.0,False,accepted,8
math,1,0.7,0.3,5,1,4e-05,False,accepted,8
math,1,0.7,0.3,5,2,0.00038,False,accepted,8
math,1,0.7,0.3,5,3,2e-05,False,accepted,8
math,1,0.7,0.3,5,4,1e-05,False,accepted,8
math,1,0.7,0.3,5,5,0.04937,False,accepted,8
math,1,0.7,0.3,5,6,0.00242,False,accepted,8
math,1,0.7,0.3,5,7,0.20099,False,accepted,8
math,1,0.7,0.3,6,0,1e-05,False,accepted,8
math,1,0.7,0.3,6,1,0.0,False,accepted,8
math,1,0.7,0.3,6,2,0.00238,False,accepted,8
math,1,0.7,0.3,6,3,0.00047,False,accepted,8
math,1,0.7,0.3,6,4,0.0035,False,accepted,8
math,1,0.7,0.3,6,5,0.0,False,accepted,8
math,1,0.7,0.3,6,6,0.0,False,accepted,8
math,1,0.7,0.3,6,7,0.64687,False,accepted,8
math,1,0.7,0.3,7,0,0.00555,False,accepted,8
math,1,0.7,0.3,7,1,0.54831,False,accepted,8
math,1,0.7,0.3,7,2,0.31401,False,accepted,8
math,1,0.7,0.3,7,3,0.1402,False,accepted,8
math,1,0.7,0.3,7,4,0.0049,False,accepted,8
math,1,0.7,0.3,7,5,0.0,False,accepted,8
math,1,0.7,0.3,7,6,0.0,False,accepted,8
math,1,0.7,0.3,7,7,0.0,False,accepted,8
math,1,0.7,0.3,8,0,0.0356,False,accepted,8
math,1,0.7,0.3,8,1,0.0,False,accepted,8
math,1,0.7,0.3,8,2,0.01864,False,accepted,8
math,1,0.7,0.3,8,3,0.00017,False,accepted,8
math,1,0.7,0.3,8,4,0.00183,False,accepted,8
math,1,0.7,0.3,8,5,0.0,False,accepted,8
math,1,0.7,0.3,8,6,0.0,False,accepted,8
math,1,0.7,0.3,8,7,0.0,False,accepted,8
math,1,0.7,0.3,9,0,1e-05,False,accepted,8
math,1,0.7,0.3,9,1,0.0017,False,accepted,8
math,1,0.7,0.3,9,2,1.32872,False,accepted,8
math,1,0.7,0.3,9,3,0.64104,False,accepted,8
math,1,0.7,0.3,9,4,0.04829,False,accepted,8
math,1,0.7,0.3,9,5,0.48645,False,accepted,8
math,1,0.7,0.3,9,6,0.07439,False,accepted,8
math,1,0.7,0.3,9,7,0.0024,False,accepted,8
math,1,0.7,0.3,10,0,1.60368,False,rejected,8
math,1,0.7,0.3,10,1,0.00027,False,untested,8
math,1,0.7,0.3,10,2,0.58273,False,untested,8
math,1,0.7,0.3,10,3,0.00013,False,untested,8
math,1,0.7,0.3,10,4,0.00012,False,untested,8
math,1,0.7,0.3,10,5,0.00023,False,untested,8
math,1,0.7,0.3,10,6,0.0011,False,untested,8
math,1,0.7,0.3,10,7,0.0,False,untested,8
math,1,0.7,0.3,11,0,0.28864,False,accepted,8
math,1,0.7,0.3,11,1,0.59287,False,accepted,8
math,1,0.7,0.3,11,2,0.00326,False,accepted,8
math,1,0.7,0.3,11,3,1e-05,False,accepted,8
math,1,0.7,0.3,11,4,0.0,False,accepted,8
math,1,0.7,0.3,11,5,0.00274,False,accepted,8
math,1,0.7,0.3,11,6,0.66266,False,accepted,8
math,1,0.7,0.3,11,7,0.67858,False,rejected,8
math,1,0.7,0.3,12,0,1e-05,False,accepted,8
math,1,0.7,0.3,12,1,0.00032,False,accepted,8
math,1,0.7,0.3,12,2,0.0,False,accepted,8
math,1,0.7,0.3,12,3,0.0,False,accepted,8
math,1,0.7,0.3,12,4,0.00014,False,accepted,8
math,1,0.7,0.3,12,5,0.0,False,accepted,8
math,1,0.7,0.3,12,6,0.00031,False,accepted,8
math,1,0.7,0.3,12,7,4e-05,False,accepted,8
math,1,0.7,0.3,13,0,0.0,False,accepted,8
math,1,0.7,0.3,13,1,0.0,False,accepted,8
math,1,0.7,0.3,13,2,0.0,False,accepted,8
math,1,0.7,0.3,13,3,0.00088,False,accepted,8
math,1,0.7,0.3,13,4,1e-05,False,accepted,8
math,1,0.7,0.3,13,5,0.0,False,accepted,8
math,1,0.7,0.3,13,6,0.0,False,accepted,8
math,1,0.7,0.3,13,7,0.01336,False,accepted,8
math,1,0.7,0.3,14,0,0.0,False,accepted,8
math,1,0.7,0.3,14,1,3e-05,False,accepted,8
math,1,0.7,0.3,14,2,2e-05,False,accepted,8
math,1,0.7,0.3,14,3,0.0001,False,accepted,8
math,1,0.7,0.3,14,4,1e-05,False,accepted,8
math,1,0.7,0.3,14,5,0.0,False,accepted,8
math,1,0.7,0.3,14,6,0.0,False,accepted,8
math,1,0.7,0.3,14,7,0.0,False,accepted,8
math,1,0.7,0.3,15,0,0.0,False,accepted,8
math,1,0.7,0.3,15,1,0.02884,False,accepted,8
math,1,0.7,0.3,15,2,0.0009,False,accepted,8
math,1,0.7,0.3,15,3,0.0,False,accepted,8
math,1,0.7,0.3,15,4,0.0,False,accepted,8
math,1,0.7,0.3,15,5,0.00011,False,accepted,8
math,1,0.7,0.3,15,6,0.0,False,accepted,8
math,1,0.7,0.3,15,7,0.0,False,accepted,8
math,1,0.7,0.3,16,0,0.00029,False,accepted,7
math,1,0.7,0.3,16,1,0.00037,False,accepted,7
math,1,0.7,0.3,16,2,0.00966,False,accepted,7
math,1,0.7,0.3,16,3,0.00053,False,accepted,7
math,1,0.7,0.3,16,4,0.00463,False,accepted,7
math,1,0.7,0.3,16,5,0.0,False,accepted,7
math,1,0.7,0.3,16,6,0.0,False,accepted,7
math,1,0.7,0.5,0,0,0.10513,False,accepted,8
math,1,0.7,0.5,0,1,0.84038,False,rejected,8
math,1,0.7,0.5,0,2,0.0002,False,untested,8
math,1,0.7,0.5,0,3,0.00837,False,untested,8
math,1,0.7,0.5,0,4,0.0,False,untested,8
math,1,0.7,0.5,0,5,0.02216,False,untested,8
math,1,0.7,0.5,0,6,0.18937,False,untested,8
math,1,0.7,0.5,0,7,0.0,False,untested,8
math,1,0.7,0.5,1,0,0.00047,False,accepted,8
math,1,0.7,0.5,1,1,0.00533,False,accepted,8
math,1,0.7,0.5,1,2,0.0,False,accepted,8
math,1,0.7,0.5,1,3,0.00595,False,accepted,8
math,1,0.7,0.5,1,4,0.12765,False,accepted,8
math,1,0.7,0.5,1,5,0.0,False,accepted,8
math,1,0.7,0.5,1,6,0.03684,False,accepted,8
math,1,0.7,0.5,1,7,0.2352,False,accepted,8
math,1,0.7,0.5,2,0,0.00453,False,accepted,8
math,1,0.7,0.5,2,1,0.00139,False,accepted,8
math,1,0.7,0.5,2,2,0.00951,False,accepted,8
math,1,0.7,0.5,2,3,0.11845,False,accepted,8
math,1,0.7,0.5,2,4,0.11399,False,accepted,8
math,1,0.7,0.5,2,5,0.00149,False,accepted,8
math,1,0.7,0.5,2,6,0.47777,False,accepted,8
math,1,0.7,0.5,2,7,9e-05,False,accepted,8
math,1,0.7,0.5,3,0,1.21177,False,rejected,8
math,1,0.7,0.5,3,1,0.00315,False,untested,8
math,1,0.7,0.5,3,2,2e-05,False,untested,8
math,1,0.7,0.5,3,3,0.00525,False,untested,8
math,1,0.7,0.5,3,4,0.00059,False,untested,8
math,1,0.7,0.5,3,5,0.0,False,untested,8
math,1,0.7,0.5,3,6,0.0,False,untested,8
math,1,0.7,0.5,3,7,0.00576,False,untested,8
math,1,0.7,0.5,4,0,0.78984,False,accepted,8
math,1,0.7,0.5,4,1,2e-05,False,accepted,8
math,1,0.7,0.5,4,2,0.00017,False,accepted,8
math,1,0.7,0.5,4,3,1e-05,False,accepted,8
math,1,0.7,0.5,4,4,0.0,False,accepted,8
math,1,0.7,0.5,4,5,0.00069,False,accepted,8
math,1,0.7,0.5,4,6,0.55415,False,accepted,8
math,1,0.7,0.5,4,7,0.00197,False,accepted,8
math,1,0.7,0.5,5,0,0.0,False,accepted,8
math,1,0.7,0.5,5,1,4e-05,False,accepted,8
math,1,0.7,0.5,5,2,0.00038,False,accepted,8
math,1,0.7,0.5,5,3,2e-05,False,accepted,8
math,1,0.7,0.5,5,4,1e-05,False,accepted,8
math,1,0.7,0.5,5,5,0.04937,False,accepted,8
math,1,0.7,0.5,5,6,0.00242,False,accepted,8
math,1,0.7,0.5,5,7,0.20099,False,accepted,8
math,1,0.7,0.5,6,0,1e-05,False,accepted,8
math,1,0.7,0.5,6,1,0.0,False,accepted,8
math,1,0.7,0.5,6,2,0.00238,False,accepted,8
math,1,0.7,0.5,6,3,0.00047,False,accepted,8
math,1,0.7,0.5,6,4,0.0035,False,accepted,8
math,1,0.7,0.5,6,5,0.0,False,accepted,8
math,1,0.7,0.5,6,6,0.0,False,accepted,8
math,1,0.7,0.5,6,7,0.64687,False,accepted,8
math,1,0.7,0.5,7,0,0.00555,False,accepted,8
math,1,0.7,0.5,7,1,0.54831,False,accepted,8
math,1,0.7,0.5,7,2,0.31401,False,accepted,8
math,1,0.7,0.5,7,3,0.1402,False,accepted,8
math,1,0.7,0.5,7,4,0.0049,False,accepted,8
math,1,0.7,0.5,7,5,0.0,False,accepted,8
math,1,0.7,0.5,7,6,0.0,False,accepted,8
math,1,0.7,0.5,7,7,0.0,False,accepted,8
math,1,0.7,0.5,8,0,0.0356,False,accepted,8
math,1,0.7,0.5,8,1,0.0,False,accepted,8
math,1,0.7,0.5,8,2,0.01864,False,accepted,8
math,1,0.7,0.5,8,3,0.00017,False,accepted,8
math,1,0.7,0.5,8,4,0.00183,False,accepted,8
math,1,0.7,0.5,8,5,0.0,False,accepted,8
math,1,0.7,0.5,8,6,0.0,False,accepted,8
math,1,0.7,0.5,8,7,0.0,False,accepted,8
math,1,0.7,0.5,9,0,1e-05,False,accepted,2
math,1,0.7,0.5,9,1,0.0017,False,accepted,2
math,1,0.7,0.5,9,2,1.32872,True,stopped,2
math,1,0.7,0.5,10,0,0.02767,False,rejected,8
math,1,0.7,0.5,10,1,1.02699,False,untested,8
math,1,0.7,0.5,10,2,0.33163,False,untested,8
math,1,0.7,0.5,10,3,0.72131,False,untested,8
math,1,0.7,0.5,10,4,0.16893,False,untested,8
math,1,0.7,0.5,10,5,0.00013,False,untested,8
math,1,0.7,0.5,10,6,0.0,False,untested,8
math,1,0.7,0.5,10,7,0.00178,False,untested,8
math,1,0.7,0.5,11,0,0.14074,False,accepted,8
math,1,0.7,0.5,11,1,0.63131,False,accepted,8
math,1,0.7,0.5,11,2,0.26909,False,accepted,8
math,1,0.7,0.5,11,3,0.61477,False,accepted,8
math,1,0.7,0.5,11,4,0.04141,False,accepted,8
math,1,0.7,0.5,11,5,0.70777,False,accepted,8
math,1,0.7,0.5,11,6,0.00114,False,accepted,8
math,1,0.7,0.5,11,7,5e-05,False,accepted,8
math,1,0.7,0.5,12,0,0.00012,False,accepted,8
math,1,0.7,0.5,12,1,0.0,False,accepted,8
math,1,0.7,0.5,12,2,0.0,False,accepted,8
math,1,0.7,0.5,12,3,4e-05,False,accepted,8
math,1,0.7,0.5,12,4,0.0,False,accepted,8
math,1,0.7,0.5,12,5,7e-05,False,accepted,8
math,1,0.7,0.5,12,6,3e-05,False,accepted,8
math,1,0.7,0.5,12,7,0.0,False,accepted,8
math,1,0.7,0.5,13,0,0.0,False,accepted,8
math,1,0.7,0.5,13,1,0.0,False,accepted,8
math,1,0.7,0.5,13,2,0.0001,False,accepted,8
math,1,0.7,0.5,13,3,0.0,False,accepted,8
math,1,0.7,0.5,13,4,0.0,False,accepted,8
math,1,0.7,0.5,13,5,0.0,False,accepted,8
math,1,0.7,0.5,13,6,0.01675,False,accepted,8
math,1,0.7,0.5,13,7,0.16406,False,accepted,8
math,1,0.7,0.5,14,0,3e-05,False,accepted,8
math,1,0.7,0.5,14,1,2e-05,False,accepted,8
math,1,0.7,0.5,14,2,4e-05,False,accepted,8
math,1,0.7,0.5,14,3,0.0,False,accepted,8
math,1,0.7,0.5,14,4,0.0,False,accepted,8
math,1,0.7,0.5,14,5,0.0,False,accepted,8
math,1,0.7,0.5,14,6,0.0,False,accepted,8
math,1,0.7,0.5,14,7,0.0,False,accepted,8
math,1,0.7,0.5,15,0,0.02111,False,accepted,8
math,1,0.7,0.5,15,1,0.15077,False,accepted,8
math,1,0.7,0.5,15,2,2e-05,False,accepted,8
math,1,0.7,0.5,15,3,1e-05,False,accepted,8
math,1,0.7,0.5,15,4,1.14943,False,rejected,8
math,1,0.7,0.5,15,5,6e-05,False,untested,8
math,1,0.7,0.5,15,6,0.65872,False,untested,8
math,1,0.7,0.5,15,7,0.95286,False,untested,8
math,1,0.7,0.5,16,0,1.29745,False,rejected,8
math,1,0.7,0.5,16,1,0.31002,False,untested,8
math,1,0.7,0.5,16,2,0.08491,False,untested,8
math,1,0.7,0.5,16,3,0.11386,False,untested,8
math,1,0.7,0.5,16,4,1.04439,False,untested,8
math,1,0.7,0.5,16,5,1.05476,False,untested,8
math,1,0.7,0.5,16,6,0.29284,False,untested,8
math,1,0.7,0.5,16,7,0.0,False,untested,8
math,1,0.7,0.5,17,0,0.3497,False,accepted,5
math,1,0.7,0.5,17,1,0.05325,False,accepted,5
math,1,0.7,0.5,17,2,0.48281,False,accepted,5
math,1,0.7,0.5,17,3,0.07204,False,accepted,5
math,1,0.7,0.5,17,4,0.17588,False,accepted,5
math,1,0.7,0.5,17,5,2.26366,True,stopped,5
math,1,0.7,0.5,18,0,0.7085,False,accepted,1
math,1,0.7,0.5,18,1,1.6383,True,stopped,1
math,1,0.7,0.5,19,0,0.91615,False,rejected,7
math,1,0.7,0.5,19,1,0.19513,False,untested,7
math,1,0.7,0.5,19,2,0.37506,False,untested,7
math,1,0.7,0.5,19,3,0.07383,False,untested,7
math,1,0.7,0.5,19,4,0.85787,False,untested,7
math,1,0.7,0.5,19,5,0.02195,False,untested,7
math,1,0.7,0.5,19,6,0.0,False,untested,7
math,1,0.7,0.5,20,0,0.42442,False,accepted,6
math,1,0.7,0.5,20,1,1.05816,False,accepted,6
math,1,0.7,0.5,20,2,0.57213,False,accepted,6
math,1,0.7,0.5,20,3,0.51672,False,accepted,6
math,1,0.7,0.5,20,4,0.99258,False,rejected,6
math,1,0.7,0.5,20,5,0.84377,False,untested,6
math,1,0.7,0.5,21,0,0.63787,False,accepted,1
math,1,0.7,0.9,0,0,0.10513,False,accepted,1
math,1,0.7,0.9,0,1,0.84038,True,stopped,1
math,1,0.7,0.9,1,0,0.00047,False,accepted,4
math,1,0.7,0.9,1,1,0.00533,False,accepted,4
math,1,0.7,0.9,1,2,0.0,False,accepted,4
math,1,0.7,0.9,1,3,0.00595,False,accepted,4
math,1,0.7,0.9,1,4,0.12765,True,stopped,4
math,1,0.7,0.9,2,0,0.0,False,accepted,2
math,1,0.7,0.9,2,1,0.03684,False,accepted,2
math,1,0.7,0.9,2,2,0.2352,True,stopped,2
math,1,0.7,0.9,3,0,0.65421,False,rejected,3
math,1,0.7,0.9,3,1,0.0008,False,untested,3
math,1,0.7,0.9,3,2,0.00395,False,untested,3
math,1,0.7,0.9,3,3,0.24598,True,stopped,3
math,1,0.7,0.9,4,0,0.00445,False,accepted,3
math,1,0.7,0.9,4,1,0.00139,False,accepted,3
math,1,0.7,0.9,4,2,0.00949,False,rejected,3
math,1,0.7,0.9,4,3,0.11844,True,stopped,3
math,1,0.7,0.9,5,0,0.02255,False,accepted,2
math,1,0.7,0.9,5,1,0.01041,False,accepted,2
math,1,0.7,0.9,5,2,0.34179,True,stopped,2
math,1,0.7,0.9,6,0,0.68785,False,accepted,1
math,1,0.7,0.9,6,1,0.54503,True,stopped,1
math,1,0.7,0.9,7,0,0.00119,False,accepted,3
math,1,0.7,0.9,7,1,0.0,False,accepted,3
math,1,0.7,0.9,7,2,3e-05,False,accepted,3
math,1,0.7,0.9,7,3,0.10984,True,stopped,3
math,1,0.7,0.9,8,0,0.02494,False,accepted,8
math,1,0.7,0.9,8,1,0.00536,False,accepted,8
math,1,0.7,0.9,8,2,0.0,False,accepted,8
math,1,0.7,0.9,8,3,0.00011,False,accepted,8
math,1,0.7,0.9,8,4,0.00171,False,accepted,8
math,1,0.7,0.9,8,5,2e-05,False,accepted,8
math,1,0.7,0.9,8,6,0.0,False,accepted,8
math,1,0.7,0.9,8,7,0.00688,False,accepted,8
math,1,0.7,0.9,9,0,0.00011,False,accepted,7
math,1,0.7,0.9,9,1,0.0,False,accepted,7
math,1,0.7,0.9,9,2,0.00011,False,accepted,7
math,1,0.7,0.9,9,3,0.00011,False,accepted,7
math,1,0.7,0.9,9,4,0.00021,False,accepted,7
math,1,0.7,0.9,9,5,0.00023,False,accepted,7
math,1,0.7,0.9,9,6,0.00024,False,accepted,7
math,1,0.7,0.9,9,7,0.62857,True,stopped,7
math,1,0.7,0.9,10,0,0.75489,False,accepted,2
math,1,0.7,0.9,10,1,0.00433,False,accepted,2
math,1,0.7,0.9,10,2,0.47908,True,stopped,2
math,1,0.7,0.9,11,0,0.06355,False,accepted,1
math,1,0.7,0.9,11,1,0.17101,True,stopped,1
math,1,0.7,0.9,12,0,0.0,False,accepted,3
math,1,0.7,0.9,12,1,0.0,False,accepted,3
math,1,0.7,0.9,12,2,0.0,False,accepted,3
math,1,0.7,0.9,12,3,0.16628,True,stopped,3
math,1,0.7,0.9,13,0,0.00028,False,accepted,8
math,1,0.7,0.9,13,1,0.00124,False,accepted,8
math,1,0.7,0.9,13,2,0.0,False,accepted,8
math,1,0.7,0.9,13,3,0.0,False,accepted,8
math,1,0.7,0.9,13,4,2e-05,False,accepted,8
math,1,0.7,0.9,13,5,0.0,False,accepted,8
math,1,0.7,0.9,13,6,0.01388,False,accepted,8
math,1,0.7,0.9,13,7,0.01117,False,accepted,8
math,1,0.7,0.9,14,0,0.69443,False,accepted,1
math,1,0.7,0.9,14,1,0.40746,True,stopped,1
math,1,0.7,0.9,15,0,0.37485,False,accepted,4
math,1,0.7,0.9,15,1,0.002,False,accepted,4
math,1,0.7,0.9,15,2,0.01591,False,accepted,4
math,1,0.7,0.9,15,3,0.00064,False,accepted,4
math,1,0.7,0.9,15,4,0.06353,True,stopped,4
math,1,0.7,0.9,16,0,0.00268,False,accepted,4
math,1,0.7,0.9,16,1,1e-05,False,accepted,4
math,1,0.7,0.9,16,2,0.0,False,accepted,4
math,1,0.7,0.9,16,3,0.0,False,accepted,4
math,1,0.7,0.9,16,4,0.08585,True,stopped,4
math,1,0.7,0.9,17,0,0.0002,False,accepted,8
math,1,0.7,0.9,17,1,0.0,False,accepted,8
math,1,0.7,0.9,17,2,0.0,False,accepted,8
math,1,0.7,0.9,17,3,0.0,False,accepted,8
math,1,0.7,0.9,17,4,0.00017,False,accepted,8
math,1,0.7,0.9,17,5,0.0,False,accepted,8
math,1,0.7,0.9,17,6,0.0,False,accepted,8
math,1,0.7,0.9,17,7,0.0,False,accepted,8
math,1,0.7,0.9,18,0,0.24291,False,accepted,8
math,1,0.7,0.9,18,1,3e-05,False,accepted,8
math,1,0.7,0.9,18,2,1e-05,False,accepted,8
math,1,0.7,0.9,18,3,0.00051,False,accepted,8
math,1,0.7,0.9,18,4,8e-05,False,accepted,8
math,1,0.7,0.9,18,5,3e-05,False,accepted,8
math,1,0.7,0.9,18,6,0.00017,False,accepted,8
math,1,0.7,0.9,18,7,0.0,False,accepted,8
math,1,0.7,0.9,19,0,0.0,False,accepted,6
math,1,0.7,0.9,19,1,2e-05,False,accepted,6
math,1,0.7,0.9,19,2,2e-05,False,accepted,6
math,1,0.7,0.9,19,3,0.0,False,accepted,6
math,1,0.7,0.9,19,4,0.0,False,accepted,6
math,1,0.7,0.9,19,5,3e-05,False,accepted,6
math,1,0.7,0.9,19,6,0.10212,True,stopped,6
math,1,0.7,0.9,20,0,0.0,False,accepted,3
math,1,0.7,0.9,20,1,0.00914,False,accepted,3
math,1,0.7,0.9,20,2,0.00018,False,accepted,3
math,1,0.7,0.9,20,3,1.12619,True,stopped,3
math,1,0.7,0.9,21,0,1.07042,False,accepted,1
math,1,0.7,0.9,21,1,0.49468,True,stopped,1
math,1,0.7,0.9,22,0,1.02247,False,accepted,1
math,1,0.7,0.9,22,1,0.20486,True,stopped,1
math,1,0.7,0.9,23,0,0.08167,False,accepted,1
math,1,0.7,0.9,23,1,0.20392,True,stopped,1
math,1,0.7,0.9,24,0,0.84212,False,rejected,1
math,1,0.7,0.9,24,1,0.61108,True,stopped,1
math,1,0.7,0.9,25,0,0.66894,False,accepted,1
math,1,0.7,0.9,25,1,0.19324,True,stopped,1
math,1,0.7,0.9,26,0,0.88186,False,accepted,1
math,1,0.7,0.9,26,1,0.2021,True,stopped,1
math,1,0.7,0.9,27,0,0.05566,False,accepted,2
math,1,0.7,0.9,27,1,0.05753,False,accepted,2
math,1,0.7,0.9,27,2,0.55221,True,stopped,2
math,1,0.7,0.9,28,0,0.31736,False,accepted,1
math,1,0.7,0.9,28,1,0.46467,True,stopped,1
math,1,0.7,0.9,29,0,0.00703,False,accepted,8
math,1,0.7,0.9,29,1,0.02244,False,accepted,8
math,1,0.7,0.9,29,2,0.0414,False,accepted,8
math,1,0.7,0.9,29,3,5e-05,False,accepted,8
math,1,0.7,0.9,29,4,0.00042,False,accepted,8
math,1,0.7,0.9,29,5,0.00061,False,accepted,8
math,1,0.7,0.9,29,6,0.0,False,accepted,8
math,1,0.7,0.9,29,7,1e-05,False,accepted,8
math,1,0.7,0.9,30,0,0.0,False,accepted,3
math,1,0.7,0.9,30,1,0.00611,False,accepted,3
math,1,0.7,0.9,30,2,0.00127,False,accepted,3
math,2,0.0,0.7,0,0,0.33993,False,rejected,5
math,2,0.0,0.7,0,1,0.01276,False,untested,5
math,2,0.0,0.7,0,2,0.00021,False,untested,5
math,2,0.0,0.7,0,3,0.00634,False,untested,5
math,2,0.0,0.7,0,4,0.02188,False,untested,5
math,2,0.0,0.7,0,5,0.74287,True,stopped,5
math,2,0.0,0.7,1,0,0.04902,False,accepted,1
math,2,0.0,0.7,1,1,0.58343,True,stopped,1
math,2,0.0,0.7,2,0,0.02317,False,accepted,4
math,2,0.0,0.7,2,1,0.00024,False,accepted,4
math,2,0.0,0.7,2,2,0.006,False,accepted,4
math,2,0.0,0.7,2,3,0.02964,False,accepted,4
math,2,0.0,0.7,2,4,0.67,True,stopped,4
math,2,0.0,0.7,3,0,0.0128,False,accepted,8
math,2,0.0,0.7,3,1,0.00015,False,accepted,8
math,2,0.0,0.7,3,2,2e-05,False,accepted,8
math,2,0.0,0.7,3,3,0.00044,False,accepted,8
math,2,0.0,0.7,3,4,0.0023,False,accepted,8
math,2,0.0,0.7,3,5,0.00177,False,accepted,8
math,2,0.0,0.7,3,6,0.00107,False,accepted,8
math,2,0.0,0.7,3,7,0.00125,False,accepted,8
math,2,0.0,0.7,4,0,0.0089,False,accepted,5
math,2,0.0,0.7,4,1,0.00021,False,accepted,5
math,2,0.0,0.7,4,2,0.00012,False,accepted,5
math,2,0.0,0.7,4,3,0.09659,False,accepted,5
math,2,0.0,0.7,4,4,0.05386,False,accepted,5
math,2,0.0,0.7,4,5,1.18472,True,stopped,5
math,2,0.0,0.7,5,0,0.06981,False,accepted,4
math,2,0.0,0.7,5,1,0.06916,False,accepted,4
math,2,0.0,0.7,5,2,0.01945,False,accepted,4
math,2,0.0,0.7,5,3,0.00072,False,accepted,4
math,2,0.0,0.7,5,4,0.64012,True,stopped,4
math,2,0.0,0.7,6,0,0.04151,False,accepted,6
math,2,0.0,0.7,6,1,0.00468,False,accepted,6
math,2,0.0,0.7,6,2,0.00013,False,accepted,6
math,2,0.0,0.7,6,3,0.20187,False,accepted,6
math,2,0.0,0.7,6,4,0.04963,False,accepted,6
math,2,0.0,0.7,6,5,0.1629,False,accepted,6
math,2,0.0,0.7,6,6,0.58557,True,stopped,6
math,2,0.0,0.7,7,0,0.00842,False,accepted,3
math,2,0.0,0.7,7,1,0.1186,False,accepted,3
math,2,0.0,0.7,7,2,0.0437,False,accepted,3
math,2,0.0,0.7,7,3,0.74126,True,stopped,3
math,2,0.0,0.7,8,0,0.00961,False,accepted,5
math,2,0.0,0.7,8,1,0.21653,False,accepted,5
math,2,0.0,0.7,8,2,0.01477,False,accepted,5
math,2,0.0,0.7,8,3,0.0024,False,accepted,5
math,2,0.0,0.7,8,4,0.00143,False,accepted,5
math,2,0.0,0.7,8,5,0.58271,True,stopped,5
math,2,0.0,0.7,9,0,0.00464,False,accepted,2
math,2,0.0,0.7,9,1,0.38086,False,accepted,2
math,2,0.0,0.7,9,2,0.83311,True,stopped,2
math,2,0.0,0.7,10,0,0.01067,False,accepted,8
math,2,0.0,0.7,10,1,0.29587,False,accepted,8
math,2,0.0,0.7,10,2,0.00967,False,accepted,8
math,2,0.0,0.7,10,3,0.00458,False,accepted,8
math,2,0.0,0.7,10,4,0.07777,False,accepted,8
math,2,0.0,0.7,10,5,0.04999,False,accepted,8
math,2,0.0,0.7,10,6,0.00815,False,accepted,8
math,2,0.0,0.7,10,7,9e-05,False,accepted,8
math,2,0.0,0.7,11,0,8e-05,False,accepted,7
math,2,0.0,0.7,11,1,0.00019,False,accepted,7
math,2,0.0,0.7,11,2,0.00014,False,accepted,7
math,2,0.0,0.7,11,3,0.05148,False,accepted,7
math,2,0.0,0.7,11,4,0.28296,False,accepted,7
math,2,0.0,0.7,11,5,0.21044,False,accepted,7
math,2,0.0,0.7,11,6,0.00779,False,accepted,7
math,2,0.0,0.7,11,7,0.82967,True,stopped,7
math,2,0.0,0.7,12,0,0.82479,False,accepted,2
math,2,0.0,0.7,12,1,0.24445,False,accepted,2
math,2,0.0,0.7,12,2,0.74858,True,stopped,2
math,2,0.0,0.7,13,0,0.44761,False,accepted,5
math,2,0.0,0.7,13,1,9e-05,False,accepted,5
math,2,0.0,0.7,13,2,0.24753,False,accepted,5
math,2,0.0,0.7,13,3,0.43356,False,rejected,5
math,2,0.0,0.7,13,4,0.00055,False,untested,5
math,2,0.0,0.7,13,5,1.4307,True,stopped,5
math,2,0.0,0.7,14,0,1.14903,False,accepted,1
math,2,0.0,0.7,14,1,0.69434,True,stopped,1
math,2,0.0,0.7,15,0,0.45848,False,accepted,1
math,2,0.0,0.7,15,1,0.69823,True,stopped,1
math,2,0.0,0.7,16,0,0.68959,False,rejected,8
math,2,0.0,0.7,16,1,0.09401,False,untested,8
math,2,0.0,0.7,16,2,0.27112,False,untested,8
math,2,0.0,0.7,16,3,0.009,False,untested,8
math,2,0.0,0.7,16,4,0.0004,False,untested,8
math,2,0.0,0.7,16,5,0.0124,False,untested,8
math,2,0.0,0.7,16,6,0.25154,False,untested,8
math,2,0.0,0.7,16,7,1e-05,False,untested,8
math,2,0.0,0.7,17,0,0.10643,False,accepted,8
math,2,0.0,0.7,17,1,0.00273,False,accepted,8
math,2,0.0,0.7,17,2,0.43496,False,accepted,8
math,2,0.0,0.7,17,3,0.1519,False,accepted,8
math,2,0.0,0.7,17,4,0.00891,False,accepted,8
math,2,0.0,0.7,17,5,0.00074,False,accepted,8
math,2,0.0,0.7,17,6,0.01124,False,accepted,8
math,2,0.0,0.7,17,7,0.31093,False,accepted,8
math,2,0.0,0.7,18,0,0.23021,False,accepted,8
math,2,0.0,0.7,18,1,0.05465,False,accepted,8
math,2,0.0,0.7,18,2,0.00044,False,accepted,8
math,2,0.0,0.7,18,3,0.00027,False,accepted,8
math,2,0.0,0.7,18,4,0.00029,False,accepted,8
math,2,0.0,0.7,18,5,0.00014,False,accepted,8
math,2,0.0,0.7,18,6,0.00148,False,accepted,8
math,2,0.0,0.7,18,7,0.00408,False,accepted,8
math,2,0.0,0.7,19,0,1e-05,False,accepted,8
math,2,0.0,0.7,19,1,1e-05,False,accepted,8
math,2,0.0,0.7,19,2,0.0001,False,accepted,8
math,2,0.0,0.7,19,3,0.00449,False,accepted,8
math,2,0.0,0.7,19,4,0.00044,False,accepted,8
math,2,0.0,0.7,19,5,0.00018,False,accepted,8
math,2,0.0,0.7,19,6,0.10762,False,accepted,8
math,2,0.0,0.7,19,7,0.00107,False,accepted,8
math,2,0.0,0.7,20,0,0.97472,False,accepted,1
math,2,0.0,0.7,20,1,0.74142,True,stopped,1
math,2,0.0,0.7,21,0,0.16465,False,accepted,2
math,2,0.0,0.7,21,1,0.04277,False,accepted,2
math,2,0.0,0.7,21,2,0.76399,True,stopped,2
math,2,0.0,0.7,22,0,0.46144,False,accepted,1
math,2,0.0,0.7,22,1,1.38291,True,stopped,1
math,2,0.0,0.7,23,0,0.86118,False,rejected,8
math,2,0.0,0.7,23,1,0.00239,False,untested,8
math,2,0.0,0.7,23,2,0.00045,False,untested,8
math,2,0.0,0.7,23,3,1e-05,False,untested,8
math,2,0.0,0.7,23,4,0.0002,False,untested,8
math,2,0.0,0.7,23,5,0.00057,False,untested,8
math,2,0.0,0.7,23,6,8e-05,False,untested,8
math,2,0.0,0.7,23,7,0.00023,False,untested,8
math,2,0.0,0.7,24,0,0.57983,False,accepted,8
math,2,0.0,0.7,24,1,0.00435,False,accepted,8
math,2,0.0,0.7,24,2,0.00038,False,accepted,8
math,2,0.0,0.7,24,3,1e-05,False,accepted,8
math,2,0.0,0.7,24,4,0.0,False,accepted,8
math,2,0.0,0.7,24,5,0.00065,False,accepted,8
math,2,0.0,0.7,24,6,0.00014,False,accepted,8
math,2,0.0,0.7,24,7,0.00039,False,accepted,8
math,2,0.0,0.7,25,0,0.07902,False,accepted,6
math,2,0.0,0.7,25,1,0.29955,False,accepted,6
math,2,0.0,0.7,25,2,0.00163,False,accepted,6
math,2,0.0,0.7,25,3,0.00081,False,accepted,6
math,2,0.0,0.7,25,4,0.0,False,accepted,6
math,2,0.0,0.7,25,5,1e-05,False,accepted,6
math,2,0.7,0.7,0,0,0.0972,False,rejected,5
math,2,0.7,0.7,0,1,0.00066,False,untested,5
math,2,0.7,0.7,0,2,0.0,False,untested,5
math,2,0.7,0.7,0,3,0.0003,False,untested,5
math,2,0.7,0.7,0,4,0.00241,False,untested,5
math,2,0.7,0.7,0,5,0.68153,True,stopped,5
math,2,0.7,0.7,1,0,0.61876,False,accepted,1
math,2,0.7,0.7,1,1,0.65532,True,stopped,1
math,2,0.7,0.7,2,0,0.00227,False,accepted,4
math,2,0.7,0.7,2,1,0.0,False,accepted,4
math,2,0.7,0.7,2,2,0.00022,False,accepted,4
math,2,0.7,0.7,2,3,0.00503,False,accepted,4
math,2,0.7,0.7,2,4,0.50476,True,stopped,4
math,2,0.7,0.7,3,0,0.00284,False,accepted,8
math,2,0.7,0.7,3,1,0.0,False,accepted,8
math,2,0.7,0.7,3,2,0.0,False,accepted,8
math,2,0.7,0.7,3,3,1e-05,False,accepted,8
math,2,0.7,0.7,3,4,9e-05,False,accepted,8
math,2,0.7,0.7,3,5,9e-05,False,accepted,8
math,2,0.7,0.7,3,6,2e-05,False,accepted,8
math,2,0.7,0.7,3,7,4e-05,False,accepted,8
math,2,0.7,0.7,4,0,0.00078,False,accepted,5
math,2,0.7,0.7,4,1,0.0,False,accepted,5
math,2,0.7,0.7,4,2,0.0,False,accepted,5
math,2,0.7,0.7,4,3,0.03279,False,accepted,5
math,2,0.7,0.7,4,4,0.01498,False,accepted,5
math,2,0.7,0.7,4,5,1.1223,True,stopped,5
math,2,0.7,0.7,5,0,0.04913,False,accepted,8
math,2,0.7,0.7,5,1,0.01007,False,accepted,8
math,2,0.7,0.7,5,2,0.00209,False,accepted,8
math,2,0.7,0.7,5,3,1e-05,False,accepted,8
math,2,0.7,0.7,5,4,0.31186,False,accepted,8
math,2,0.7,0.7,5,5,0.01144,False,accepted,8
math,2,0.7,0.7,5,6,0.00047,False,accepted,8
math,2,0.7,0.7,5,7,0.0,False,accepted,8
math,2,0.7,0.7,6,0,0.01388,False,accepted,6
math,2,0.7,0.7,6,1,0.0893,False,accepted,6
math,2,0.7,0.7,6,2,0.40663,False,accepted,6
math,2,0.7,0.7,6,3,0.00059,False,accepted,6
math,2,0.7,0.7,6,4,0.05027,False,accepted,6
math,2,0.7,0.7,6,5,0.00963,False,accepted,6
math,2,0.7,0.7,6,6,0.56249,True,stopped,6
math,2,0.7,0.7,7,0,0.15401,False,accepted,8
math,2,0.7,0.7,7,1,0.0002,False,accepted,8
math,2,0.7,0.7,7,2,1e-05,False,accepted,8
math,2,0.7,0.7,7,3,0.00584,False,accepted,8
math,2,0.7,0.7,7,4,0.27675,False,accepted,8
math,2,0.7,0.7,7,5,1e-05,False,accepted,8
math,2,0.7,0.7,7,6,0.17741,False,accepted,8
math,2,0.7,0.7,7,7,0.0,False,accepted,8
math,2,0.7,0.7,8,0,1e-05,False,accepted,3
math,2,0.7,0.7,8,1,0.0033,False,accepted,3
math,2,0.7,0.7,8,2,0.23111,False,accepted,3
math,2,0.7,0.7,8,3,0.50149,True,stopped,3
math,2,0.7,0.7,9,0,7e-05,False,accepted,8
math,2,0.7,0.7,9,1,0.02555,False,accepted,8
math,2,0.7,0.7,9,2,0.00034,False,accepted,8
math,2,0.7,0.7,9,3,0.00042,False,accepted,8
math,2,0.7,0.7,9,4,0.0,False,accepted,8
math,2,0.7,0.7,9,5,0.0,False,accepted,8
math,2,0.7,0.7,9,6,0.16897,False,accepted,8
math,2,0.7,0.7,9,7,0.00495,False,accepted,8
math,2,0.7,0.7,10,0,0.0,False,accepted,8
math,2,0.7,0.7,10,1,0.00055,False,accepted,8
math,2,0.7,0.7,10,2,0.0,False,accepted,8
math,2,0.7,0.7,10,3,2e-05,False,accepted,8
math,2,0.7,0.7,10,4,3e-05,False,accepted,8
math,2,0.7,0.7,10,5,4e-05,False,accepted,8
math,2,0.7,0.7,10,6,0.0,False,accepted,8
math,2,0.7,0.7,10,7,0.00041,False,accepted,8
math,2,0.7,0.7,11,0,0.0,False,accepted,4
math,2,0.7,0.7,11,1,1e-05,False,accepted,4
math,2,0.7,0.7,11,2,0.0,False,accepted,4
math,2,0.7,0.7,11,3,0.29437,False,accepted,4
math,2,0.7,0.7,11,4,0.88124,True,stopped,4
math,2,0.7,0.7,12,0,0.4111,False,accepted,3
math,2,0.7,0.7,12,1,0.01198,False,accepted,3
math,2,0.7,0.7,12,2,0.05672,False,accepted,3
math,2,0.7,0.7,12,3,0.52302,True,stopped,3
math,2,0.7,0.7,13,0,0.97371,False,accepted,1
math,2,0.7,0.7,13,1,0.87555,True,stopped,1
math,2,0.7,0.7,14,0,5e-05,False,accepted,8
math,2,0.7,0.7,14,1,0.00109,False,accepted,8
math,2,0.7,0.7,14,2,0.0,False,accepted,8
math,2,0.7,0.7,14,3,0.0,False,accepted,8
math,2,0.7,0.7,14,4,1e-05,False,accepted,8
math,2,0.7,0.7,14,5,4e-05,False,accepted,8
math,2,0.7,0.7,14,6,0.0,False,accepted,8
math,2,0.7,0.7,14,7,1e-05,False,accepted,8
math,2,0.7,0.7,15,0,0.20946,False,accepted,8
math,2,0.7,0.7,15,1,0.0,False,accepted,8
math,2,0.7,0.7,15,2,0.0003,False,accepted,8
math,2,0.7,0.7,15,3,1e-05,False,accepted,8
math,2,0.7,0.7,15,4,1e-05,False,accepted,8
math,2,0.7,0.7,15,5,0.0,False,accepted,8
math,2,0.7,0.7,15,6,0.0,False,accepted,8
math,2,0.7,0.7,15,7,0.0,False,accepted,8
math,2,0.7,0.7,16,0,0.0,False,accepted,4
math,2,0.7,0.7,16,1,4e-05,False,accepted,4
math,2,0.7,0.7,16,2,0.0,False,accepted,4
math,2,0.7,0.7,16,3,0.00039,False,accepted,4
math,2,0.7,0.7,16,4,0.68543,True,stopped,4
math,2,0.7,0.7,17,0,0.00039,False,accepted,8
math,2,0.7,0.7,17,1,0.08829,False,accepted,8
math,2,0.7,0.7,17,2,0.29128,False,accepted,8
math,2,0.7,0.7,17,3,0.01027,False,accepted,8
math,2,0.7,0.7,17,4,0.00368,False,accepted,8
math,2,0.7,0.7,17,5,0.00523,False,accepted,8
math,2,0.7,0.7,17,6,0.00124,False,accepted,8
math,2,0.7,0.7,17,7,0.2975,False,accepted,8
math,2,0.7,0.7,18,0,0.0002,False,accepted,8
math,2,0.7,0.7,18,1,1e-05,False,accepted,8
math,2,0.7,0.7,18,2,0.0,False,accepted,8
math,2,0.7,0.7,18,3,2e-05,False,accepted,8
math,2,0.7,0.7,18,4,0.0,False,accepted,8
math,2,0.7,0.7,18,5,1e-05,False,accepted,8
math,2,0.7,0.7,18,6,0.0,False,accepted,8
math,2,0.7,0.7,18,7,0.0,False,accepted,8
math,2,0.7,0.7,19,0,0.0,False,accepted,2
math,2,0.7,0.7,19,1,0.0,False,accepted,2
math,2,0.7,0.7,19,2,1.03693,True,stopped,2
math,2,0.7,0.7,20,0,0.17238,False,accepted,2
math,2,0.7,0.7,20,1,1e-05,False,accepted,2
math,3,0.0,0.7,0,0,0.72374,False,rejected,5
math,3,0.0,0.7,0,1,0.33761,False,untested,5
math,3,0.0,0.7,0,2,0.0026,False,untested,5
math,3,0.0,0.7,0,3,0.00766,False,untested,5
math,3,0.0,0.7,0,4,0.00107,False,untested,5
math,3,0.0,0.7,0,5,0.99827,True,stopped,5
math,3,0.0,0.7,1,0,0.35122,False,accepted,8
math,3,0.0,0.7,1,1,0.00011,False,accepted,8
math,3,0.0,0.7,1,2,0.00099,False,accepted,8
math,3,0.0,0.7,1,3,5e-05,False,accepted,8
math,3,0.0,0.7,1,4,0.00015,False,accepted,8
math,3,0.0,0.7,1,5,0.00025,False,accepted,8
math,3,0.0,0.7,1,6,0.09568,False,accepted,8
math,3,0.0,0.7,1,7,0.00032,False,accepted,8
math,3,0.0,0.7,2,0,0.00056,False,accepted,3
math,3,0.0,0.7,2,1,0.00074,False,accepted,3
math,3,0.0,0.7,2,2,0.03059,False,accepted,3
math,3,0.0,0.7,2,3,0.50541,True,stopped,3
math,3,0.0,0.7,3,0,0.12964,False,accepted,2
math,3,0.0,0.7,3,1,0.05387,False,accepted,2
math,3,0.0,0.7,3,2,0.69133,True,stopped,2
math,3,0.0,0.7,4,0,2.07189,False,rejected,1
math,3,0.0,0.7,4,1,1.37745,True,stopped,1
math,3,0.0,0.7,5,0,0.14518,False,accepted,1
math,3,0.0,0.7,5,1,1.13151,True,stopped,1
math,3,0.0,0.7,6,0,1.4708,False,accepted,4
math,3,0.0,0.7,6,1,0.12107,False,accepted,4
math,3,0.0,0.7,6,2,0.00397,False,accepted,4
math,3,0.0,0.7,6,3,0.00241,False,accepted,4
math,3,0.0,0.7,6,4,0.7061,True,stopped,4
math,3,0.0,0.7,7,0,0.00397,False,accepted,3
math,3,0.0,0.7,7,1,0.03846,False,accepted,3
math,3,0.0,0.7,7,2,0.31173,False,accepted,3
math,3,0.0,0.7,7,3,0.70348,True,stopped,3
math,3,0.0,0.7,8,0,1.02165,False,accepted,1
math,3,0.0,0.7,8,1,0.77981,True,stopped,1
math,3,0.0,0.7,9,0,0.00701,False,accepted,2
math,3,0.0,0.7,9,1,0.00228,False,accepted,2
math,3,0.0,0.7,9,2,0.72061,True,stopped,2
math,3,0.0,0.7,10,0,0.01931,False,accepted,8
math,3,0.0,0.7,10,1,0.00108,False,accepted,8
math,3,0.0,0.7,10,2,0.11764,False,accepted,8
math,3,0.0,0.7,10,3,0.07573,False,accepted,8
math,3,0.0,0.7,10,4,0.00033,False,accepted,8
math,3,0.0,0.7,10,5,3e-05,False,accepted,8
math,3,0.0,0.7,10,6,0.24118,False,accepted,8
math,3,0.0,0.7,10,7,0.0051,False,accepted,8
math,3,0.0,0.7,11,0,0.69211,False,accepted,1
math,3,0.0,0.7,11,1,0.57914,True,stopped,1
math,3,0.0,0.7,12,0,0.00059,False,accepted,2
math,3,0.0,0.7,12,1,0.03955,False,accepted,2
math,3,0.0,0.7,12,2,0.47617,True,stopped,2
math,3,0.0,0.7,13,0,2e-05,False,accepted,5
math,3,0.0,0.7,13,1,0.00015,False,accepted,5
math,3,0.0,0.7,13,2,0.00026,False,accepted,5
math,3,0.0,0.7,13,3,0.00199,False,accepted,5
math,3,0.0,0.7,13,4,0.14213,False,accepted,5
math,3,0.0,0.7,13,5,0.60361,True,stopped,5
math,3,0.0,0.7,14,0,0.00362,False,accepted,8
math,3,0.0,0.7,14,1,0.00011,False,accepted,8
math,3,0.0,0.7,14,2,0.00254,False,accepted,8
math,3,0.0,0.7,14,3,2e-05,False,accepted,8
math,3,0.0,0.7,14,4,0.0,False,accepted,8
math,3,0.0,0.7,14,5,0.00085,False,accepted,8
math,3,0.0,0.7,14,6,1e-05,False,accepted,8
math,3,0.0,0.7,14,7,0.00015,False,accepted,8
math,3,0.0,0.7,15,0,0.4864,False,accepted,2
math,3,0.0,0.7,15,1,0.02916,False,accepted,2
math,3,0.0,0.7,15,2,0.69541,True,stopped,2
math,3,0.0,0.7,16,0,0.22508,False,accepted,7
math,3,0.0,0.7,16,1,0.00061,False,accepted,7
math,3,0.0,0.7,16,2,0.15506,False,accepted,7
math,3,0.0,0.7,16,3,0.30418,False,accepted,7
math,3,0.0,0.7,16,4,0.25869,False,accepted,7
math,3,0.0,0.7,16,5,0.01482,False,accepted,7
math,3,0.0,0.7,16,6,0.11397,False,accepted,7
math,3,0.0,0.7,16,7,0.83691,True,stopped,7
math,3,0.0,0.7,17,0,0.03351,False,accepted,1
math,3,0.0,0.7,17,1,0.56411,True,stopped,1
math,3,0.0,0.7,18,0,0.35009,False,accepted,1
math,3,0.0,0.7,18,1,0.76537,True,stopped,1
math,3,0.0,0.7,19,0,0.05933,False,accepted,8
math,3,0.0,0.7,19,1,0.39323,False,accepted,8
math,3,0.0,0.7,19,2,0.00252,False,accepted,8
math,3,0.0,0.7,19,3,0.42691,False,accepted,8
math,3,0.0,0.7,19,4,0.00054,False,accepted,8
math,3,0.0,0.7,19,5,0.02091,False,accepted,8
math,3,0.0,0.7,19,6,2e-05,False,accepted,8
math,3,0.0,0.7,19,7,0.00029,False,accepted,8
math,3,0.0,0.7,20,0,0.00033,False,accepted,1
math,3,0.0,0.7,20,1,0.60612,True,stopped,1
math,3,0.0,0.7,21,0,1.03262,False,accepted,2
math,3,0.0,0.7,21,1,0.00277,False,accepted,2
math,3,0.0,0.7,21,2,1.45181,True,stopped,2
math,3,0.0,0.7,22,0,0.11979,False,accepted,2
math,3,0.0,0.7,22,1,0.00051,False,accepted,2
math,3,0.0,0.7,22,2,0.92979,True,stopped,2
math,3,0.0,0.7,23,0,0.39983,False,accepted,5
math,3,0.0,0.7,23,1,5e-05,False,accepted,5
math,3,0.0,0.7,23,2,0.06414,False,accepted,5
math,3,0.0,0.7,23,3,0.03366,False,accepted,5
math,3,0.0,0.7,23,4,0.00037,False,accepted,5
math,3,0.0,0.7,23,5,0.95315,True,stopped,5
math,3,0.0,0.7,24,0,0.67367,False,rejected,1
math,3,0.0,0.7,24,1,1.42885,True,stopped,1
math,3,0.0,0.7,25,0,0.00155,False,accepted,2
math,3,0.0,0.7,25,1,0.0055,False,accepted,2
math,3,0.0,0.7,25,2,0.86893,True,stopped,2
math,3,0.0,0.7,26,0,0.11124,False,accepted,8
math,3,0.0,0.7,26,1,0.05737,False,accepted,8
math,3,0.0,0.7,26,2,0.08107,False,accepted,8
math,3,0.0,0.7,26,3,0.0,False,accepted,8
math,3,0.0,0.7,26,4,0.00155,False,accepted,8
math,3,0.0,0.7,26,5,5e-05,False,accepted,8
math,3,0.0,0.7,26,6,0.00012,False,accepted,8
math,3,0.0,0.7,26,7,6e-05,False,accepted,8
math,3,0.0,0.7,27,0,0.00983,False,accepted,8
math,3,0.0,0.7,27,1,3e-05,False,accepted,8
math,3,0.0,0.7,27,2,4e-05,False,accepted,8
math,3,0.0,0.7,27,3,0.01014,False,accepted,8
math,3,0.0,0.7,27,4,0.00018,False,accepted,8
math,3,0.0,0.7,27,5,7e-05,False,accepted,8
math,3,0.0,0.7,27,6,0.20478,False,accepted,8
math,3,0.0,0.7,27,7,0.0151,False,accepted,8
math,3,0.0,0.7,28,0,0.53386,False,accepted,4
math,3,0.0,0.7,28,1,0.0006,False,accepted,4
math,3,0.0,0.7,28,2,0.01528,False,accepted,4
math,3,0.0,0.7,28,3,3e-05,False,accepted,4
math,3,0.7,0.7,0,0,0.52409,False,accepted,8
math,3,0.7,0.7,0,1,0.11424,False,accepted,8
math,3,0.7,0.7,0,2,0.0,False,accepted,8
math,3,0.7,0.7,0,3,2e-05,False,accepted,8
math,3,0.7,0.7,0,4,0.0,False,accepted,8
math,3,0.7,0.7,0,5,0.0,False,accepted,8
math,3,0.7,0.7,0,6,0.0,False,accepted,8
math,3,0.7,0.7,0,7,0.02083,False,accepted,8
math,3,0.7,0.7,1,0,0.0,False,accepted,7
math,3,0.7,0.7,1,1,0.0,False,accepted,7
math,3,0.7,0.7,1,2,1e-05,False,accepted,7
math,3,0.7,0.7,1,3,0.00271,False,accepted,7
math,3,0.7,0.7,1,4,0.21297,False,accepted,7
math,3,0.7,0.7,1,5,0.02681,False,accepted,7
math,3,0.7,0.7,1,6,0.0038,False,accepted,7
math,3,0.7,0.7,1,7,0.4874,True,stopped,7
math,3,0.7,0.7,2,0,1.60465,False,rejected,1
math,3,0.7,0.7,2,1,1.14147,True,stopped,1
math,3,0.7,0.7,3,0,0.03993,False,accepted,1
math,3,0.7,0.7,3,1,0.79237,True,stopped,1
math,3,0.7,0.7,4,0,0.16264,False,accepted,1
math,3,0.7,0.7,4,1,1.16771,True,stopped,1
math,3,0.7,0.7,5,0,0.25988,False,accepted,1
math,3,0.7,0.7,5,1,0.59977,True,stopped,1
math,3,0.7,0.7,6,0,0.16984,False,accepted,8
math,3,0.7,0.7,6,1,0.00545,False,accepted,8
math,3,0.7,0.7,6,2,1e-05,False,accepted,8
math,3,0.7,0.7,6,3,0.00882,False,accepted,8
math,3,0.7,0.7,6,4,0.00237,False,accepted,8
math,3,0.7,0.7,6,5,2e-05,False,accepted,8
math,3,0.7,0.7,6,6,0.07983,False,accepted,8
math,3,0.7,0.7,6,7,0.00938,False,accepted,8
math,3,0.7,0.7,7,0,0.0,False,accepted,4
math,3,0.7,0.7,7,1,0.00561,False,accepted,4
math,3,0.7,0.7,7,2,0.0001,False,accepted,4
math,3,0.7,0.7,7,3,0.00046,False,accepted,4
math,3,0.7,0.7,7,4,0.62,True,stopped,4
math,3,0.7,0.7,8,0,0.33165,False,accepted,3
math,3,0.7,0.7,8,1,1e-05,False,accepted,3
math,3,0.7,0.7,8,2,0.02173,False,accepted,3
math,3,0.7,0.7,8,3,0.59462,True,stopped,3
math,3,0.7,0.7,9,0,0.0,False,accepted,4
math,3,0.7,0.7,9,1,1e-05,False,accepted,4
math,3,0.7,0.7,9,2,9e-05,False,accepted,4
math,3,0.7,0.7,9,3,0.00764,False,accepted,4
math,3,0.7,0.7,9,4,0.64344,True,stopped,4
math,3,0.7,0.7,10,0,1e-05,False,accepted,8
math,3,0.7,0.7,10,1,0.0,False,accepted,8
math,3,0.7,0.7,10,2,6e-05,False,accepted,8
math,3,0.7,0.7,10,3,0.0,False,accepted,8
math,3,0.7,0.7,10,4,0.0,False,accepted,8
math,3,0.7,0.7,10,5,1e-05,False,accepted,8
math,3,0.7,0.7,10,6,0.0,False,accepted,8
math,3,0.7,0.7,10,7,0.0,False,accepted,8
math,3,0.7,0.7,11,0,0.47288,False,accepted,2
math,3,0.7,0.7,11,1,0.00045,False,accepted,2
math,3,0.7,0.7,11,2,0.67554,True,stopped,2
math,3,0.7,0.7,12,0,0.04918,False,accepted,7
math,3,0.7,0.7,12,1,1e-05,False,accepted,7
math,3,0.7,0.7,12,2,0.03432,False,accepted,7
math,3,0.7,0.7,12,3,0.16934,False,accepted,7
math,3,0.7,0.7,12,4,0.05388,False,accepted,7
math,3,0.7,0.7,12,5,0.01621,False,accepted,7
math,3,0.7,0.7,12,6,0.27154,False,accepted,7
math,3,0.7,0.7,12,7,0.83642,True,stopped,7
math,3,0.7,0.7,13,0,0.80954,False,accepted,4
math,3,0.7,0.7,13,1,0.00029,False,accepted,4
math,3,0.7,0.7,13,2,0.09048,False,accepted,4
math,3,0.7,0.7,13,3,0.19107,False,accepted,4
math,3,0.7,0.7,13,4,0.63421,True,stopped,4
math,3,0.7,0.7,14,0,0.00503,False,accepted,8
math,3,0.7,0.7,14,1,0.03002,False,accepted,8
math,3,0.7,0.7,14,2,8e-05,False,accepted,8
math,3,0.7,0.7,14,3,0.04444,False,rejected,8
math,3,0.7,0.7,14,4,0.0,False,untested,8
math,3,0.7,0.7,14,5,0.0014,False,untested,8
math,3,0.7,0.7,14,6,0.0,False,untested,8
math,3,0.7,0.7,14,7,0.0,False,untested,8
math,3,0.7,0.7,15,0,0.70906,False,accepted,8
math,3,0.7,0.7,15,1,0.17415,False,accepted,8
math,3,0.7,0.7,15,2,0.0,False,accepted,8
math,3,0.7,0.7,15,3,0.05818,False,accepted,8
math,3,0.7,0.7,15,4,0.00865,False,accepted,8
math,3,0.7,0.7,15,5,5e-05,False,accepted,8
math,3,0.7,0.7,15,6,0.0,False,accepted,8
math,3,0.7,0.7,15,7,0.0,False,accepted,8
math,3,0.7,0.7,16,0,1e-05,False,accepted,1
math,3,0.7,0.7,16,1,1.07952,True,stopped,1
math,3,0.7,0.7,17,0,0.01724,False,accepted,8
math,3,0.7,0.7,17,1,0.12017,False,accepted,8
math,3,0.7,0.7,17,2,0.0,False,accepted,8
math,3,0.7,0.7,17,3,0.00053,False,accepted,8
math,3,0.7,0.7,17,4,0.0,False,accepted,8
math,3,0.7,0.7,17,5,0.0,False,accepted,8
math,3,0.7,0.7,17,6,0.0,False,accepted,8
math,3,0.7,0.7,17,7,2e-05,False,accepted,8
math,3,0.7,0.7,18,0,0.57264,False,accepted,2
math,3,0.7,0.7,18,1,9e-05,False,accepted,2
math,3,0.7,0.7,18,2,1.14466,True,stopped,2
math,3,0.7,0.7,19,0,0.0965,False,accepted,7
math,3,0.7,0.7,19,1,0.40132,False,accepted,7
math,3,0.7,0.7,19,2,0.21739,False,accepted,7
math,3,0.7,0.7,19,3,0.01752,False,accepted,7
math,3,0.7,0.7,19,4,5e-05,False,accepted,7
math,3,0.7,0.7,19,5,0.0,False,accepted,7
math,3,0.7,0.7,19,6,4e-05,False,accepted,7
math,3,0.7,0.7,19,7,0.64342,True,stopped,7
math,3,0.7,0.7,20,0,0.00162,False,accepted,8
math,3,0.7,0.7,20,1,0.0,False,accepted,8
math,3,0.7,0.7,20,2,6e-05,False,accepted,8
math,3,0.7,0.7,20,3,0.00093,False,accepted,8
math,3,0.7,0.7,20,4,0.0,False,accepted,8
math,3,0.7,0.7,20,5,0.0,False,accepted,8
math,3,0.7,0.7,20,6,1e-05,False,accepted,8
math,3,0.7,0.7,20,7,0.0,False,accepted,8
math,3,0.7,0.7,21,0,0.07481,False,accepted,8
math,3,0.7,0.7,21,1,1e-05,False,accepted,8
math,3,0.7,0.7,21,2,0.0,False,accepted,8
math,3,0.7,0.7,21,3,2e-05,False,accepted,8
math,3,0.7,0.7,21,4,0.0,False,accepted,8
math,3,0.7,0.7,21,5,0.0,False,accepted,8
math,3,0.7,0.7,21,6,1e-05,False,accepted,8
math,3,0.7,0.7,21,7,0.0,False,accepted,8
math,3,0.7,0.7,22,0,0.01175,False,accepted,2
math,3,0.7,0.7,22,1,0.0,False,accepted,2
math,4,0.0,0.7,0,0,0.58335,False,rejected,8
math,4,0.0,0.7,0,1,0.17917,False,untested,8
math,4,0.0,0.7,0,2,6e-05,False,untested,8
math,4,0.0,0.7,0,3,0.0619,False,untested,8
math,4,0.0,0.7,0,4,0.00101,False,untested,8
math,4,0.0,0.7,0,5,0.14226,False,untested,8
math,4,0.0,0.7,0,6,0.00748,False,untested,8
math,4,0.0,0.7,0,7,0.33697,False,untested,8
math,4,0.0,0.7,1,0,0.44111,False,accepted,3
math,4,0.0,0.7,1,1,0.38918,False,accepted,3
math,4,0.0,0.7,1,2,0.00619,False,accepted,3
math,4,0.0,0.7,1,3,1.58745,True,stopped,3
math,4,0.0,0.7,2,0,0.74589,False,accepted,1
math,4,0.0,0.7,2,1,0.66505,True,stopped,1
math,4,0.0,0.7,3,0,0.29171,False,accepted,2
math,4,0.0,0.7,3,1,3e-05,False,accepted,2
math,4,0.0,0.7,3,2,0.71142,True,stopped,2
math,4,0.0,0.7,4,0,0.79418,False,accepted,3
math,4,0.0,0.7,4,1,0.0457,False,accepted,3
math,4,0.0,0.7,4,2,0.33424,False,accepted,3
math,4,0.0,0.7,4,3,1.16523,True,stopped,3
math,4,0.0,0.7,5,0,0.48093,False,accepted,1
math,4,0.0,0.7,5,1,0.62667,True,stopped,1
math,4,0.0,0.7,6,0,0.3617,False,accepted,3
math,4,0.0,0.7,6,1,0.03039,False,accepted,3
math,4,0.0,0.7,6,2,0.02885,False,accepted,3
math,4,0.0,0.7,6,3,0.66846,True,stopped,3
math,4,0.0,0.7,7,0,0.53602,False,accepted,8
math,4,0.0,0.7,7,1,0.11196,False,accepted,8
math,4,0.0,0.7,7,2,0.05551,False,accepted,8
math,4,0.0,0.7,7,3,7e-05,False,accepted,8
math,4,0.0,0.7,7,4,0.00076,False,accepted,8
math,4,0.0,0.7,7,5,0.00067,False,accepted,8
math,4,0.0,0.7,7,6,0.18352,False,accepted,8
math,4,0.0,0.7,7,7,0.11356,False,accepted,8
math,4,0.0,0.7,8,0,0.03245,False,accepted,2
math,4,0.0,0.7,8,1,0.08588,False,accepted,2
math,4,0.0,0.7,8,2,0.99408,True,stopped,2
math,4,0.0,0.7,9,0,0.09011,False,accepted,1
math,4,0.0,0.7,9,1,0.7831,True,stopped,1
math,4,0.0,0.7,10,0,0.01265,False,accepted,8
math,4,0.0,0.7,10,1,0.0019,False,accepted,8
math,4,0.0,0.7,10,2,0.21619,False,accepted,8
math,4,0.0,0.7,10,3,0.00361,False,accepted,8
math,4,0.0,0.7,10,4,0.03103,False,accepted,8
math,4,0.0,0.7,10,5,8e-05,False,accepted,8
math,4,0.0,0.7,10,6,0.00175,False,accepted,8
math,4,0.0,0.7,10,7,0.26693,False,accepted,8
math,4,0.0,0.7,11,0,1.45455,False,rejected,8
math,4,0.0,0.7,11,1,0.00062,False,untested,8
math,4,0.0,0.7,11,2,0.00038,False,untested,8
math,4,0.0,0.7,11,3,0.01704,False,untested,8
math,4,0.0,0.7,11,4,8e-05,False,untested,8
math,4,0.0,0.7,11,5,0.00203,False,untested,8
math,4,0.0,0.7,11,6,0.00027,False,untested,8
math,4,0.0,0.7,11,7,0.044,False,untested,8
math,4,0.0,0.7,12,0,9e-05,False,accepted,2
math,4,0.0,0.7,12,1,6e-05,False,accepted,2
math,4,0.0,0.7,12,2,0.80996,True,stopped,2
math,4,0.0,0.7,13,0,0.00069,False,accepted,8
math,4,0.0,0.7,13,1,0.00032,False,accepted,8
math,4,0.0,0.7,13,2,0.01416,False,accepted,8
math,4,0.0,0.7,13,3,8e-05,False,accepted,8
math,4,0.0,0.7,13,4,0.00184,False,accepted,8
math,4,0.0,0.7,13,5,0.00033,False,accepted,8
math,4,0.0,0.7,13,6,0.03674,False,accepted,8
math,4,0.0,0.7,13,7,0.00027,False,accepted,8
math,4,0.0,0.7,14,0,0.00047,False,accepted,3
math,4,0.0,0.7,14,1,8e-05,False,accepted,3
math,4,0.0,0.7,14,2,2e-05,False,accepted,3
math,4,0.0,0.7,14,3,1.32226,True,stopped,3
math,4,0.0,0.7,15,0,0.14957,False,accepted,1
math,4,0.0,0.7,15,1,1.24594,True,stopped,1
math,4,0.0,0.7,16,0,0.00505,False,accepted,8
math,4,0.0,0.7,16,1,0.03033,False,accepted,8
math,4,0.0,0.7,16,2,0.00333,False,accepted,8
math,4,0.0,0.7,16,3,0.30295,False,accepted,8
math,4,0.0,0.7,16,4,0.0001,False,accepted,8
math,4,0.0,0.7,16,5,0.0003,False,accepted,8
math,4,0.0,0.7,16,6,0.01054,False,accepted,8
math,4,0.0,0.7,16,7,0.33266,False,accepted,8
math,4,0.0,0.7,17,0,0.00175,False,accepted,8
math,4,0.0,0.7,17,1,0.00046,False,accepted,8
math,4,0.0,0.7,17,2,1e-05,False,accepted,8
math,4,0.0,0.7,17,3,0.0008,False,accepted,8
math,4,0.0,0.7,17,4,0.00259,False,accepted,8
math,4,0.0,0.7,17,5,0.00341,False,accepted,8
math,4,0.0,0.7,17,6,0.00419,False,accepted,8
math,4,0.0,0.7,17,7,0.03417,False,accepted,8
math,4,0.0,0.7,18,0,0.42407,False,rejected,8
math,4,0.0,0.7,18,1,0.14294,False,untested,8
math,4,0.0,0.7,18,2,0.28667,False,untested,8
math,4,0.0,0.7,18,3,0.00206,False,untested,8
math,4,0.0,0.7,18,4,0.00358,False,untested,8
math,4,0.0,0.7,18,5,0.03084,False,untested,8
math,4,0.0,0.7,18,6,8e-05,False,untested,8
math,4,0.0,0.7,18,7,0.00376,False,untested,8
math,4,0.0,0.7,19,0,0.00291,False,accepted,8
math,4,0.0,0.7,19,1,0.00167,False,accepted,8
math,4,0.0,0.7,19,2,0.02662,False,accepted,8
math,4,0.0,0.7,19,3,8e-05,False,accepted,8
math,4,0.0,0.7,19,4,0.00315,False,accepted,8
math,4,0.0,0.7,19,5,5e-05,False,accepted,8
math,4,0.0,0.7,19,6,0.00027,False,accepted,8
math,4,0.0,0.7,19,7,2e-05,False,accepted,8
math,4,0.0,0.7,20,0,0.01743,False,accepted,8
math,4,0.0,0.7,20,1,0.24821,False,accepted,8
math,4,0.0,0.7,20,2,0.00036,False,accepted,8
math,4,0.0,0.7,20,3,0.00028,False,accepted,8
math,4,0.0,0.7,20,4,0.04158,False,accepted,8
math,4,0.0,0.7,20,5,0.01905,False,accepted,8
math,4,0.0,0.7,20,6,0.00048,False,accepted,8
math,4,0.0,0.7,20,7,0.00012,False,accepted,8
math,4,0.0,0.7,21,0,8e-05,False,accepted,7
math,4,0.0,0.7,21,1,0.00343,False,accepted,7
math,4,0.0,0.7,21,2,0.0824,False,accepted,7
math,4,0.0,0.7,21,3,0.00055,False,accepted,7
math,4,0.0,0.7,21,4,0.00015,False,accepted,7
math,4,0.0,0.7,21,5,0.02759,False,accepted,7
math,4,0.0,0.7,21,6,0.00665,False,accepted,7
math,4,0.0,0.7,21,7,0.64602,True,stopped,7
math,4,0.0,0.7,22,0,0.3356,False,accepted,8
math,4,0.0,0.7,22,1,0.00384,False,accepted,8
math,4,0.0,0.7,22,2,0.08279,False,accepted,8
math,4,0.0,0.7,22,3,0.21702,False,accepted,8
math,4,0.0,0.7,22,4,0.01507,False,accepted,8
math,4,0.0,0.7,22,5,7e-05,False,accepted,8
math,4,0.0,0.7,22,6,2e-05,False,accepted,8
math,4,0.0,0.7,22,7,0.00051,False,accepted,8
math,4,0.0,0.7,23,0,0.04014,False,accepted,2
math,4,0.0,0.7,23,1,0.29826,False,accepted,2
math,4,0.0,0.7,23,2,0.93141,True,stopped,2
math,4,0.0,0.7,24,0,0.29629,False,accepted,6
math,4,0.0,0.7,24,1,0.00025,False,accepted,6
math,4,0.0,0.7,24,2,4e-05,False,accepted,6
math,4,0.0,0.7,24,3,3e-05,False,accepted,6
math,4,0.0,0.7,24,4,1e-05,False,accepted,6
math,4,0.0,0.7,24,5,0.12592,False,accepted,6
math,4,0.0,0.7,24,6,0.6288,True,stopped,6
math,4,0.0,0.7,25,0,0.32724,False,accepted,1
math,4,0.7,0.7,0,0,0.21232,False,rejected,8
math,4,0.7,0.7,0,1,0.04928,False,untested,8
math,4,0.7,0.7,0,2,0.0,False,untested,8
math,4,0.7,0.7,0,3,0.01157,False,untested,8
math,4,0.7,0.7,0,4,3e-05,False,untested,8
math,4,0.7,0.7,0,5,0.04488,False,untested,8
math,4,0.7,0.7,0,6,0.00043,False,untested,8
math,4,0.7,0.7,0,7,0.15038,False,untested,8
math,4,0.7,0.7,1,0,0.28872,False,rejected,3
math,4,0.7,0.7,1,1,0.17821,False,untested,3
math,4,0.7,0.7,1,2,0.00024,False,untested,3
math,4,0.7,0.7,1,3,1.10925,True,stopped,3
math,4,0.7,0.7,2,0,0.10219,False,accepted,2
math,4,0.7,0.7,2,1,0.00087,False,accepted,2
math,4,0.7,0.7,2,2,1.45432,True,stopped,2
math,4,0.7,0.7,3,0,0.71304,False,accepted,1
math,4,0.7,0.7,3,1,0.61854,True,stopped,1
math,4,0.7,0.7,4,0,0.20456,False,accepted,3
math,4,0.7,0.7,4,1,0.0,False,accepted,3
math,4,0.7,0.7,4,2,0.21899,False,accepted,3
math,4,0.7,0.7,4,3,0.66585,True,stopped,3
math,4,0.7,0.7,5,0,0.0213,False,accepted,2
math,4,0.7,0.7,5,1,0.06033,False,accepted,2
math,4,0.7,0.7,5,2,0.61377,True,stopped,2
math,4,0.7,0.7,6,0,0.35693,False,accepted,5
math,4,0.7,0.7,6,1,0.39602,False,accepted,5
math,4,0.7,0.7,6,2,0.08019,False,accepted,5
math,4,0.7,0.7,6,3,0.00698,False,accepted,5
math,4,0.7,0.7,6,4,0.00338,False,accepted,5
math,4,0.7,0.7,6,5,0.68968,True,stopped,5
math,4,0.7,0.7,7,0,0.40969,False,accepted,8
math,4,0.7,0.7,7,1,0.03043,False,accepted,8
math,4,0.7,0.7,7,2,0.01017,False,accepted,8
math,4,0.7,0.7,7,3,0.0,False,accepted,8
math,4,0.7,0.7,7,4,1e-05,False,accepted,8
math,4,0.7,0.7,7,5,1e-05,False,accepted,8
math,4,0.7,0.7,7,6,0.03988,False,accepted,8
math,4,0.7,0.7,7,7,0.01504,False,accepted,8
math,4,0.7,0.7,8,0,0.00238,False,accepted,2
math,4,0.7,0.7,8,1,0.00957,False,accepted,2
math,4,0.7,0.7,8,2,0.75408,True,stopped,2
math,4,0.7,0.7,9,0,0.02211,False,accepted,8
math,4,0.7,0.7,9,1,0.3459,False,accepted,8
math,4,0.7,0.7,9,2,0.00111,False,accepted,8
math,4,0.7,0.7,9,3,4e-05,False,accepted,8
math,4,0.7,0.7,9,4,0.04411,False,accepted,8
math,4,0.7,0.7,9,5,9e-05,False,accepted,8
math,4,0.7,0.7,9,6,0.00669,False,accepted,8
math,4,0.7,0.7,9,7,0.0,False,accepted,8
math,4,0.7,0.7,10,0,0.11924,False,accepted,2
math,4,0.7,0.7,10,1,0.0,False,accepted,2
math,4,0.7,0.7,10,2,1.05154,True,stopped,2
math,4,0.7,0.7,11,0,0.0,False,accepted,2
math,4,0.7,0.7,11,1,0.0,False,accepted,2
math,4,0.7,0.7,11,2,0.70404,True,stopped,2
math,4,0.7,0.7,12,0,1e-05,False,accepted,8
math,4,0.7,0.7,12,1,0.0,False,accepted,8
math,4,0.7,0.7,12,2,0.00108,False,accepted,8
math,4,0.7,0.7,12,3,0.0,False,accepted,8
math,4,0.7,0.7,12,4,7e-05,False,accepted,8
math,4,0.7,0.7,12,5,0.0,False,accepted,8
math,4,0.7,0.7,12,6,0.00519,False,accepted,8
math,4,0.7,0.7,12,7,0.0,False,accepted,8
math,4,0.7,0.7,13,0,1e-05,False,accepted,3
math,4,0.7,0.7,13,1,0.0,False,accepted,3
math,4,0.7,0.7,13,2,0.0,False,accepted,3
math,4,0.7,0.7,13,3,1.10797,True,stopped,3
math,4,0.7,0.7,14,0,8e-05,False,accepted,1
math,4,0.7,0.7,14,1,1.07509,True,stopped,1
math,4,0.7,0.7,15,0,0.10572,False,accepted,8
math,4,0.7,0.7,15,1,0.02209,False,accepted,8
math,4,0.7,0.7,15,2,0.02799,False,accepted,8
math,4,0.7,0.7,15,3,0.0,False,accepted,8
math,4,0.7,0.7,15,4,2e-05,False,accepted,8
math,4,0.7,0.7,15,5,0.00036,False,accepted,8
math,4,0.7,0.7,15,6,0.46125,False,accepted,8
math,4,0.7,0.7,15,7,0.0025,False,accepted,8
math,4,0.7,0.7,16,0,3e-05,False,accepted,1
math,4,0.7,0.7,16,1,0.54563,True,stopped,1
math,4,0.7,0.7,17,0,8e-05,False,accepted,7
math,4,0.7,0.7,17,1,1e-05,False,accepted,7
math,4,0.7,0.7,17,2,0.0,False,accepted,7
math,4,0.7,0.7,17,3,2e-05,False,accepted,7
math,4,0.7,0.7,17,4,1e-05,False,accepted,7
math,4,0.7,0.7,17,5,4e-05,False,accepted,7
math,4,0.7,0.7,17,6,0.00354,False,accepted,7
math,4,0.7,0.7,17,7,0.67092,True,stopped,7
math,4,0.7,0.7,18,0,0.00032,False,accepted,8
math,4,0.7,0.7,18,1,0.00012,False,accepted,8
math,4,0.7,0.7,18,2,0.00572,False,accepted,8
math,4,0.7,0.7,18,3,0.0,False,accepted,8
math,4,0.7,0.7,18,4,5e-05,False,accepted,8
math,4,0.7,0.7,18,5,0.0,False,accepted,8
math,4,0.7,0.7,18,6,0.0,False,accepted,8
math,4,0.7,0.7,18,7,0.0,False,accepted,8
math,4,0.7,0.7,19,0,0.00158,False,accepted,8
math,4,0.7,0.7,19,1,0.04172,False,accepted,8
math,4,0.7,0.7,19,2,0.0,False,accepted,8
math,4,0.7,0.7,19,3,0.0,False,accepted,8
math,4,0.7,0.7,19,4,0.00618,False,accepted,8
math,4,0.7,0.7,19,5,0.00209,False,accepted,8
math,4,0.7,0.7,19,6,1e-05,False,accepted,8
math,4,0.7,0.7,19,7,0.0,False,accepted,8
math,4,0.7,0.7,20,0,0.0,False,accepted,7
math,4,0.7,0.7,20,1,8e-05,False,accepted,7
math,4,0.7,0.7,20,2,0.01483,False,accepted,7
math,4,0.7,0.7,20,3,1e-05,False,accepted,7
math,4,0.7,0.7,20,4,0.0,False,accepted,7
math,4,0.7,0.7,20,5,0.00595,False,accepted,7
math,4,0.7,0.7,20,6,0.00117,False,accepted,7
math,4,0.7,0.7,20,7,0.84612,True,stopped,7
math,4,0.7,0.7,21,0,0.24442,False,accepted,8
math,4,0.7,0.7,21,1,0.00011,False,accepted,8
math,4,0.7,0.7,21,2,0.02742,False,accepted,8
math,4,0.7,0.7,21,3,0.15011,False,accepted,8
math,4,0.7,0.7,21,4,0.00209,False,accepted,8
math,4,0.7,0.7,21,5,0.0,False,accepted,8
math,4,0.7,0.7,21,6,0.0,False,accepted,8
math,4,0.7,0.7,21,7,1e-05,False,accepted,8
math,4,0.7,0.7,22,0,0.00419,False,accepted,2
math,4,0.7,0.7,22,1,0.0705,False,accepted,2
math,4,0.7,0.7,22,2,0.94955,True,stopped,2
math,4,0.7,0.7,23,0,0.05497,False,accepted,6
math,4,0.7,0.7,23,1,0.0,False,accepted,6
math,4,0.7,0.7,23,2,0.0,False,accepted,6
math,4,0.7,0.7,23,3,0.0,False,accepted,6
math,4,0.7,0.7,23,4,0.0,False,accepted,6
math,4,0.7,0.7,23,5,0.05732,False,accepted,6
math,4,0.7,0.7,23,6,0.61854,True,stopped,6
math,4,0.7,0.7,24,0,0.04798,False,accepted,1
math,5,0.0,0.7,0,0,0.17664,False,accepted,1
math,5,0.0,0.7,0,1,0.66954,True,stopped,1
math,5,0.0,0.7,1,0,4e-05,False,accepted,8
math,5,0.0,0.7,1,1,0.00032,False,accepted,8
math,5,0.0,0.7,1,2,0.00348,False,accepted,8
math,5,0.0,0.7,1,3,0.00694,False,accepted,8
math,5,0.0,0.7,1,4,0.00017,False,accepted,8
math,5,0.0,0.7,1,5,0.00821,False,accepted,8
math,5,0.0,0.7,1,6,0.00472,False,accepted,8
math,5,0.0,0.7,1,7,0.00401,False,accepted,8
math,5,0.0,0.7,2,0,0.01885,False,accepted,5
math,5,0.0,0.7,2,1,0.00055,False,accepted,5
math,5,0.0,0.7,2,2,0.00109,False,accepted,5
math,5,0.0,0.7,2,3,0.00848,False,accepted,5
math,5,0.0,0.7,2,4,0.12149,False,accepted,5
math,5,0.0,0.7,2,5,0.71487,True,stopped,5
math,5,0.0,0.7,3,0,0.69576,False,accepted,8
math,5,0.0,0.7,3,1,0.14285,False,accepted,8
math,5,0.0,0.7,3,2,0.18014,False,accepted,8
math,5,0.0,0.7,3,3,0.0002,False,accepted,8
math,5,0.0,0.7,3,4,0.1358,False,accepted,8
math,5,0.0,0.7,3,5,0.01379,False,accepted,8
math,5,0.0,0.7,3,6,0.10635,False,accepted,8
math,5,0.0,0.7,3,7,0.23757,False,accepted,8
math,5,0.0,0.7,4,0,2e-05,False,accepted,8
math,5,0.0,0.7,4,1,0.0568,False,accepted,8
math,5,0.0,0.7,4,2,0.00869,False,accepted,8
math,5,0.0,0.7,4,3,0.1404,False,accepted,8
math,5,0.0,0.7,4,4,0.17698,False,accepted,8
math,5,0.0,0.7,4,5,0.0004,False,accepted,8
math,5,0.0,0.7,4,6,0.01333,False,accepted,8
math,5,0.0,0.7,4,7,0.4551,False,accepted,8
math,5,0.0,0.7,5,0,0.01177,False,accepted,8
math,5,0.0,0.7,5,1,0.00433,False,accepted,8
math,5,0.0,0.7,5,2,0.00155,False,accepted,8
math,5,0.0,0.7,5,3,8e-05,False,accepted,8
math,5,0.0,0.7,5,4,0.0,False,accepted,8
math,5,0.0,0.7,5,5,0.00705,False,accepted,8
math,5,0.0,0.7,5,6,0.03865,False,accepted,8
math,5,0.0,0.7,5,7,0.00022,False,accepted,8
math,5,0.0,0.7,6,0,0.00021,False,accepted,8
math,5,0.0,0.7,6,1,4e-05,False,accepted,8
math,5,0.0,0.7,6,2,9e-05,False,accepted,8
math,5,0.0,0.7,6,3,0.06208,False,accepted,8
math,5,0.0,0.7,6,4,0.00356,False,accepted,8
math,5,0.0,0.7,6,5,0.00342,False,accepted,8
math,5,0.0,0.7,6,6,0.00243,False,accepted,8
math,5,0.0,0.7,6,7,9e-05,False,accepted,8
math,5,0.0,0.7,7,0,0.00031,False,accepted,8
math,5,0.0,0.7,7,1,0.00241,False,accepted,8
math,5,0.0,0.7,7,2,0.00012,False,accepted,8
math,5,0.0,0.7,7,3,0.00141,False,accepted,8
math,5,0.0,0.7,7,4,0.00191,False,accepted,8
math,5,0.0,0.7,7,5,1e-05,False,accepted,8
math,5,0.0,0.7,7,6,0.00038,False,accepted,8
math,5,0.0,0.7,7,7,0.01432,False,accepted,8
math,5,0.0,0.7,8,0,0.0001,False,accepted,7
math,5,0.0,0.7,8,1,0.00089,False,accepted,7
math,5,0.0,0.7,8,2,0.11311,False,accepted,7
math,5,0.0,0.7,8,3,0.00047,False,accepted,7
math,5,0.0,0.7,8,4,7e-05,False,accepted,7
math,5,0.0,0.7,8,5,0.00013,False,accepted,7
math,5,0.0,0.7,8,6,0.0,False,accepted,7
math,5,0.0,0.7,8,7,0.68984,True,stopped,7
math,5,0.0,0.7,9,0,0.0,False,accepted,3
math,5,0.0,0.7,9,1,0.04256,False,accepted,3
math,5,0.0,0.7,9,2,0.15808,False,accepted,3
math,5,0.0,0.7,9,3,0.87016,True,stopped,3
math,5,0.0,0.7,10,0,0.00086,False,accepted,8
math,5,0.0,0.7,10,1,8e-05,False,accepted,8
math,5,0.0,0.7,10,2,0.00014,False,accepted,8
math,5,0.0,0.7,10,3,0.08268,False,accepted,8
math,5,0.0,0.7,10,4,0.00022,False,accepted,8
math,5,0.0,0.7,10,5,0.33781,False,accepted,8
math,5,0.0,0.7,10,6,0.00303,False,accepted,8
math,5,0.0,0.7,10,7,0.09921,False,accepted,8
math,5,0.0,0.7,11,0,1e-05,False,accepted,8
math,5,0.0,0.7,11,1,0.00051,False,accepted,8
math,5,0.0,0.7,11,2,3e-05,False,accepted,8
math,5,0.0,0.7,11,3,0.0,False,accepted,8
math,5,0.0,0.7,11,4,4e-05,False,accepted,8
math,5,0.0,0.7,11,5,3e-05,False,accepted,8
math,5,0.0,0.7,11,6,0.00121,False,accepted,8
math,5,0.0,0.7,11,7,5e-05,False,accepted,8
math,5,0.0,0.7,12,0,0.5501,False,rejected,2
math,5,0.0,0.7,12,1,0.06108,False,untested,2
math,5,0.0,0.7,12,2,0.54382,True,stopped,2
math,5,0.0,0.7,13,0,0.29819,False,accepted,1
math,5,0.0,0.7,13,1,0.62777,True,stopped,1
math,5,0.0,0.7,14,0,0.0009,False,accepted,3
math,5,0.0,0.7,14,1,0.00075,False,accepted,3
math,5,0.0,0.7,14,2,1e-05,False,accepted,3
math,5,0.0,0.7,14,3,0.79641,True,stopped,3
math,5,0.0,0.7,15,0,0.00047,False,accepted,8
math,5,0.0,0.7,15,1,0.14588,False,accepted,8
math,5,0.0,0.7,15,2,0.0727,False,accepted,8
math,5,0.0,0.7,15,3,0.0,False,accepted,8
math,5,0.0,0.7,15,4,0.0001,False,accepted,8
math,5,0.0,0.7,15,5,0.04022,False,accepted,8
math,5,0.0,0.7,15,6,0.00011,False,accepted,8
math,5,0.0,0.7,15,7,2e-05,False,accepted,8
math,5,0.0,0.7,16,0,0.0,False,accepted,5
math,5,0.0,0.7,16,1,0.00212,False,accepted,5
math,5,0.0,0.7,16,2,9e-05,False,accepted,5
math,5,0.0,0.7,16,3,0.0496,False,accepted,5
math,5,0.0,0.7,16,4,0.04201,False,accepted,5
math,5,0.0,0.7,16,5,0.61815,True,stopped,5
math,5,0.0,0.7,17,0,0.00456,False,accepted,7
math,5,0.0,0.7,17,1,0.00226,False,accepted,7
math,5,0.0,0.7,17,2,0.08014,False,accepted,7
math,5,0.0,0.7,17,3,0.3564,False,accepted,7
math,5,0.0,0.7,17,4,0.00122,False,accepted,7
math,5,0.0,0.7,17,5,0.00086,False,accepted,7
math,5,0.0,0.7,17,6,0.00024,False,accepted,7
math,5,0.0,0.7,17,7,0.64859,True,stopped,7
math,5,0.0,0.7,18,0,0.00731,False,accepted,3
math,5,0.0,0.7,18,1,0.00932,False,accepted,3
math,5,0.0,0.7,18,2,0.26724,False,accepted,3
math,5,0.0,0.7,18,3,0.66718,True,stopped,3
math,5,0.0,0.7,19,0,0.76873,False,accepted,1
math,5,0.7,0.7,0,0,0.01918,False,accepted,8
math,5,0.7,0.7,0,1,0.31496,False,accepted,8
math,5,0.7,0.7,0,2,0.0,False,accepted,8
math,5,0.7,0.7,0,3,0.0,False,accepted,8
math,5,0.7,0.7,0,4,0.00016,False,accepted,8
math,5,0.7,0.7,0,5,0.00029,False,accepted,8
math,5,0.7,0.7,0,6,0.0,False,accepted,8
math,5,0.7,0.7,0,7,0.00053,False,accepted,8
math,5,0.7,0.7,1,0,0.00013,False,accepted,8
math,5,0.7,0.7,1,1,8e-05,False,accepted,8
math,5,0.7,0.7,1,2,0.00115,False,accepted,8
math,5,0.7,0.7,1,3,1e-05,False,accepted,8
math,5,0.7,0.7,1,4,2e-05,False,accepted,8
math,5,0.7,0.7,1,5,0.00033,False,accepted,8
math,5,0.7,0.7,1,6,0.01798,False,accepted,8
math,5,0.7,0.7,1,7,0.44791,False,accepted,8
math,5,0.7,0.7,2,0,0.02183,False,accepted,8
math,5,0.7,0.7,2,1,0.03141,False,accepted,8
math,5,0.7,0.7,2,2,0.0,False,accepted,8
math,5,0.7,0.7,2,3,0.03881,False,accepted,8
math,5,0.7,0.7,2,4,0.00088,False,accepted,8
math,5,0.7,0.7,2,5,0.01339,False,accepted,8
math,5,0.7,0.7,2,6,0.04286,False,accepted,8
math,5,0.7,0.7,2,7,0.20142,False,accepted,8
math,5,0.7,0.7,3,0,0.01012,False,accepted,8
math,5,0.7,0.7,3,1,0.00025,False,accepted,8
math,5,0.7,0.7,3,2,0.03139,False,accepted,8
math,5,0.7,0.7,3,3,0.05714,False,accepted,8
math,5,0.7,0.7,3,4,1e-05,False,accepted,8
math,5,0.7,0.7,3,5,0.0011,False,accepted,8
math,5,0.7,0.7,3,6,0.28284,False,accepted,8
math,5,0.7,0.7,3,7,0.00112,False,accepted,8
math,5,0.7,0.7,4,0,0.00016,False,accepted,8
math,5,0.7,0.7,4,1,4e-05,False,accepted,8
math,5,0.7,0.7,4,2,0.0,False,accepted,8
math,5,0.7,0.7,4,3,0.0,False,accepted,8
math,5,0.7,0.7,4,4,0.00043,False,accepted,8
math,5,0.7,0.7,4,5,0.0051,False,accepted,8
math,5,0.7,0.7,4,6,0.0,False,accepted,8
math,5,0.7,0.7,4,7,5e-05,False,accepted,8
math,5,0.7,0.7,5,0,0.0,False,accepted,8
math,5,0.7,0.7,5,1,0.0,False,accepted,8
math,5,0.7,0.7,5,2,0.01135,False,accepted,8
math,5,0.7,0.7,5,3,0.00015,False,accepted,8
math,5,0.7,0.7,5,4,6e-05,False,accepted,8
math,5,0.7,0.7,5,5,7e-05,False,accepted,8
math,5,0.7,0.7,5,6,0.0,False,accepted,8
math,5,0.7,0.7,5,7,0.00758,False,accepted,8
math,5,0.7,0.7,6,0,6e-05,False,accepted,8
math,5,0.7,0.7,6,1,0.0,False,accepted,8
math,5,0.7,0.7,6,2,2e-05,False,accepted,8
math,5,0.7,0.7,6,3,6e-05,False,accepted,8
math,5,0.7,0.7,6,4,0.0,False,accepted,8
math,5,0.7,0.7,6,5,0.0,False,accepted,8
math,5,0.7,0.7,6,6,0.00099,False,rejected,8
math,5,0.7,0.7,6,7,0.00879,False,untested,8
math,5,0.7,0.7,7,0,1e-05,False,accepted,8
math,5,0.7,0.7,7,1,0.0,False,accepted,8
math,5,0.7,0.7,7,2,5e-05,False,accepted,8
math,5,0.7,0.7,7,3,0.04833,False,accepted,8
math,5,0.7,0.7,7,4,2e-05,False,accepted,8
math,5,0.7,0.7,7,5,1e-05,False,accepted,8
math,5,0.7,0.7,7,6,1e-05,False,accepted,8
math,5,0.7,0.7,7,7,0.0,False,accepted,8
math,5,0.7,0.7,8,0,0.0,False,accepted,4
math,5,0.7,0.7,8,1,0.0,False,accepted,4
math,5,0.7,0.7,8,2,0.02281,False,accepted,4
math,5,0.7,0.7,8,3,0.04734,False,accepted,4
math,5,0.7,0.7,8,4,0.79024,True,stopped,4
math,5,0.7,0.7,9,0,0.00012,False,accepted,1
math,5,0.7,0.7,9,1,0.73767,True,stopped,1
math,5,0.7,0.7,10,0,0.0,False,accepted,2
math,5,0.7,0.7,10,1,1e-05,False,accepted,2
math,5,0.7,0.7,10,2,0.69871,True,stopped,2
math,5,0.7,0.7,11,0,0.0,False,accepted,8
math,5,0.7,0.7,11,1,0.0,False,accepted,8
math,5,0.7,0.7,11,2,1e-05,False,accepted,8
math,5,0.7,0.7,11,3,0.0,False,accepted,8
math,5,0.7,0.7,11,4,0.0,False,accepted,8
math,5,0.7,0.7,11,5,0.0,False,accepted,8
math,5,0.7,0.7,11,6,0.0,False,accepted,8
math,5,0.7,0.7,11,7,3e-05,False,accepted,8
math,5,0.7,0.7,12,0,0.03963,False,accepted,4
math,5,0.7,0.7,12,1,0.20901,False,accepted,4
math,5,0.7,0.7,12,2,0.02774,False,accepted,4
math,5,0.7,0.7,12,3,0.20314,False,accepted,4
math,5,0.7,0.7,12,4,0.71167,True,stopped,4
math,5,0.7,0.7,13,0,0.00028,False,accepted,8
math,5,0.7,0.7,13,1,0.00031,False,accepted,8
math,5,0.7,0.7,13,2,0.01387,False,accepted,8
math,5,0.7,0.7,13,3,0.0,False,accepted,8
math,5,0.7,0.7,13,4,0.0,False,accepted,8
math,5,0.7,0.7,13,5,0.01133,False,accepted,8
math,5,0.7,0.7,13,6,0.0,False,accepted,8
math,5,0.7,0.7,13,7,0.0,False,accepted,8
math,5,0.7,0.7,14,0,0.0,False,accepted,5
math,5,0.7,0.7,14,1,3e-05,False,accepted,5
math,5,0.7,0.7,14,2,0.0,False,accepted,5
math,5,0.7,0.7,14,3,0.00585,False,accepted,5
math,5,0.7,0.7,14,4,0.02609,False,accepted,5
math,5,0.7,0.7,14,5,0.54359,True,stopped,5
math,5,0.7,0.7,15,0,0.0003,False,accepted,3
math,5,0.7,0.7,15,1,4e-05,False,accepted,3
math,5,0.7,0.7,15,2,0.11805,False,accepted,3
math,5,0.7,0.7,15,3,0.86955,True,stopped,3
math,5,0.7,0.7,16,0,6e-05,False,accepted,3
math,5,0.7,0.7,16,1,0.14664,False,accepted,3
math,5,0.7,0.7,16,2,0.32449,False,accepted,3
math,5,0.7,0.7,16,3,1.1887,True,stopped,3
math,5,0.7,0.7,17,0,0.0,False,accepted,8
math,5,0.7,0.7,17,1,0.03947,False,accepted,8
math,5,0.7,0.7,17,2,7e-05,False,accepted,8
math,5,0.7,0.7,17,3,1e-05,False,accepted,8
math,5,0.7,0.7,17,4,0.0,False,accepted,8
math,5,0.7,0.7,17,5,1e-05,False,accepted,8
math,5,0.7,0.7,17,6,0.0,False,accepted,8
math,5,0.7,0.7,17,7,0.0,False,accepted,8
math,5,0.7,0.7,18,0,0.00018,False,accepted,1
chat,0,0.0,0.7,0,0,1.32161,False,accepted,1
chat,0,0.0,0.7,0,1,0.74687,True,stopped,1
chat,0,0.0,0.7,1,0,0.51147,False,accepted,2
chat,0,0.0,0.7,1,1,0.13296,False,accepted,2
chat,0,0.0,0.7,1,2,0.5169,True,stopped,2
chat,0,0.0,0.7,2,0,0.0498,False,accepted,2
chat,0,0.0,0.7,2,1,0.01077,False,accepted,2
chat,0,0.0,0.7,2,2,1.3029,True,stopped,2
chat,0,0.0,0.7,3,0,0.00083,False,accepted,1
chat,0,0.0,0.7,3,1,1.19519,True,stopped,1
chat,0,0.0,0.7,4,0,0.74474,False,accepted,1
chat,0,0.0,0.7,4,1,0.73124,True,stopped,1
chat,0,0.0,0.7,5,0,1.32164,False,accepted,3
chat,0,0.0,0.7,5,1,0.00725,False,accepted,3
chat,0,0.0,0.7,5,2,0.16281,False,accepted,3
chat,0,0.0,0.7,5,3,0.67959,True,stopped,3
chat,0,0.0,0.7,6,0,2.23011,False,accepted,1
chat,0,0.0,0.7,6,1,2.26382,True,stopped,1
chat,0,0.0,0.7,7,0,1.75487,False,accepted,1
chat,0,0.0,0.7,7,1,3.00544,True,stopped,1
chat,0,0.0,0.7,8,0,0.01153,False,accepted,1
chat,0,0.0,0.7,8,1,1.63307,True,stopped,1
chat,0,0.0,0.7,9,0,3.28247,False,rejected,1
chat,0,0.0,0.7,9,1,1.07122,True,stopped,1
chat,0,0.0,0.7,10,0,0.06812,False,accepted,1
chat,0,0.0,0.7,10,1,1.02019,True,stopped,1
chat,0,0.0,0.7,11,0,1.11501,False,accepted,1
chat,0,0.0,0.7,11,1,2.0531,True,stopped,1
chat,0,0.0,0.7,12,0,1.08796,False,accepted,2
chat,0,0.0,0.7,12,1,0.45353,False,accepted,2
chat,0,0.0,0.7,12,2,1.05939,True,stopped,2
chat,0,0.0,0.7,13,0,0.04829,False,accepted,2
chat,0,0.0,0.7,13,1,0.04056,False,accepted,2
chat,0,0.0,0.7,13,2,0.93291,True,stopped,2
chat,0,0.0,0.7,14,0,2.39184,False,accepted,1
chat,0,0.0,0.7,14,1,0.96356,True,stopped,1
chat,0,0.0,0.7,15,0,0.8834,False,accepted,1
chat,0,0.0,0.7,15,1,1.86957,True,stopped,1
chat,0,0.0,0.7,16,0,0.09232,False,accepted,1
chat,0,0.0,0.7,16,1,0.65518,True,stopped,1
chat,0,0.0,0.7,17,0,0.26029,False,accepted,2
chat,0,0.0,0.7,17,1,0.00359,False,accepted,2
chat,0,0.0,0.7,17,2,1.75235,True,stopped,2
chat,0,0.0,0.7,18,0,3.90091,False,rejected,2
chat,0,0.0,0.7,18,1,0.09261,False,untested,2
chat,0,0.0,0.7,18,2,1.42051,True,stopped,2
chat,0,0.0,0.7,19,0,1.39551,False,accepted,1
chat,0,0.0,0.7,19,1,3.18401,True,stopped,1
chat,0,0.0,0.7,20,0,0.34236,False,accepted,1
chat,0,0.0,0.7,20,1,1.62453,True,stopped,1
chat,0,0.0,0.7,21,0,0.00352,False,accepted,1
chat,0,0.0,0.7,21,1,1.23249,True,stopped,1
chat,0,0.0,0.7,22,0,1.30875,False,rejected,2
chat,0,0.0,0.7,22,1,0.4744,False,untested,2
chat,0,0.0,0.7,22,2,2.41008,True,stopped,2
chat,0,0.0,0.7,23,0,1.61008,False,accepted,2
chat,0,0.0,0.7,23,1,0.03232,False,accepted,2
chat,0,0.0,0.7,23,2,1.79439,True,stopped,2
chat,0,0.0,0.7,24,0,1.31569,False,accepted,2
chat,0,0.0,0.7,24,1,0.39147,False,accepted,2
chat,0,0.0,0.7,24,2,0.87094,True,stopped,2
chat,0,0.0,0.7,25,0,1.48294,False,accepted,1
chat,0,0.0,0.7,25,1,0.49364,True,stopped,1
chat,0,0.0,0.7,26,0,1.41367,False,accepted,1
chat,0,0.0,0.7,26,1,1.93331,True,stopped,1
chat,0,0.0,0.7,27,0,2.67304,False,accepted,1
chat,0,0.0,0.7,27,1,2.25568,True,stopped,1
chat,0,0.0,0.7,28,0,0.08108,False,accepted,1
chat,0,0.0,0.7,28,1,0.49693,True,stopped,1
chat,0,0.0,0.7,29,0,0.0006,False,accepted,7
chat,0,0.0,0.7,29,1,0.12431,False,accepted,7
chat,0,0.0,0.7,29,2,0.01278,False,accepted,7
chat,0,0.0,0.7,29,3,0.12047,False,accepted,7
chat,0,0.0,0.7,29,4,0.00358,False,accepted,7
chat,0,0.0,0.7,29,5,0.04873,False,accepted,7
chat,0,0.0,0.7,29,6,0.15829,False,accepted,7
chat,0,0.0,0.7,29,7,0.95947,True,stopped,7
chat,0,0.0,0.7,30,0,0.01669,False,accepted,4
chat,0,0.0,0.7,30,1,0.00896,False,accepted,4
chat,0,0.0,0.7,30,2,0.02688,False,accepted,4
chat,0,0.0,0.7,30,3,0.06186,False,accepted,4
chat,0,0.0,0.7,30,4,0.7222,True,stopped,4
chat,0,0.0,0.7,31,0,2.63964,False,rejected,1
chat,0,0.0,0.7,31,1,3.89078,True,stopped,1
chat,0,0.0,0.7,32,0,1.26047,False,accepted,1
chat,0,0.0,0.7,32,1,1.99715,True,stopped,1
chat,0,0.0,0.7,33,0,0.51703,False,accepted,1
chat,0,0.0,0.7,33,1,1.08247,True,stopped,1
chat,0,0.0,0.7,34,0,0.81692,False,accepted,1
chat,0,0.0,0.7,34,1,1.3627,True,stopped,1
chat,0,0.0,0.7,35,0,0.8672,False,accepted,1
chat,0,0.0,0.7,35,1,1.72769,True,stopped,1
chat,0,0.0,0.7,36,0,0.00098,False,accepted,3
chat,0,0.0,0.7,36,1,2e-05,False,accepted,3
chat,0,0.0,0.7,36,2,0.00021,False,accepted,3
chat,0,0.0,0.7,36,3,3.22292,True,stopped,3
chat,0,0.0,0.7,37,0,0.0576,False,accepted,1
chat,0,0.0,0.7,37,1,2.63375,True,stopped,1
chat,0,0.0,0.7,38,0,1.27259,False,accepted,2
chat,0,0.0,0.7,38,1,0.34499,False,accepted,2
chat,0,0.0,0.7,38,2,1.99222,True,stopped,2
chat,0,0.0,0.7,39,0,1.22551,False,accepted,1
chat,0,0.0,0.7,39,1,0.66686,True,stopped,1
chat,0,0.0,0.7,40,0,0.14065,False,accepted,2
chat,0,0.0,0.7,40,1,0.01355,False,accepted,2
chat,0,0.0,0.7,40,2,0.65888,True,stopped,2
chat,0,0.0,0.7,41,0,1.49261,False,accepted,1
chat,0,0.0,0.7,41,1,2.62221,True,stopped,1
chat,0,0.0,0.7,42,0,2.32832,False,accepted,1
chat,0,0.0,0.7,42,1,2.06291,True,stopped,1
chat,0,0.0,0.7,43,0,2.38819,False,rejected,1
chat,0,0.0,0.7,43,1,1.38662,True,stopped,1
chat,0,0.0,0.7,44,0,0.73801,False,accepted,1
chat,0,0.0,0.7,44,1,1.85842,True,stopped,1
chat,0,0.0,0.7,45,0,0.00016,False,accepted,1
chat,0,0.0,0.7,45,1,1.60618,True,stopped,1
chat,0,0.0,0.7,46,0,0.53828,False,rejected,1
chat,0,0.0,0.7,46,1,2.02713,True,stopped,1
chat,0,0.0,0.7,47,0,2.06085,False,accepted,1
chat,0,0.0,0.7,47,1,1.16509,True,stopped,1
chat,0,0.0,0.7,48,0,0.002,False,accepted,1
chat,0,0.0,0.7,48,1,1.04866,True,stopped,1
chat,0,0.0,0.7,49,0,1.60277,False,accepted,1
chat,0,0.0,0.7,49,1,1.02141,True,stopped,1
chat,0,0.0,0.7,50,0,2.29042,False,accepted,1
chat,0,0.0,0.7,50,1,1.36634,True,stopped,1
chat,0,0.0,0.7,51,0,1.51269,False,rejected,1
chat,0,0.0,0.7,51,1,2.1898,True,stopped,1
chat,0,0.0,0.7,52,0,2.18141,False,accepted,1
chat,0,0.0,0.7,52,1,1.3724,True,stopped,1
chat,0,0.0,0.7,53,0,0.13311,False,accepted,1
chat,0,0.0,0.7,53,1,1.56639,True,stopped,1
chat,0,0.0,0.7,54,0,0.00651,False,accepted,3
chat,0,0.0,0.7,54,1,0.00078,False,accepted,3
chat,0,0.0,0.7,54,2,0.00026,False,accepted,3
chat,0,0.0,0.7,54,3,2.53463,True,stopped,3
chat,0,0.7,0.7,0,0,0.28085,False,accepted,7
chat,0,0.7,0.7,0,1,0.12387,False,accepted,7
chat,0,0.7,0.7,0,2,0.15962,False,rejected,7
chat,0,0.7,0.7,0,3,0.0223,False,untested,7
chat,0,0.7,0.7,0,4,0.11853,False,untested,7
chat,0,0.7,0.7,0,5,0.00547,False,untested,7
chat,0,0.7,0.7,0,6,0.00042,False,untested,7
chat,0,0.7,0.7,0,7,0.97304,True,stopped,7
chat,0,0.7,0.7,1,0,0.01091,False,accepted,5
chat,0,0.7,0.7,1,1,0.04962,False,accepted,5
chat,0,0.7,0.7,1,2,0.00748,False,accepted,5
chat,0,0.7,0.7,1,3,0.00047,False,accepted,5
chat,0,0.7,0.7,1,4,0.06661,False,accepted,5
chat,0,0.7,0.7,1,5,1.07039,True,stopped,5
chat,0,0.7,0.7,2,0,1.30171,False,accepted,2
chat,0,0.7,0.7,2,1,6e-05,False,accepted,2
chat,0,0.7,0.7,2,2,0.97965,True,stopped,2
chat,0,0.7,0.7,3,0,0.64384,False,accepted,1
chat,0,0.7,0.7,3,1,0.71052,True,stopped,1
chat,0,0.7,0.7,4,0,0.00018,False,accepted,1
chat,0,0.7,0.7,4,1,0.70667,True,stopped,1
chat,0,0.7,0.7,5,0,5e-05,False,accepted,2
chat,0,0.7,0.7,5,1,0.02464,False,accepted,2
chat,0,0.7,0.7,5,2,0.55853,True,stopped,2
chat,0,0.7,0.7,6,0,1.27161,False,rejected,1
chat,0,0.7,0.7,6,1,1.79577,True,stopped,1
chat,0,0.7,0.7,7,0,0.64457,False,accepted,1
chat,0,0.7,0.7,7,1,0.47063,True,stopped,1
chat,0,0.7,0.7,8,0,0.28278,False,accepted,5
chat,0,0.7,0.7,8,1,0.09512,False,accepted,5
chat,0,0.7,0.7,8,2,0.28891,False,accepted,5
chat,0,0.7,0.7,8,3,0.13327,False,accepted,5
chat,0,0.7,0.7,8,4,4e-05,False,accepted,5
chat,0,0.7,0.7,8,5,1.32104,True,stopped,5
chat,0,0.7,0.7,9,0,2.0344,False,rejected,1
chat,0,0.7,0.7,9,1,2.20661,True,stopped,1
chat,0,0.7,0.7,10,0,0.76375,False,accepted,1
chat,0,0.7,0.7,10,1,2.30763,True,stopped,1
chat,0,0.7,0.7,11,0,0.04563,False,accepted,1
chat,0,0.7,0.7,11,1,1.23172,True,stopped,1
chat,0,0.7,0.7,12,0,1.33517,False,rejected,1
chat,0,0.7,0.7,12,1,1.03754,True,stopped,1
chat,0,0.7,0.7,13,0,0.97578,False,rejected,1
chat,0,0.7,0.7,13,1,1.00477,True,stopped,1
chat,0,0.7,0.7,14,0,1.01174,False,accepted,1
chat,0,0.7,0.7,14,1,1.02105,True,stopped,1
chat,0,0.7,0.7,15,0,0.28819,False,rejected,3
chat,0,0.7,0.7,15,1,2e-05,False,untested,3
chat,0,0.7,0.7,15,2,0.39847,False,untested,3
chat,0,0.7,0.7,15,3,1.19129,True,stopped,3
chat,0,0.7,0.7,16,0,0.00012,False,accepted,1
chat,0,0.7,0.7,16,1,1.13527,True,stopped,1
chat,0,0.7,0.7,17,0,1.06013,False,accepted,1
chat,0,0.7,0.7,17,1,1.18969,True,stopped,1
chat,0,0.7,0.7,18,0,1.32663,False,rejected,1
chat,0,0.7,0.7,18,1,0.80606,True,stopped,1
chat,0,0.7,0.7,19,0,2.25283,False,rejected,2
chat,0,0.7,0.7,19,1,0.22148,False,untested,2
chat,0,0.7,0.7,19,2,0.56637,True,stopped,2
chat,0,0.7,0.7,20,0,0.64982,False,accepted,3
chat,0,0.7,0.7,20,1,0.25071,False,accepted,3
chat,0,0.7,0.7,20,2,0.36087,False,accepted,3
chat,0,0.7,0.7,20,3,0.83009,True,stopped,3
chat,0,0.7,0.7,21,0,0.43631,False,rejected,1
chat,0,0.7,0.7,21,1,1.73989,True,stopped,1
chat,0,0.7,0.7,22,0,1.59565,False,rejected,1
chat,0,0.7,0.7,22,1,0.90521,True,stopped,1
chat,0,0.7,0.7,23,0,1.1959,False,accepted,2
chat,0,0.7,0.7,23,1,0.37179,False,accepted,2
chat,0,0.7,0.7,23,2,0.66569,True,stopped,2
chat,0,0.7,0.7,24,0,0.00142,False,accepted,1
chat,0,0.7,0.7,24,1,1.36812,True,stopped,1
chat,0,0.7,0.7,25,0,1.39944,False,rejected,1
chat,0,0.7,0.7,25,1,2.38778,True,stopped,1
chat,0,0.7,0.7,26,0,0.02198,False,accepted,6
chat,0,0.7,0.7,26,1,0.11429,False,accepted,6
chat,0,0.7,0.7,26,2,0.0008,False,accepted,6
chat,0,0.7,0.7,26,3,0.37073,False,accepted,6
chat,0,0.7,0.7,26,4,0.00995,False,accepted,6
chat,0,0.7,0.7,26,5,0.27414,False,rejected,6
chat,0,0.7,0.7,26,6,0.65642,True,stopped,6
chat,0,0.7,0.7,27,0,0.00981,False,accepted,3
chat,0,0.7,0.7,27,1,0.01463,False,rejected,3
chat,0,0.7,0.7,27,2,0.02777,False,untested,3
chat,0,0.7,0.7,27,3,0.51314,True,stopped,3
chat,0,0.7,0.7,28,0,0.26955,False,accepted,1
chat,0,0.7,0.7,28,1,0.47657,True,stopped,1
chat,0,0.7,0.7,29,0,5e-05,False,accepted,3
chat,0,0.7,0.7,29,1,0.0,False,accepted,3
chat,0,0.7,0.7,29,2,0.00019,False,accepted,3
chat,0,0.7,0.7,29,3,1.14828,True,stopped,3
chat,0,0.7,0.7,30,0,0.01832,False,accepted,1
chat,0,0.7,0.7,30,1,1.08998,True,stopped,1
chat,0,0.7,0.7,31,0,0.58762,False,rejected,1
chat,0,0.7,0.7,31,1,0.86885,True,stopped,1
chat,0,0.7,0.7,32,0,0.62772,False,accepted,1
chat,0,0.7,0.7,32,1,1.48008,True,stopped,1
chat,0,0.7,0.7,33,0,1.21905,False,accepted,5
chat,0,0.7,0.7,33,1,0.26584,False,accepted,5
chat,0,0.7,0.7,33,2,0.06197,False,accepted,5
chat,0,0.7,0.7,33,3,0.00018,False,accepted,5
chat,0,0.7,0.7,33,4,0.15729,False,accepted,5
chat,0,0.7,0.7,33,5,0.64196,True,stopped,5
chat,0,0.7,0.7,34,0,1.77719,False,rejected,1
chat,0,0.7,0.7,34,1,0.60067,True,stopped,1
chat,0,0.7,0.7,35,0,1.82819,False,rejected,2
chat,0,0.7,0.7,35,1,0.34249,False,untested,2
chat,0,0.7,0.7,35,2,1.00277,True,stopped,2
chat,0,0.7,0.7,36,0,0.00329,False,accepted,1
chat,0,0.7,0.7,36,1,1.20823,True,stopped,1
chat,0,0.7,0.7,37,0,0.87088,False,rejected,1
chat,0,0.7,0.7,37,1,0.83223,True,stopped,1
chat,0,0.7,0.7,38,0,1.11164,False,accepted,1
chat,0,0.7,0.7,38,1,2.29715,True,stopped,1
chat,0,0.7,0.7,39,0,0.0,False,accepted,1
chat,0,0.7,0.7,39,1,0.76844,True,stopped,1
chat,0,0.7,0.7,40,0,0.53347,False,accepted,2
chat,0,0.7,0.7,40,1,0.00082,False,accepted,2
chat,0,0.7,0.7,40,2,0.52195,True,stopped,2
chat,0,0.7,0.7,41,0,0.39284,False,rejected,2
chat,0,0.7,0.7,41,1,0.03655,False,untested,2
chat,0,0.7,0.7,41,2,0.70217,True,stopped,2
chat,0,0.7,0.7,42,0,1.28184,False,accepted,1
chat,0,0.7,0.7,42,1,1.23498,True,stopped,1
chat,0,0.7,0.7,43,0,0.1644,False,accepted,1
chat,0,0.7,0.7,43,1,1.19848,True,stopped,1
chat,0,0.7,0.7,44,0,0.02027,False,accepted,1
chat,0,0.7,0.7,44,1,0.65588,True,stopped,1
chat,0,0.7,0.7,45,0,0.5796,False,accepted,1
chat,0,0.7,0.7,45,1,1.06065,True,stopped,1
chat,0,0.7,0.7,46,0,0.76353,False,rejected,1
chat,0,0.7,0.7,46,1,1.90268,True,stopped,1
chat,0,0.7,0.7,47,0,0.65086,False,accepted,1
chat,0,0.7,0.7,47,1,0.49762,True,stopped,1
chat,0,0.7,0.7,48,0,0.09097,False,accepted,2
chat,0,0.7,0.7,48,1,0.04319,False,accepted,2
chat,0,0.7,0.7,48,2,1.03916,True,stopped,2
chat,0,0.7,0.7,49,0,1.36555,False,accepted,3
chat,0,0.7,0.7,49,1,0.15074,False,accepted,3
chat,0,0.7,0.7,49,2,0.0114,False,accepted,3
chat,0,0.7,0.7,49,3,1.06143,True,stopped,3
chat,0,0.7,0.7,50,0,0.00083,False,accepted,3
chat,0,0.7,0.7,50,1,5e-05,False,accepted,3
chat,0,0.7,0.7,50,2,0.0,False,accepted,3
chat,0,0.7,0.7,50,3,1.31918,True,stopped,3
chat,0,0.7,0.7,51,0,0.0,False,accepted,4
chat,0,0.7,0.7,51,1,0.00654,False,accepted,4
chat,0,0.7,0.7,51,2,0.00011,False,accepted,4
chat,0,0.7,0.7,51,3,0.12886,False,accepted,4
chat,0,0.7,0.7,51,4,0.81376,True,stopped,4
chat,0,0.7,0.7,52,0,1.83909,False,rejected,1
chat,0,0.7,0.7,52,1,2.21442,True,stopped,1
chat,0,0.7,0.7,53,0,1.17163,False,accepted,1
chat,0,0.7,0.7,53,1,0.71159,True,stopped,1
chat,0,0.7,0.7,54,0,1.27966,False,rejected,1
chat,0,0.7,0.7,54,1,1.60007,True,stopped,1
chat,0,0.7,0.7,55,0,2.03396,False,rejected,2
chat,0,0.7,0.7,55,1,0.04492,False,untested,2
chat,0,0.7,0.7,56,0,1.55032,False,rejected,1
chat,0,0.7,0.3,0,0,0.28085,False,accepted,8
chat,0,0.7,0.3,0,1,0.12387,False,accepted,8
chat,0,0.7,0.3,0,2,0.15962,False,accepted,8
chat,0,0.7,0.3,0,3,0.0223,False,accepted,8
chat,0,0.7,0.3,0,4,0.11853,False,accepted,8
chat,0,0.7,0.3,0,5,0.00547,False,accepted,8
chat,0,0.7,0.3,0,6,0.00042,False,accepted,8
chat,0,0.7,0.3,0,7,0.97304,False,accepted,8
chat,0,0.7,0.3,1,0,0.56976,False,rejected,8
chat,0,0.7,0.3,1,1,0.3457,False,untested,8
chat,0,0.7,0.3,1,2,0.10744,False,untested,8
chat,0,0.7,0.3,1,3,0.41062,False,untested,8
chat,0,0.7,0.3,1,4,0.9858,False,untested,8
chat,0,0.7,0.3,1,5,1.65893,False,untested,8
chat,0,0.7,0.3,1,6,1.09668,False,untested,8
chat,0,0.7,0.3,1,7,0.59737,False,untested,8
chat,0,0.7,0.3,2,0,0.15072,False,accepted,8
chat,0,0.7,0.3,2,1,0.65934,False,accepted,8
chat,0,0.7,0.3,2,2,8e-05,False,accepted,8
chat,0,0.7,0.3,2,3,0.54532,False,accepted,8
chat,0,0.7,0.3,2,4,4e-05,False,accepted,8
chat,0,0.7,0.3,2,5,0.02656,False,accepted,8
chat,0,0.7,0.3,2,6,0.39576,False,accepted,8
chat,0,0.7,0.3,2,7,1.22478,False,accepted,8
chat,0,0.7,0.3,3,0,1.12243,False,rejected,8
chat,0,0.7,0.3,3,1,1.5757,False,untested,8
chat,0,0.7,0.3,3,2,0.07897,False,untested,8
chat,0,0.7,0.3,3,3,0.0,False,untested,8
chat,0,0.7,0.3,3,4,0.77209,False,untested,8
chat,0,0.7,0.3,3,5,2.01866,False,untested,8
chat,0,0.7,0.3,3,6,2.28502,False,untested,8
chat,0,0.7,0.3,3,7,0.00496,False,untested,8
chat,0,0.7,0.3,4,0,2.0203,False,accepted,8
chat,0,0.7,0.3,4,1,0.87492,False,accepted,8
chat,0,0.7,0.3,4,2,0.70081,False,accepted,8
chat,0,0.7,0.3,4,3,1.05684,False,accepted,8
chat,0,0.7,0.3,4,4,0.16079,False,accepted,8
chat,0,0.7,0.3,4,5,0.48369,False,rejected,8
chat,0,0.7,0.3,4,6,0.97317,False,untested,8
chat,0,0.7,0.3,4,7,1.32263,False,untested,8
chat,0,0.7,0.3,5,0,0.53621,False,rejected,8
chat,0,0.7,0.3,5,1,0.25343,False,untested,8
chat,0,0.7,0.3,5,2,1.38756,False,untested,8
chat,0,0.7,0.3,5,3,1.01202,False,untested,8
chat,0,0.7,0.3,5,4,1.1091,False,untested,8
chat,0,0.7,0.3,5,5,0.00087,False,untested,8
chat,0,0.7,0.3,5,6,1.62724,False,untested,8
chat,0,0.7,0.3,5,7,1.85651,False,untested,8
chat,0,0.7,0.3,6,0,0.04251,False,accepted,8
chat,0,0.7,0.3,6,1,0.00839,False,accepted,8
chat,0,0.7,0.3,6,2,1.52011,False,rejected,8
chat,0,0.7,0.3,6,3,0.84547,False,untested,8
chat,0,0.7,0.3,6,4,0.9831,False,untested,8
chat,0,0.7,0.3,6,5,0.00086,False,untested,8
chat,0,0.7,0.3,6,6,1.28818,False,untested,8
chat,0,0.7,0.3,6,7,0.64595,False,untested,8
chat,0,0.7,0.3,7,0,1.5564,False,rejected,8
chat,0,0.7,0.3,7,1,1.59616,False,untested,8
chat,0,0.7,0.3,7,2,0.02059,False,untested,8
chat,0,0.7,0.3,7,3,1.08262,False,untested,8
chat,0,0.7,0.3,7,4,1.72558,False,untested,8
chat,0,0.7,0.3,7,5,1.65701,False,untested,8
chat,0,0.7,0.3,7,6,5e-05,False,untested,8
chat,0,0.7,0.3,7,7,0.95946,False,untested,8
chat,0,0.7,0.3,8,0,0.14759,False,rejected,8
chat,0,0.7,0.3,8,1,1.10141,False,untested,8
chat,0,0.7,0.3,8,2,0.80149,False,untested,8
chat,0,0.7,0.3,8,3,1.67333,False,untested,8
chat,0,0.7,0.3,8,4,0.6301,False,untested,8
chat,0,0.7,0.3,8,5,1.09893,False,untested,8
chat,0,0.7,0.3,8,6,0.8594,False,untested,8
chat,0,0.7,0.3,8,7,1.46833,False,untested,8
chat,0,0.7,0.3,9,0,1.48353,False,rejected,8
chat,0,0.7,0.3,9,1,0.63139,False,untested,8
chat,0,0.7,0.3,9,2,0.09234,False,untested,8
chat,0,0.7,0.3,9,3,0.48996,False,untested,8
chat,0,0.7,0.3,9,4,1.43371,False,untested,8
chat,0,0.7,0.3,9,5,0.85691,False,untested,8
chat,0,0.7,0.3,9,6,0.74851,False,untested,8
chat,0,0.7,0.3,9,7,0.26434,False,untested,8
chat,0,0.7,0.3,10,0,0.39443,False,accepted,8
chat,0,0.7,0.3,10,1,0.64247,False,rejected,8
chat,0,0.7,0.3,10,2,0.05118,False,untested,8
chat,0,0.7,0.3,10,3,0.15768,False,untested,8
chat,0,0.7,0.3,10,4,1.00423,False,untested,8
chat,0,0.7,0.3,10,5,0.75367,False,untested,8
chat,0,0.7,0.3,10,6,0.75682,False,untested,8
chat,0,0.7,0.3,10,7,0.39992,False,untested,8
chat,0,0.7,0.3,11,0,0.41002,False,accepted,8
chat,0,0.7,0.3,11,1,1.53332,False,accepted,8
chat,0,0.7,0.3,11,2,1.00179,False,accepted,8
chat,0,0.7,0.3,11,3,0.05096,False,accepted,8
chat,0,0.7,0.3,11,4,0.89413,False,rejected,8
chat,0,0.7,0.3,11,5,1.02299,False,untested,8
chat,0,0.7,0.3,11,6,0.03862,False,untested,8
chat,0,0.7,0.3,11,7,1.67668,False,untested,8
chat,0,0.7,0.3,12,0,0.25131,False,rejected,8
chat,0,0.7,0.3,12,1,0.00984,False,untested,8
chat,0,0.7,0.3,12,2,0.05519,False,untested,8
chat,0,0.7,0.3,12,3,0.9042,False,untested,8
chat,0,0.7,0.3,12,4,1.64982,False,untested,8
chat,0,0.7,0.3,12,5,0.04153,False,untested,8
chat,0,0.7,0.3,12,6,0.1185,False,untested,8
chat,0,0.7,0.3,12,7,0.93569,False,untested,8
chat,0,0.7,0.3,13,0,0.00775,False,accepted,8
chat,0,0.7,0.3,13,1,0.00448,False,accepted,8
chat,0,0.7,0.3,13,2,0.97611,False,accepted,8
chat,0,0.7,0.3,13,3,1.64907,False,accepted,8
chat,0,0.7,0.3,13,4,0.73804,False,accepted,8
chat,0,0.7,0.3,13,5,0.69634,False,accepted,8
chat,0,0.7,0.3,13,6,1.8389,False,accepted,8
chat,0,0.7,0.3,13,7,0.00023,False,accepted,8
chat,0,0.7,0.3,14,0,0.0422,False,accepted,8
chat,0,0.7,0.3,14,1,0.48201,False,accepted,8
chat,0,0.7,0.3,14,2,0.87917,False,rejected,8
chat,0,0.7,0.3,14,3,1.0548,False,untested,8
chat,0,0.7,0.3,14,4,0.69938,False,untested,8
chat,0,0.7,0.3,14,5,0.00353,False,untested,8
chat,0,0.7,0.3,14,6,0.0025,False,untested,8
chat,0,0.7,0.3,14,7,0.0,False,untested,8
chat,0,0.7,0.3,15,0,0.01424,False,accepted,8
chat,0,0.7,0.3,15,1,0.00124,False,accepted,8
chat,0,0.7,0.3,15,2,0.08603,False,rejected,8
chat,0,0.7,0.3,15,3,0.00268,False,untested,8
chat,0,0.7,0.3,15,4,0.72712,False,untested,8
chat,0,0.7,0.3,15,5,0.00799,False,untested,8
chat,0,0.7,0.3,15,6,0.00031,False,untested,8
chat,0,0.7,0.3,15,7,0.03752,False,untested,8
chat,0,0.7,0.3,16,0,0.05212,False,accepted,5
chat,0,0.7,0.3,16,1,0.77298,False,accepted,5
chat,0,0.7,0.3,16,2,0.00298,False,accepted,5
chat,0,0.7,0.3,16,3,0.0,False,accepted,5
chat,0,0.7,0.3,16,4,0.04623,False,accepted,5
chat,0,0.7,0.3,16,5,2.56658,True,stopped,5
chat,0,0.7,0.3,17,0,0.66527,False,accepted,7
chat,0,0.7,0.3,17,1,1.95528,False,rejected,7
chat,0,0.7,0.3,17,2,0.28068,False,untested,7
chat,0,0.7,0.3,17,3,0.63554,False,untested,7
chat,0,0.7,0.3,17,4,0.10768,False,untested,7
chat,0,0.7,0.3,17,5,1.26343,False,untested,7
chat,0,0.7,0.3,17,6,1.07369,False,untested,7
chat,0,0.7,0.3,17,7,3.0201,True,stopped,7
chat,0,0.7,0.3,18,0,0.0537,False,accepted,8
chat,0,0.7,0.3,18,1,1.24646,False,rejected,8
chat,0,0.7,0.3,18,2,0.07364,False,untested,8
chat,0,0.7,0.3,18,3,1.02625,False,untested,8
chat,0,0.7,0.3,18,4,1.13875,False,untested,8
chat,0,0.7,0.3,18,5,0.06132,False,untested,8
chat,0,0.7,0.3,18,6,0.00018,False,untested,8
chat,0,0.7,0.3,18,7,0.13509,False,untested,8
chat,0,0.7,0.3,19,0,1.19753,False,rejected,8
chat,0,0.7,0.3,19,1,1.08825,False,untested,8
chat,0,0.7,0.3,19,2,1.0284,False,untested,8
chat,0,0.7,0.3,19,3,2.07825,False,untested,8
chat,0,0.7,0.3,19,4,1.89958,False,untested,8
chat,0,0.7,0.3,19,5,0.54863,False,untested,8
chat,0,0.7,0.3,19,6,2.30779,False,untested,8
chat,0,0.7,0.3,19,7,0.00466,False,untested,8
chat,0,0.7,0.3,20,0,0.93455,False,accepted,8
chat,0,0.7,0.3,20,1,0.15763,False,accepted,8
chat,0,0.7,0.3,20,2,2.10643,False,accepted,8
chat,0,0.7,0.3,20,3,0.01424,False,accepted,8
chat,0,0.7,0.3,20,4,0.02967,False,accepted,8
chat,0,0.7,0.3,20,5,0.77099,False,accepted,8
chat,0,0.7,0.3,20,6,0.60048,False,accepted,8
chat,0,0.7,0.3,20,7,0.07816,False,rejected,8
chat,0,0.7,0.3,21,0,1.11841,False,rejected,8
chat,0,0.7,0.3,21,1,0.15524,False,untested,8
chat,0,0.7,0.3,21,2,1.69223,False,untested,8
chat,0,0.7,0.3,21,3,0.7273,False,untested,8
chat,0,0.7,0.3,21,4,0.25394,False,untested,8
chat,0,0.7,0.3,21,5,0.51121,False,untested,8
chat,0,0.7,0.3,21,6,0.13304,False,untested,8
chat,0,0.7,0.3,21,7,0.07812,False,untested,8
chat,0,0.7,0.3,22,0,0.90014,False,accepted,8
chat,0,0.7,0.3,22,1,1.92033,False,rejected,8
chat,0,0.7,0.3,22,2,0.68943,False,untested,8
chat,0,0.7,0.3,22,3,0.86881,False,untested,8
chat,0,0.7,0.3,22,4,0.04677,False,untested,8
chat,0,0.7,0.3,22,5,0.82121,False,untested,8
chat,0,0.7,0.3,22,6,1.21652,False,untested,8
chat,0,0.7,0.3,22,7,2.07224,False,untested,8
chat,0,0.7,0.3,23,0,0.88409,False,rejected,8
chat,0,0.7,0.3,23,1,0.06044,False,untested,8
chat,0,0.7,0.3,23,2,0.54798,False,untested,8
chat,0,0.7,0.3,23,3,1.11754,False,untested,8
chat,0,0.7,0.3,23,4,0.19275,False,untested,8
chat,0,0.7,0.3,23,5,1.18211,False,untested,8
chat,0,0.7,0.3,23,6,0.46803,False,untested,8
chat,0,0.7,0.3,23,7,0.66597,False,untested,8
chat,0,0.7,0.3,24,0,0.12776,False,accepted,8
chat,0,0.7,0.3,24,1,0.16918,False,accepted,8
chat,0,0.7,0.3,24,2,0.08403,False,accepted,8
chat,0,0.7,0.3,24,3,1.04587,False,accepted,8
chat,0,0.7,0.3,24,4,1.27712,False,accepted,8
chat,0,0.7,0.3,24,5,1.27042,False,rejected,8
chat,0,0.7,0.3,24,6,0.91659,False,untested,8
chat,0,0.7,0.3,24,7,1.14466,False,untested,8
chat,0,0.7,0.3,25,0,0.78698,False,accepted,8
chat,0,0.7,0.3,25,1,0.76419,False,accepted,8
chat,0,0.7,0.3,25,2,0.06309,False,accepted,8
chat,0,0.7,0.3,25,3,0.41038,False,accepted,8
chat,0,0.7,0.3,25,4,1.20736,False,rejected,8
chat,0,0.7,0.3,25,5,0.0,False,untested,8
chat,0,0.7,0.3,25,6,1.84097,False,untested,8
chat,0,0.7,0.3,25,7,1.72694,False,untested,8
chat,0,0.7,0.3,26,0,0.47525,False,accepted,8
chat,0,0.7,0.3,26,1,1.29011,False,rejected,8
chat,0,0.7,0.3,26,2,1.89675,False,untested,8
chat,0,0.7,0.3,26,3,0.76894,False,untested,8
chat,0,0.7,0.3,26,4,0.18362,False,untested,8
chat,0,0.7,0.3,26,5,0.18852,False,untested,8
chat,0,0.7,0.3,26,6,0.15158,False,untested,8
chat,0,0.7,0.3,26,7,1.22314,False,untested,8
chat,0,0.7,0.3,27,0,0.41312,False,accepted,7
chat,0,0.7,0.3,27,1,0.44978,False,accepted,7
chat,0,0.7,0.3,27,2,0.28464,False,accepted,7
chat,0,0.7,0.3,27,3,0.60844,False,accepted,7
chat,0,0.7,0.3,27,4,0.09578,False,accepted,7
chat,0,0.7,0.3,27,5,1.29601,False,accepted,7
chat,0,0.7,0.3,27,6,2.08448,False,rejected,7
chat,0,0.7,0.3,27,7,2.55829,True,stopped,7
chat,0,0.7,0.3,28,0,0.01511,False,accepted,8
chat,0,0.7,0.3,28,1,0.19316,False,accepted,8
chat,0,0.7,0.3,28,2,0.36451,False,accepted,8
chat,0,0.7,0.3,28,3,1.13964,False,accepted,8
chat,0,0.7,0.3,28,4,0.00022,False,accepted,8
chat,0,0.7,0.3,28,5,0.04274,False,accepted,8
chat,0,0.7,0.3,28,6,0.672,False,rejected,8
chat,0,0.7,0.3,28,7,0.20495,False,untested,8
chat,0,0.7,0.3,29,0,4e-05,False,accepted,8
chat,0,0.7,0.3,29,1,0.09685,False,accepted,8
chat,0,0.7,0.3,29,2,0.0001,False,accepted,8
chat,0,0.7,0.3,29,3,0.0,False,accepted,8
chat,0,0.7,0.3,29,4,1e-05,False,accepted,8
chat,0,0.7,0.3,29,5,1.51785,False,rejected,8
chat,0,0.7,0.3,29,6,0.0,False,untested,8
chat,0,0.7,0.3,29,7,0.00382,False,untested,8
chat,0,0.7,0.3,30,0,0.01918,False,accepted,8
chat,0,0.7,0.3,30,1,0.99451,False,accepted,8
chat,0,0.7,0.3,30,2,0.03641,False,accepted,8
chat,0,0.7,0.3,30,3,0.02064,False,accepted,8
chat,0,0.7,0.3,30,4,0.78411,False,accepted,8
chat,0,0.7,0.3,30,5,0.52667,False,rejected,8
chat,0,0.7,0.3,30,6,1.81147,False,untested,8
chat,0,0.7,0.3,30,7,0.11432,False,untested,8
chat,0,0.7,0.3,31,0,1.45445,False,accepted,8
chat,0,0.7,0.3,31,1,0.00047,False,accepted,8
chat,0,0.7,0.3,31,2,0.53208,False,rejected,8
chat,0,0.7,0.3,31,3,0.4859,False,untested,8
chat,0,0.7,0.3,31,4,0.04408,False,untested,8
chat,0,0.7,0.3,31,5,0.00116,False,untested,8
chat,0,0.7,0.3,31,6,0.12739,False,untested,8
chat,0,0.7,0.3,31,7,0.90651,False,untested,8
chat,0,0.7,0.3,32,0,0.06227,False,accepted,6
chat,0,0.7,0.3,32,1,0.00136,False,accepted,6
chat,0,0.7,0.3,32,2,0.13653,False,accepted,6
chat,0,0.7,0.3,32,3,0.90434,False,rejected,6
chat,0,0.7,0.3,32,4,0.71463,False,untested,6
chat,0,0.7,0.3,32,5,0.29514,False,untested,6
chat,0,0.7,0.3,33,0,1.30768,False,rejected,2
chat,0,0.7,0.3,33,1,0.18631,False,untested,2
chat,0,0.7,0.3,34,0,1.68766,False,rejected,1
chat,0,0.7,0.5,0,0,0.28085,False,accepted,8
chat,0,0.7,0.5,0,1,0.12387,False,accepted,8
chat,0,0.7,0.5,0,2,0.15962,False,accepted,8
chat,0,0.7,0.5,0,3,0.0223,False,accepted,8
chat,0,0.7,0.5,0,4,0.11853,False,accepted,8
chat,0,0.7,0.5,0,5,0.00547,False,accepted,8
chat,0,0.7,0.5,0,6,0.00042,False,accepted,8
chat,0,0.7,0.5,0,7,0.97304,False,accepted,8
chat,0,0.7,0.5,1,0,0.56976,False,rejected,5
chat,0,0.7,0.5,1,1,0.3457,False,untested,5
chat,0,0.7,0.5,1,2,0.10744,False,untested,5
chat,0,0.7,0.5,1,3,0.41062,False,untested,5
chat,0,0.7,0.5,1,4,0.9858,False,untested,5
chat,0,0.7,0.5,1,5,1.65893,True,stopped,5
chat,0,0.7,0.5,2,0,0.15072,False,accepted,6
chat,0,0.7,0.5,2,1,0.65934,False,accepted,6
chat,0,0.7,0.5,2,2,0.40145,False,accepted,6
chat,0,0.7,0.5,2,3,6e-05,False,accepted,6
chat,0,0.7,0.5,2,4,0.03949,False,accepted,6
chat,0,0.7,0.5,2,5,0.4128,False,accepted,6
chat,0,0.7,0.5,2,6,1.37202,True,stopped,6
chat,0,0.7,0.5,3,0,0.58503,False,accepted,8
chat,0,0.7,0.5,3,1,0.43673,False,accepted,8
chat,0,0.7,0.5,3,2,0.05903,False,accepted,8
chat,0,0.7,0.5,3,3,0.2706,False,accepted,8
chat,0,0.7,0.5,3,4,0.65395,False,accepted,8
chat,0,0.7,0.5,3,5,0.91339,False,rejected,8
chat,0,0.7,0.5,3,6,0.01062,False,untested,8
chat,0,0.7,0.5,3,7,0.30885,False,untested,8
chat,0,0.7,0.5,4,0,0.39852,False,accepted,4
chat,0,0.7,0.5,4,1,0.12128,False,accepted,4
chat,0,0.7,0.5,4,2,0.36787,False,accepted,4
chat,0,0.7,0.5,4,3,5e-05,False,accepted,4
chat,0,0.7,0.5,4,4,1.57693,True,stopped,4
chat,0,0.7,0.5,5,0,2.05555,False,rejected,1
chat,0,0.7,0.5,5,1,2.34248,True,stopped,1
chat,0,0.7,0.5,6,0,0.75601,False,rejected,1
chat,0,0.7,0.5,6,1,1.74259,True,stopped,1
chat,0,0.7,0.5,7,0,1.9436,False,accepted,2
chat,0,0.7,0.5,7,1,0.06523,False,accepted,2
chat,0,0.7,0.5,7,2,1.27756,True,stopped,2
chat,0,0.7,0.5,8,0,1.38472,False,rejected,3
chat,0,0.7,0.5,8,1,0.99073,False,untested,3
chat,0,0.7,0.5,8,2,0.02216,False,untested,3
chat,0,0.7,0.5,8,3,1.57976,True,stopped,3
chat,0,0.7,0.5,9,0,1.03104,False,accepted,2
chat,0,0.7,0.5,9,1,0.22477,False,accepted,2
chat,0,0.7,0.5,9,2,1.95336,True,stopped,2
chat,0,0.7,0.5,10,0,0.6713,False,accepted,7
chat,0,0.7,0.5,10,1,0.01244,False,accepted,7
chat,0,0.7,0.5,10,2,0.15367,False,accepted,7
chat,0,0.7,0.5,10,3,0.95769,False,accepted,7
chat,0,0.7,0.5,10,4,1.16846,False,rejected,7
chat,0,0.7,0.5,10,5,0.01669,False,untested,7
chat,0,0.7,0.5,10,6,0.00273,False,untested,7
chat,0,0.7,0.5,10,7,1.60049,True,stopped,7
chat,0,0.7,0.5,11,0,0.91534,False,accepted,7
chat,0,0.7,0.5,11,1,0.0002,False,accepted,7
chat,0,0.7,0.5,11,2,1.1176,False,rejected,7
chat,0,0.7,0.5,11,3,0.65861,False,untested,7
chat,0,0.7,0.5,11,4,1.06811,False,untested,7
chat,0,0.7,0.5,11,5,0.10039,False,untested,7
chat,0,0.7,0.5,11,6,0.68848,False,untested,7
chat,0,0.7,0.5,11,7,1.33747,True,stopped,7
chat,0,0.7,0.5,12,0,0.98405,False,rejected,3
chat,0,0.7,0.5,12,1,0.09958,False,untested,3
chat,0,0.7,0.5,12,2,0.71093,False,untested,3
chat,0,0.7,0.5,12,3,1.28,True,stopped,3
chat,0,0.7,0.5,13,0,1.16562,False,rejected,1
chat,0,0.7,0.5,13,1,2.06062,True,stopped,1
chat,0,0.7,0.5,14,0,1.48098,False,rejected,1
chat,0,0.7,0.5,14,1,2.01554,True,stopped,1
chat,0,0.7,0.5,15,0,0.11369,False,rejected,8
chat,0,0.7,0.5,15,1,0.00016,False,untested,8
chat,0,0.7,0.5,15,2,0.15317,False,untested,8
chat,0,0.7,0.5,15,3,1e-05,False,untested,8
chat,0,0.7,0.5,15,4,0.00576,False,untested,8
chat,0,0.7,0.5,15,5,0.00057,False,untested,8
chat,0,0.7,0.5,15,6,0.0071,False,untested,8
chat,0,0.7,0.5,15,7,3e-05,False,untested,8
chat,0,0.7,0.5,16,0,0.80082,False,accepted,2
chat,0,0.7,0.5,16,1,0.76295,False,rejected,2
chat,0,0.7,0.5,16,2,1.86439,True,stopped,2
chat,0,0.7,0.5,17,0,1.64159,False,accepted,4
chat,0,0.7,0.5,17,1,0.63065,False,rejected,4
chat,0,0.7,0.5,17,2,0.69519,False,untested,4
chat,0,0.7,0.5,17,3,0.01544,False,untested,4
chat,0,0.7,0.5,17,4,1.19229,True,stopped,4
chat,0,0.7,0.5,18,0,0.02909,False,accepted,6
chat,0,0.7,0.5,18,1,0.60227,False,accepted,6
chat,0,0.7,0.5,18,2,0.61537,False,accepted,6
chat,0,0.7,0.5,18,3,0.87195,False,accepted,6
chat,0,0.7,0.5,18,4,0.08569,False,accepted,6
chat,0,0.7,0.5,18,5,0.7343,False,rejected,6
chat,0,0.7,0.5,18,6,2.24028,True,stopped,6
chat,0,0.7,0.5,19,0,0.00014,False,accepted,3
chat,0,0.7,0.5,19,1,0.0,False,accepted,3
chat,0,0.7,0.5,19,2,1e-05,False,accepted,3
chat,0,0.7,0.5,19,3,1.48507,True,stopped,3
chat,0,0.7,0.5,20,0,0.0128,False,accepted,1
chat,0,0.7,0.5,20,1,1.16032,True,stopped,1
chat,0,0.7,0.5,21,0,0.02139,False,accepted,3
chat,0,0.7,0.5,21,1,0.5112,False,accepted,3
chat,0,0.7,0.5,21,2,0.48297,False,accepted,3
chat,0,0.7,0.5,21,3,1.46403,True,stopped,3
chat,0,0.7,0.5,22,0,1.27909,False,accepted,6
chat,0,0.7,0.5,22,1,0.4459,False,accepted,6
chat,0,0.7,0.5,22,2,0.06127,False,accepted,6
chat,0,0.7,0.5,22,3,0.00019,False,accepted,6
chat,0,0.7,0.5,22,4,0.24062,False,accepted,6
chat,0,0.7,0.5,22,5,0.84954,False,accepted,6
chat,0,0.7,0.5,22,6,1.99153,True,stopped,6
chat,0,0.7,0.5,23,0,0.00297,False,accepted,1
chat,0,0.7,0.5,23,1,1.43664,True,stopped,1
chat,0,0.7,0.5,24,0,1.97333,False,accepted,5
chat,0,0.7,0.5,24,1,0.77133,False,accepted,5
chat,0,0.7,0.5,24,2,0.45314,False,rejected,5
chat,0,0.7,0.5,24,3,0.90981,False,untested,5
chat,0,0.7,0.5,24,4,0.92578,False,untested,5
chat,0,0.7,0.5,24,5,1.83728,True,stopped,5
chat,0,0.7,0.5,25,0,1.06047,False,rejected,7
chat,0,0.7,0.5,25,1,1.00666,False,untested,7
chat,0,0.7,0.5,25,2,0.92132,False,untested,7
chat,0,0.7,0.5,25,3,0.56362,False,untested,7
chat,0,0.7,0.5,25,4,0.04225,False,untested,7
chat,0,0.7,0.5,25,5,1.04968,False,untested,7
chat,0,0.7,0.5,25,6,0.28495,False,untested,7
chat,0,0.7,0.5,25,7,1.84283,True,stopped,7
chat,0,0.7,0.5,26,0,2.21283,False,rejected,8
chat,0,0.7,0.5,26,1,0.74006,False,untested,8
chat,0,0.7,0.5,26,2,0.82415,False,untested,8
chat,0,0.7,0.5,26,3,0.76438,False,untested,8
chat,0,0.7,0.5,26,4,0.00072,False,untested,8
chat,0,0.7,0.5,26,5,0.00642,False,untested,8
chat,0,0.7,0.5,26,6,0.43671,False,untested,8
chat,0,0.7,0.5,26,7,0.70825,False,untested,8
chat,0,0.7,0.5,27,0,0.0,False,accepted,6
chat,0,0.7,0.5,27,1,0.53317,False,accepted,6
chat,0,0.7,0.5,27,2,0.10731,False,accepted,6
chat,0,0.7,0.5,27,3,0.00081,False,accepted,6
chat,0,0.7,0.5,27,4,0.73871,False,accepted,6
chat,0,0.7,0.5,27,5,0.83757,False,accepted,6
chat,0,0.7,0.5,27,6,1.3174,True,stopped,6
chat,0,0.7,0.5,28,0,0.66791,False,accepted,1
chat,0,0.7,0.5,28,1,1.29241,True,stopped,1
chat,0,0.7,0.5,29,0,0.04513,False,accepted,6
chat,0,0.7,0.5,29,1,0.9927,False,rejected,6
chat,0,0.7,0.5,29,2,1.00263,False,untested,6
chat,0,0.7,0.5,29,3,0.00156,False,untested,6
chat,0,0.7,0.5,29,4,9e-05,False,untested,6
chat,0,0.7,0.5,29,5,1e-05,False,untested,6
chat,0,0.7,0.5,29,6,1.27108,True,stopped,6
chat,0,0.7,0.5,30,0,0.91966,False,accepted,1
chat,0,0.7,0.5,30,1,1.73724,True,stopped,1
chat,0,0.7,0.5,31,0,0.13515,False,accepted,2
chat,0,0.7,0.5,31,1,1.09354,False,accepted,2
chat,0,0.7,0.5,31,2,1.22183,True,stopped,2
chat,0,0.7,0.5,32,0,1.11486,False,accepted,3
chat,0,0.7,0.5,32,1,0.16133,False,accepted,3
chat,0,0.7,0.5,32,2,0.88987,False,accepted,3
chat,0,0.7,0.5,32,3,1.53676,True,stopped,3
chat,0,0.7,0.5,33,0,0.28316,False,accepted,6
chat,0,0.7,0.5,33,1,0.01743,False,accepted,6
chat,0,0.7,0.5,33,2,1.07728,False,accepted,6
chat,0,0.7,0.5,33,3,0.0013,False,accepted,6
chat,0,0.7,0.5,33,4,5e-05,False,accepted,6
chat,0,0.7,0.5,33,5,0.0,False,accepted,6
chat,0,0.7,0.5,33,6,1.57802,True,stopped,6
chat,0,0.7,0.5,34,0,0.0,False,accepted,8
chat,0,0.7,0.5,34,1,0.00752,False,accepted,8
chat,0,0.7,0.5,34,2,6e-05,False,accepted,8
chat,0,0.7,0.5,34,3,0.12873,False,accepted,8
chat,0,0.7,0.5,34,4,0.5159,False,rejected,8
chat,0,0.7,0.5,34,5,0.0,False,untested,8
chat,0,0.7,0.5,34,6,0.00237,False,untested,8
chat,0,0.7,0.5,34,7,0.28841,False,untested,8
chat,0,0.7,0.5,35,0,1.79251,False,rejected,1
chat,0,0.7,0.5,35,1,2.01247,True,stopped,1
chat,0,0.7,0.5,36,0,0.35127,False,accepted,6
chat,0,0.7,0.5,36,1,0.02079,False,accepted,6
chat,0,0.7,0.5,36,2,0.0,False,accepted,6
chat,0,0.7,0.5,36,3,0.01459,False,accepted,6
chat,0,0.7,0.5,36,4,0.33242,False,accepted,6
chat,0,0.7,0.5,36,5,7e-05,False,accepted,6
chat,0,0.7,0.5,36,6,1.34224,True,stopped,6
chat,0,0.7,0.5,37,0,1.07156,False,rejected,4
chat,0,0.7,0.5,37,1,0.54688,False,untested,4
chat,0,0.7,0.5,37,2,0.03808,False,untested,4
chat,0,0.7,0.5,37,3,1.0946,False,untested,4
chat,0,0.7,0.5,38,0,1.29659,False,rejected,1
chat,0,0.7,0.5,38,1,1.79597,True,stopped,1
chat,0,0.7,0.5,39,0,0.50964,False,accepted,1
chat,0,0.7,0.5,39,1,1.18094,True,stopped,1
chat,0,0.7,0.9,0,0,0.28085,False,accepted,1
chat,0,0.7,0.9,0,1,0.12387,True,stopped,1
chat,0,0.7,0.9,1,0,0.15962,False,accepted,5
chat,0,0.7,0.9,1,1,0.01091,False,accepted,5
chat,0,0.7,0.9,1,2,0.04962,False,accepted,5
chat,0,0.7,0.9,1,3,0.00748,False,accepted,5
chat,0,0.7,0.9,1,4,0.00047,False,accepted,5
chat,0,0.7,0.9,1,5,0.06661,True,stopped,5
chat,0,0.7,0.9,2,0,1.07039,False,accepted,2
chat,0,0.7,0.9,2,1,0.00037,False,accepted,2
chat,0,0.7,0.9,2,2,0.5294,True,stopped,2
chat,0,0.7,0.9,3,0,0.22733,False,accepted,1
chat,0,0.7,0.9,3,1,0.69019,True,stopped,1
chat,0,0.7,0.9,4,0,0.54754,False,accepted,3
chat,0,0.7,0.9,4,1,5e-05,False,accepted,3
chat,0,0.7,0.9,4,2,0.04031,False,accepted,3
chat,0,0.7,0.9,4,3,0.58349,True,stopped,3
chat,0,0.7,0.9,5,0,1.39392,False,accepted,2
chat,0,0.7,0.9,5,1,0.00172,False,accepted,2
chat,0,0.7,0.9,5,2,1.38079,True,stopped,2
chat,0,0.7,0.9,6,0,1.06014,False,accepted,2
chat,0,0.7,0.9,6,1,0.0417,False,accepted,2
chat,0,0.7,0.9,6,2,1.46356,True,stopped,2
chat,0,0.7,0.9,7,0,0.58134,False,accepted,1
chat,0,0.7,0.9,7,1,0.77486,True,stopped,1
chat,0,0.7,0.9,8,0,0.02995,False,accepted,1
chat,0,0.7,0.9,8,1,0.62917,True,stopped,1
chat,0,0.7,0.9,9,0,1.49586,False,accepted,1
chat,0,0.7,0.9,9,1,0.18722,True,stopped,1
chat,0,0.7,0.9,10,0,0.64813,False,accepted,1
chat,0,0.7,0.9,10,1,0.76825,True,stopped,1
chat,0,0.7,0.9,11,0,0.05564,False,accepted,1
chat,0,0.7,0.9,11,1,0.77123,True,stopped,1
chat,0,0.7,0.9,12,0,1.24757,False,accepted,1
chat,0,0.7,0.9,12,1,0.5927,True,stopped,1
chat,0,0.7,0.9,13,0,1.52521,False,rejected,2
chat,0,0.7,0.9,13,1,0.0004,False,untested,2
chat,0,0.7,0.9,13,2,1.13197,True,stopped,2
chat,0,0.7,0.9,14,0,1.28232,False,accepted,1
chat,0,0.7,0.9,14,1,0.7133,True,stopped,1
chat,0,0.7,0.9,15,0,0.01808,False,accepted,2
chat,0,0.7,0.9,15,1,0.00031,False,accepted,2
chat,0,0.7,0.9,15,2,0.18014,True,stopped,2
chat,0,0.7,0.9,16,0,1.06087,False,accepted,1
chat,0,0.7,0.9,16,1,1.03571,True,stopped,1
chat,0,0.7,0.9,17,0,0.72048,False,rejected,2
chat,0,0.7,0.9,17,1,0.01143,False,untested,2
chat,0,0.7,0.9,17,2,0.76247,True,stopped,2
chat,0,0.7,0.9,18,0,0.27644,False,rejected,1
chat,0,0.7,0.9,18,1,0.73519,True,stopped,1
chat,0,0.7,0.9,19,0,0.43522,False,accepted,1
chat,0,0.7,0.9,19,1,1.56968,True,stopped,1
chat,0,0.7,0.9,20,0,1.55822,False,accepted,1
chat,0,0.7,0.9,20,1,1.03876,True,stopped,1
chat,0,0.7,0.9,21,0,1.20696,False,rejected,1
chat,0,0.7,0.9,21,1,0.98746,True,stopped,1
chat,0,0.7,0.9,22,0,0.02629,False,accepted,1
chat,0,0.7,0.9,22,1,0.81969,True,stopped,1
chat,0,0.7,0.9,23,0,1.22563,False,rejected,1
chat,0,0.7,0.9,23,1,1.57923,True,stopped,1
chat,0,0.7,0.9,24,0,0.0,False,accepted,2
chat,0,0.7,0.9,24,1,0.00917,False,accepted,2
chat,0,0.7,0.9,24,2,0.93255,True,stopped,2
chat,0,0.7,0.9,25,0,0.75522,False,rejected,1
chat,0,0.7,0.9,25,1,1.23152,True,stopped,1
chat,0,0.7,0.9,26,0,1.84616,False,accepted,2
chat,0,0.7,0.9,26,1,0.0,False,accepted,2
chat,0,0.7,0.9,26,2,0.73459,True,stopped,2
chat,0,0.7,0.9,27,0,1.02759,False,accepted,1
chat,0,0.7,0.9,27,1,1.05632,True,stopped,1
chat,0,0.7,0.9,28,0,0.63818,False,accepted,1
chat,0,0.7,0.9,28,1,1.66659,True,stopped,1
chat,0,0.7,0.9,29,0,0.86406,False,accepted,1
chat,0,0.7,0.9,29,1,1.47962,True,stopped,1
chat,0,0.7,0.9,30,0,1.13358,False,rejected,1
chat,0,0.7,0.9,30,1,1.14651,True,stopped,1
chat,0,0.7,0.9,31,0,0.00041,False,accepted,3
chat,0,0.7,0.9,31,1,1e-05,False,accepted,3
chat,0,0.7,0.9,31,2,0.00396,False,accepted,3
chat,0,0.7,0.9,31,3,0.8283,True,stopped,3
chat,0,0.7,0.9,32,0,0.80775,False,accepted,2
chat,0,0.7,0.9,32,1,0.02816,False,accepted,2
chat,0,0.7,0.9,32,2,1.04942,True,stopped,2
chat,0,0.7,0.9,33,0,0.00957,False,accepted,1
chat,0,0.7,0.9,33,1,0.39149,True,stopped,1
chat,0,0.7,0.9,34,0,0.69376,False,accepted,1
chat,0,0.7,0.9,34,1,0.70319,True,stopped,1
chat,0,0.7,0.9,35,0,0.1821,False,accepted,2
chat,0,0.7,0.9,35,1,0.00299,False,accepted,2
chat,0,0.7,0.9,35,2,1.25571,True,stopped,2
chat,0,0.7,0.9,36,0,0.96779,False,accepted,1
chat,0,0.7,0.9,36,1,2.60236,True,stopped,1
chat,0,0.7,0.9,37,0,1.87772,False,rejected,1
chat,0,0.7,0.9,37,1,1.45998,True,stopped,1
chat,0,0.7,0.9,38,0,2.1955,False,rejected,2
chat,0,0.7,0.9,38,1,0.00158,False,untested,2
chat,0,0.7,0.9,38,2,0.06066,True,stopped,2
chat,0,0.7,0.9,39,0,1.34836,False,rejected,1
chat,0,0.7,0.9,39,1,1.24356,True,stopped,1
chat,0,0.7,0.9,40,0,1.07641,False,rejected,1
chat,0,0.7,0.9,40,1,0.28292,True,stopped,1
chat,0,0.7,0.9,41,0,0.45506,False,rejected,1
chat,0,0.7,0.9,41,1,0.69265,True,stopped,1
chat,0,0.7,0.9,42,0,0.46156,False,accepted,1
chat,0,0.7,0.9,42,1,0.83704,True,stopped,1
chat,0,0.7,0.9,43,0,0.0046,False,accepted,1
chat,0,0.7,0.9,43,1,0.8978,True,stopped,1
chat,0,0.7,0.9,44,0,2.06058,False,rejected,1
chat,0,0.7,0.9,44,1,0.99963,True,stopped,1
chat,0,0.7,0.9,45,0,0.31989,False,accepted,1
chat,0,0.7,0.9,45,1,0.51928,True,stopped,1
chat,0,0.7,0.9,46,0,0.5486,False,accepted,1
chat,0,0.7,0.9,46,1,0.41859,True,stopped,1
chat,0,0.7,0.9,47,0,0.00044,False,accepted,1
chat,0,0.7,0.9,47,1,0.16008,True,stopped,1
chat,0,0.7,0.9,48,0,0.0,False,accepted,1
chat,0,0.7,0.9,48,1,1.24864,True,stopped,1
chat,0,0.7,0.9,49,0,0.2895,False,accepted,1
chat,0,0.7,0.9,49,1,0.4115,True,stopped,1
chat,0,0.7,0.9,50,0,0.73129,False,accepted,1
chat,0,0.7,0.9,50,1,0.28481,True,stopped,1
chat,0,0.7,0.9,51,0,0.52328,False,accepted,1
chat,0,0.7,0.9,51,1,0.49736,True,stopped,1
chat,0,0.7,0.9,52,0,0.08861,False,accepted,1
chat,0,0.7,0.9,52,1,2.11444,True,stopped,1
chat,0,0.7,0.9,53,0,0.50897,False,accepted,1
chat,0,0.7,0.9,53,1,0.86676,True,stopped,1
chat,0,0.7,0.9,54,0,0.05702,False,accepted,1
chat,0,0.7,0.9,54,1,1.01949,True,stopped,1
chat,0,0.7,0.9,55,0,1.02901,False,accepted,1
chat,0,0.7,0.9,55,1,1.86512,True,stopped,1
chat,0,0.7,0.9,56,0,0.01342,False,accepted,1
chat,0,0.7,0.9,56,1,0.52924,True,stopped,1
chat,0,0.7,0.9,57,0,0.00593,False,accepted,1
chat,0,0.7,0.9,57,1,0.58768,True,stopped,1
chat,0,0.7,0.9,58,0,0.06702,False,rejected,1
chat,0,0.7,0.9,58,1,1.00384,True,stopped,1
chat,0,0.7,0.9,59,0,2.01456,False,rejected,1
chat,0,0.7,0.9,59,1,2.02425,True,stopped,1
chat,0,0.7,0.9,60,0,0.75951,False,accepted,2
chat,0,0.7,0.9,60,1,0.00543,False,accepted,2
chat,0,0.7,0.9,60,2,1.1163,True,stopped,2
chat,0,0.7,0.9,61,0,2.44795,False,accepted,1
chat,0,0.7,0.9,61,1,2.37343,True,stopped,1
chat,0,0.7,0.9,62,0,0.21416,False,rejected,1
chat,1,0.0,0.7,0,0,1.88217,False,accepted,2
chat,1,0.0,0.7,0,1,0.0568,False,accepted,2
chat,1,0.0,0.7,0,2,1.00717,True,stopped,2
chat,1,0.0,0.7,1,0,0.01488,False,accepted,3
chat,1,0.0,0.7,1,1,0.01745,False,accepted,3
chat,1,0.0,0.7,1,2,0.38467,False,rejected,3
chat,1,0.0,0.7,1,3,1.05412,True,stopped,3
chat,1,0.0,0.7,2,0,0.37825,False,accepted,1
chat,1,0.0,0.7,2,1,0.6995,True,stopped,1
chat,1,0.0,0.7,3,0,0.44704,False,accepted,2
chat,1,0.0,0.7,3,1,0.0029,False,accepted,2
chat,1,0.0,0.7,3,2,0.52739,True,stopped,2
chat,1,0.0,0.7,4,0,0.01623,False,accepted,7
chat,1,0.0,0.7,4,1,0.0618,False,accepted,7
chat,1,0.0,0.7,4,2,0.04015,False,accepted,7
chat,1,0.0,0.7,4,3,0.11208,False,accepted,7
chat,1,0.0,0.7,4,4,0.13182,False,accepted,7
chat,1,0.0,0.7,4,5,0.00086,False,accepted,7
chat,1,0.0,0.7,4,6,0.33577,False,accepted,7
chat,1,0.0,0.7,4,7,1.87387,True,stopped,7
chat,1,0.0,0.7,5,0,0.08246,False,accepted,1
chat,1,0.0,0.7,5,1,3.33622,True,stopped,1
chat,1,0.0,0.7,6,0,0.00041,False,accepted,1
chat,1,0.0,0.7,6,1,0.84366,True,stopped,1
chat,1,0.0,0.7,7,0,0.57531,False,accepted,1
chat,1,0.0,0.7,7,1,0.58386,True,stopped,1
chat,1,0.0,0.7,8,0,3.19408,False,rejected,2
chat,1,0.0,0.7,8,1,0.18483,False,untested,2
chat,1,0.0,0.7,8,2,2.42035,True,stopped,2
chat,1,0.0,0.7,9,0,0.47312,False,accepted,2
chat,1,0.0,0.7,9,1,0.06254,False,accepted,2
chat,1,0.0,0.7,9,2,1.13969,True,stopped,2
chat,1,0.0,0.7,10,0,1.67013,False,accepted,1
chat,1,0.0,0.7,10,1,1.66014,True,stopped,1
chat,1,0.0,0.7,11,0,2.03585,False,rejected,1
chat,1,0.0,0.7,11,1,1.7568,True,stopped,1
chat,1,0.0,0.7,12,0,1.41477,False,accepted,1
chat,1,0.0,0.7,12,1,1.61969,True,stopped,1
chat,1,0.0,0.7,13,0,1.38782,False,rejected,1
chat,1,0.0,0.7,13,1,2.31105,True,stopped,1
chat,1,0.0,0.7,14,0,2.1142,False,rejected,1
chat,1,0.0,0.7,14,1,1.75201,True,stopped,1
chat,1,0.0,0.7,15,0,0.83165,False,accepted,2
chat,1,0.0,0.7,15,1,0.16287,False,accepted,2
chat,1,0.0,0.7,15,2,0.82051,True,stopped,2
chat,1,0.0,0.7,16,0,1.94085,False,accepted,1
chat,1,0.0,0.7,16,1,1.78144,True,stopped,1
chat,1,0.0,0.7,17,0,1.78348,False,rejected,1
chat,1,0.0,0.7,17,1,1.92526,True,stopped,1
chat,1,0.0,0.7,18,0,1.81997,False,accepted,1
chat,1,0.0,0.7,18,1,1.81178,True,stopped,1
chat,1,0.0,0.7,19,0,1.02058,False,accepted,1
chat,1,0.0,0.7,19,1,1.60405,True,stopped,1
chat,1,0.0,0.7,20,0,2.47005,False,accepted,2
chat,1,0.0,0.7,20,1,0.00791,False,accepted,2
chat,1,0.0,0.7,20,2,0.50788,True,stopped,2
chat,1,0.0,0.7,21,0,3.3795,False,rejected,1
chat,1,0.0,0.7,21,1,1.6469,True,stopped,1
chat,1,0.0,0.7,22,0,0.24528,False,accepted,1
chat,1,0.0,0.7,22,1,1.06896,True,stopped,1
chat,1,0.0,0.7,23,0,2.56264,False,accepted,1
chat,1,0.0,0.7,23,1,3.36746,True,stopped,1
chat,1,0.0,0.7,24,0,2.14231,False,rejected,1
chat,1,0.0,0.7,24,1,0.6527,True,stopped,1
chat,1,0.0,0.7,25,0,1.72694,False,accepted,1
chat,1,0.0,0.7,25,1,2.31888,True,stopped,1
chat,1,0.0,0.7,26,0,0.73955,False,accepted,1
chat,1,0.0,0.7,26,1,1.07804,True,stopped,1
chat,1,0.0,0.7,27,0,0.78947,False,accepted,1
chat,1,0.0,0.7,27,1,3.42943,True,stopped,1
chat,1,0.0,0.7,28,0,3.98514,False,rejected,1
chat,1,0.0,0.7,28,1,2.59171,True,stopped,1
chat,1,0.0,0.7,29,0,0.96474,False,rejected,4
chat,1,0.0,0.7,29,1,0.00171,False,untested,4
chat,1,0.0,0.7,29,2,7e-05,False,untested,4
chat,1,0.0,0.7,29,3,4e-05,False,untested,4
chat,1,0.0,0.7,29,4,2.94287,True,stopped,4
chat,1,0.0,0.7,30,0,3.9274,False,rejected,1
chat,1,0.0,0.7,30,1,1.67101,True,stopped,1
chat,1,0.0,0.7,31,0,0.75257,False,accepted,2
chat,1,0.0,0.7,31,1,0.02322,False,accepted,2
chat,1,0.0,0.7,31,2,1.62028,True,stopped,2
chat,1,0.0,0.7,32,0,0.92657,False,accepted,1
chat,1,0.0,0.7,32,1,2.81916,True,stopped,1
chat,1,0.0,0.7,33,0,1.65859,False,accepted,1
chat,1,0.0,0.7,33,1,1.62767,True,stopped,1
chat,1,0.0,0.7,34,0,1.49367,False,rejected,3
chat,1,0.0,0.7,34,1,0.30002,False,untested,3
chat,1,0.0,0.7,34,2,0.39322,False,untested,3
chat,1,0.0,0.7,34,3,2.23459,True,stopped,3
chat,1,0.0,0.7,35,0,0.12821,False,accepted,2
chat,1,0.0,0.7,35,1,0.28217,False,accepted,2
chat,1,0.0,0.7,35,2,2.31616,True,stopped,2
chat,1,0.0,0.7,36,0,1.34626,False,rejected,2
chat,1,0.0,0.7,36,1,0.13357,False,untested,2
chat,1,0.0,0.7,36,2,1.07446,True,stopped,2
chat,1,0.0,0.7,37,0,0.4372,False,accepted,2
chat,1,0.0,0.7,37,1,0.17561,False,accepted,2
chat,1,0.0,0.7,37,2,0.67582,True,stopped,2
chat,1,0.0,0.7,38,0,0.75719,False,accepted,1
chat,1,0.0,0.7,38,1,0.62504,True,stopped,1
chat,1,0.0,0.7,39,0,0.0569,False,accepted,1
chat,1,0.0,0.7,39,1,0.62359,True,stopped,1
chat,1,0.0,0.7,40,0,0.77384,False,rejected,1
chat,1,0.0,0.7,40,1,1.25753,True,stopped,1
chat,1,0.0,0.7,41,0,3.24581,False,rejected,1
chat,1,0.0,0.7,41,1,2.14416,True,stopped,1
chat,1,0.0,0.7,42,0,3.75121,False,rejected,1
chat,1,0.0,0.7,42,1,1.84173,True,stopped,1
chat,1,0.0,0.7,43,0,2.92177,False,rejected,1
chat,1,0.0,0.7,43,1,2.60591,True,stopped,1
chat,1,0.0,0.7,44,0,0.84734,False,accepted,2
chat,1,0.0,0.7,44,1,0.02664,False,accepted,2
chat,1,0.0,0.7,44,2,1.1912,True,stopped,2
chat,1,0.0,0.7,45,0,0.20546,False,accepted,5
chat,1,0.0,0.7,45,1,0.01107,False,accepted,5
chat,1,0.0,0.7,45,2,0.02068,False,accepted,5
chat,1,0.0,0.7,45,3,0.07054,False,accepted,5
chat,1,0.0,0.7,45,4,0.11484,False,accepted,5
chat,1,0.0,0.7,45,5,2.46292,True,stopped,5
chat,1,0.0,0.7,46,0,2.07546,False,rejected,1
chat,1,0.0,0.7,46,1,1.84464,True,stopped,1
chat,1,0.0,0.7,47,0,2.4363,False,rejected,1
chat,1,0.0,0.7,47,1,1.34675,True,stopped,1
chat,1,0.0,0.7,48,0,0.77759,False,accepted,1
chat,1,0.0,0.7,48,1,1.59638,True,stopped,1
chat,1,0.0,0.7,49,0,0.0035,False,accepted,3
chat,1,0.0,0.7,49,1,7e-05,False,accepted,3
chat,1,0.0,0.7,49,2,4e-05,False,accepted,3
chat,1,0.0,0.7,49,3,3.0204,True,stopped,3
chat,1,0.0,0.7,50,0,0.00173,False,accepted,5
chat,1,0.0,0.7,50,1,0.36307,False,accepted,5
chat,1,0.0,0.7,50,2,0.06618,False,accepted,5
chat,1,0.0,0.7,50,3,0.00163,False,accepted,5
chat,1,0.0,0.7,50,4,0.19311,False,accepted,5
chat,1,0.0,0.7,50,5,1.52881,True,stopped,5
chat,1,0.0,0.7,51,0,2.78623,False,accepted,1
chat,1,0.0,0.7,51,1,0.41906,True,stopped,1
chat,1,0.0,0.7,52,0,1.82958,False,rejected,1
chat,1,0.0,0.7,52,1,1.17194,True,stopped,1
chat,1,0.0,0.7,53,0,1.35108,False,accepted,2
chat,1,0.0,0.7,53,1,0.06099,False,accepted,2
chat,1,0.0,0.7,53,2,2.11552,True,stopped,2
chat,1,0.0,0.7,54,0,0.67873,False,accepted,1
chat,1,0.0,0.7,54,1,0.90377,True,stopped,1
chat,1,0.0,0.7,55,0,2.51645,False,rejected,1
chat,1,0.0,0.7,55,1,1.63597,True,stopped,1
chat,1,0.0,0.7,56,0,1.84096,False,accepted,1
chat,1,0.0,0.7,56,1,1.11992,True,stopped,1
chat,1,0.0,0.7,57,0,2.23495,False,rejected,1
chat,1,0.0,0.7,57,1,0.54488,True,stopped,1
chat,1,0.0,0.7,58,0,0.05999,False,accepted,1
chat,1,0.0,0.7,58,1,1.21168,True,stopped,1
chat,1,0.0,0.7,59,0,0.27457,False,accepted,1
chat,1,0.0,0.7,59,1,1.85747,True,stopped,1
chat,1,0.0,0.7,60,0,2.66255,False,accepted,1
chat,1,0.7,0.7,0,0,1.32821,False,rejected,2
chat,1,0.7,0.7,0,1,0.00014,False,untested,2
chat,1,0.7,0.7,0,2,1.71177,True,stopped,2
chat,1,0.7,0.7,1,0,0.00996,False,accepted,1
chat,1,0.7,0.7,1,1,0.68067,True,stopped,1
chat,1,0.7,0.7,2,0,0.00084,False,accepted,3
chat,1,0.7,0.7,2,1,0.00107,False,accepted,3
chat,1,0.7,0.7,2,2,0.07024,False,rejected,3
chat,1,0.7,0.7,2,3,0.95358,True,stopped,3
chat,1,0.7,0.7,3,0,0.14234,False,accepted,1
chat,1,0.7,0.7,3,1,0.63607,True,stopped,1
chat,1,0.7,0.7,4,0,0.11294,False,accepted,8
chat,1,0.7,0.7,4,1,5e-05,False,accepted,8
chat,1,0.7,0.7,4,2,0.23036,False,accepted,8
chat,1,0.7,0.7,4,3,0.00078,False,accepted,8
chat,1,0.7,0.7,4,4,0.01009,False,accepted,8
chat,1,0.7,0.7,4,5,0.00321,False,accepted,8
chat,1,0.7,0.7,4,6,0.01813,False,accepted,8
chat,1,0.7,0.7,4,7,0.02794,False,accepted,8
chat,1,0.7,0.7,5,0,0.05387,False,accepted,1
chat,1,0.7,0.7,5,1,1.18958,True,stopped,1
chat,1,0.7,0.7,6,0,0.01478,False,accepted,1
chat,1,0.7,0.7,6,1,2.04968,True,stopped,1
chat,1,0.7,0.7,7,0,0.0,False,accepted,4
chat,1,0.7,0.7,7,1,0.3389,False,accepted,4
chat,1,0.7,0.7,7,2,0.21352,False,accepted,4
chat,1,0.7,0.7,7,3,0.25542,False,accepted,4
chat,1,0.7,0.7,7,4,2.05046,True,stopped,4
chat,1,0.7,0.7,8,0,0.2824,False,accepted,2
chat,1,0.7,0.7,8,1,0.22926,False,accepted,2
chat,1,0.7,0.7,8,2,1.03059,True,stopped,2
chat,1,0.7,0.7,9,0,0.02272,False,accepted,1
chat,1,0.7,0.7,9,1,0.6667,True,stopped,1
chat,1,0.7,0.7,10,0,0.06782,False,accepted,2
chat,1,0.7,0.7,10,1,0.1233,False,accepted,2
chat,1,0.7,0.7,10,2,0.73528,True,stopped,2
chat,1,0.7,0.7,11,0,0.36942,False,rejected,1
chat,1,0.7,0.7,11,1,1.60251,True,stopped,1
chat,1,0.7,0.7,12,0,1.13693,False,accepted,1
chat,1,0.7,0.7,12,1,1.15358,True,stopped,1
chat,1,0.7,0.7,13,0,1.19932,False,accepted,2
chat,1,0.7,0.7,13,1,0.00652,False,accepted,2
chat,1,0.7,0.7,13,2,0.62017,True,stopped,2
chat,1,0.7,0.7,14,0,0.00354,False,accepted,1
chat,1,0.7,0.7,14,1,0.89305,True,stopped,1
chat,1,0.7,0.7,15,0,0.05857,False,accepted,1
chat,1,0.7,0.7,15,1,0.49906,True,stopped,1
chat,1,0.7,0.7,16,0,1.27094,False,accepted,1
chat,1,0.7,0.7,16,1,1.27743,True,stopped,1
chat,1,0.7,0.7,17,0,1.37843,False,rejected,1
chat,1,0.7,0.7,17,1,2.31528,True,stopped,1
chat,1,0.7,0.7,18,0,0.23159,False,rejected,1
chat,1,0.7,0.7,18,1,0.66475,True,stopped,1
chat,1,0.7,0.7,19,0,0.48657,False,rejected,2
chat,1,0.7,0.7,19,1,0.31627,False,untested,2
chat,1,0.7,0.7,19,2,1.0614,True,stopped,2
chat,1,0.7,0.7,20,0,0.13689,False,rejected,2
chat,1,0.7,0.7,20,1,0.32082,False,untested,2
chat,1,0.7,0.7,20,2,1.06326,True,stopped,2
chat,1,0.7,0.7,21,0,0.41568,False,rejected,1
chat,1,0.7,0.7,21,1,1.08961,True,stopped,1
chat,1,0.7,0.7,22,0,0.54952,False,accepted,1
chat,1,0.7,0.7,22,1,1.63363,True,stopped,1
chat,1,0.7,0.7,23,0,0.00046,False,accepted,2
chat,1,0.7,0.7,23,1,0.21246,False,accepted,2
chat,1,0.7,0.7,23,2,0.9382,True,stopped,2
chat,1,0.7,0.7,24,0,1.19638,False,accepted,3
chat,1,0.7,0.7,24,1,0.37838,False,accepted,3
chat,1,0.7,0.7,24,2,0.22062,False,accepted,3
chat,1,0.7,0.7,24,3,1.56361,True,stopped,3
chat,1,0.7,0.7,25,0,0.00225,False,accepted,2
chat,1,0.7,0.7,25,1,0.00198,False,accepted,2
chat,1,0.7,0.7,25,2,1.88958,True,stopped,2
chat,1,0.7,0.7,26,0,0.90606,False,rejected,2
chat,1,0.7,0.7,26,1,1e-05,False,untested,2
chat,1,0.7,0.7,26,2,1.27991,True,stopped,2
chat,1,0.7,0.7,27,0,0.00042,False,accepted,1
chat,1,0.7,0.7,27,1,0.84429,True,stopped,1
chat,1,0.7,0.7,28,0,0.99672,False,rejected,2
chat,1,0.7,0.7,28,1,0.40843,False,untested,2
chat,1,0.7,0.7,28,2,2.0675,True,stopped,2
chat,1,0.7,0.7,29,0,0.22949,False,accepted,2
chat,1,0.7,0.7,29,1,0.00159,False,accepted,2
chat,1,0.7,0.7,29,2,1.35315,True,stopped,2
chat,1,0.7,0.7,30,0,1.04084,False,accepted,1
chat,1,0.7,0.7,30,1,1.40301,True,stopped,1
chat,1,0.7,0.7,31,0,1.843,False,accepted,1
chat,1,0.7,0.7,31,1,1.38339,True,stopped,1
chat,1,0.7,0.7,32,0,0.78028,False,accepted,5
chat,1,0.7,0.7,32,1,0.10583,False,rejected,5
chat,1,0.7,0.7,32,2,3e-05,False,untested,5
chat,1,0.7,0.7,32,3,0.0,False,untested,5
chat,1,0.7,0.7,32,4,0.0,False,untested,5
chat,1,0.7,0.7,32,5,1.79701,True,stopped,5
chat,1,0.7,0.7,33,0,2.57471,False,accepted,2
chat,1,0.7,0.7,33,1,0.00053,False,accepted,2
chat,1,0.7,0.7,33,2,0.60267,True,stopped,2
chat,1,0.7,0.7,34,0,0.06986,False,accepted,1
chat,1,0.7,0.7,34,1,0.63606,True,stopped,1
chat,1,0.7,0.7,35,0,0.1058,False,accepted,3
chat,1,0.7,0.7,35,1,0.00031,False,accepted,3
chat,1,0.7,0.7,35,2,0.01978,False,accepted,3
chat,1,0.7,0.7,35,3,1.17074,True,stopped,3
chat,1,0.7,0.7,36,0,1.34276,False,rejected,1
chat,1,0.7,0.7,36,1,3.62574,True,stopped,1
chat,1,0.7,0.7,37,0,1.43744,False,rejected,1
chat,1,0.7,0.7,37,1,1.28542,True,stopped,1
chat,1,0.7,0.7,38,0,1.02113,False,rejected,1
chat,1,0.7,0.7,38,1,0.54084,True,stopped,1
chat,1,0.7,0.7,39,0,0.86434,False,rejected,2
chat,1,0.7,0.7,39,1,0.11668,False,untested,2
chat,1,0.7,0.7,39,2,1.96368,True,stopped,2
chat,1,0.7,0.7,40,0,0.00282,False,accepted,2
chat,1,0.7,0.7,40,1,1e-05,False,accepted,2
chat,1,0.7,0.7,40,2,0.98623,True,stopped,2
chat,1,0.7,0.7,41,0,0.11701,False,accepted,1
chat,1,0.7,0.7,41,1,0.60738,True,stopped,1
chat,1,0.7,0.7,42,0,1.97002,False,accepted,1
chat,1,0.7,0.7,42,1,0.47018,True,stopped,1
chat,1,0.7,0.7,43,0,1.5819,False,rejected,1
chat,1,0.7,0.7,43,1,0.60262,True,stopped,1
chat,1,0.7,0.7,44,0,0.28295,False,accepted,1
chat,1,0.7,0.7,44,1,1.41047,True,stopped,1
chat,1,0.7,0.7,45,0,1.22982,False,accepted,1
chat,1,0.7,0.7,45,1,1.51866,True,stopped,1
chat,1,0.7,0.7,46,0,3e-05,False,accepted,3
chat,1,0.7,0.7,46,1,0.0,False,accepted,3
chat,1,0.7,0.7,46,2,0.0,False,accepted,3
chat,1,0.7,0.7,46,3,1.99275,True,stopped,3
chat,1,0.7,0.7,47,0,4e-05,False,accepted,6
chat,1,0.7,0.7,47,1,0.03789,False,accepted,6
chat,1,0.7,0.7,47,2,0.01246,False,accepted,6
chat,1,0.7,0.7,47,3,2e-05,False,accepted,6
chat,1,0.7,0.7,47,4,0.01685,False,accepted,6
chat,1,0.7,0.7,47,5,0.27094,False,rejected,6
chat,1,0.7,0.7,47,6,1.11436,True,stopped,6
chat,1,0.7,0.7,48,0,0.06387,False,accepted,1
chat,1,0.7,0.7,48,1,1.67988,True,stopped,1
chat,1,0.7,0.7,49,0,0.7694,False,accepted,2
chat,1,0.7,0.7,49,1,0.04009,False,accepted,2
chat,1,0.7,0.7,49,2,1.0334,True,stopped,2
chat,1,0.7,0.7,50,0,0.87865,False,rejected,4
chat,1,0.7,0.7,50,1,0.09603,False,untested,4
chat,1,0.7,0.7,50,2,0.09527,False,untested,4
chat,1,0.7,0.7,50,3,0.38367,False,untested,4
chat,1,0.7,0.7,50,4,0.61144,True,stopped,4
chat,1,0.7,0.7,51,0,0.00396,False,accepted,5
chat,1,0.7,0.7,51,1,0.38464,False,accepted,5
chat,1,0.7,0.7,51,2,0.264,False,accepted,5
chat,1,0.7,0.7,51,3,0.31453,False,accepted,5
chat,1,0.7,0.7,51,4,0.00105,False,accepted,5
chat,1,0.7,0.7,51,5,0.49337,True,stopped,5
chat,1,0.7,0.7,52,0,2.51675,False,rejected,1
chat,1,0.7,0.7,52,1,0.93466,True,stopped,1
chat,1,0.7,0.7,53,0,1.23484,False,accepted,2
chat,1,0.7,0.7,53,1,0.16392,False,accepted,2
chat,1,0.7,0.7,53,2,0.91699,True,stopped,2
chat,1,0.7,0.3,0,0,1.32821,False,rejected,8
chat,1,0.7,0.3,0,1,0.00014,False,untested,8
chat,1,0.7,0.3,0,2,1.71177,False,untested,8
chat,1,0.7,0.3,0,3,0.00747,False,untested,8
chat,1,0.7,0.3,0,4,1.98894,False,untested,8
chat,1,0.7,0.3,0,5,0.29388,False,untested,8
chat,1,0.7,0.3,0,6,0.25146,False,untested,8
chat,1,0.7,0.3,0,7,0.08372,False,untested,8
chat,1,0.7,0.3,1,0,0.00996,False,accepted,8
chat,1,0.7,0.3,1,1,0.68067,False,rejected,8
chat,1,0.7,0.3,1,2,0.00015,False,untested,8
chat,1,0.7,0.3,1,3,8e-05,False,untested,8
chat,1,0.7,0.3,1,4,0.81669,False,untested,8
chat,1,0.7,0.3,1,5,0.00462,False,untested,8
chat,1,0.7,0.3,1,6,0.04573,False,untested,8
chat,1,0.7,0.3,1,7,0.01769,False,untested,8
chat,1,0.7,0.3,2,0,0.00084,False,accepted,8
chat,1,0.7,0.3,2,1,0.00107,False,accepted,8
chat,1,0.7,0.3,2,2,0.07024,False,rejected,8
chat,1,0.7,0.3,2,3,0.95358,False,untested,8
chat,1,0.7,0.3,2,4,0.10378,False,untested,8
chat,1,0.7,0.3,2,5,5e-05,False,untested,8
chat,1,0.7,0.3,2,6,0.12749,False,untested,8
chat,1,0.7,0.3,2,7,0.00042,False,untested,8
chat,1,0.7,0.3,3,0,0.14234,False,accepted,8
chat,1,0.7,0.3,3,1,0.63607,False,accepted,8
chat,1,0.7,0.3,3,2,0.11294,False,accepted,8
chat,1,0.7,0.3,3,3,5e-05,False,accepted,8
chat,1,0.7,0.3,3,4,0.23036,False,accepted,8
chat,1,0.7,0.3,3,5,0.00078,False,accepted,8
chat,1,0.7,0.3,3,6,0.01009,False,accepted,8
chat,1,0.7,0.3,3,7,0.00321,False,accepted,8
chat,1,0.7,0.3,4,0,0.02841,False,accepted,8
chat,1,0.7,0.3,4,1,1e-05,False,accepted,8
chat,1,0.7,0.3,4,2,0.05386,False,accepted,8
chat,1,0.7,0.3,4,3,1.19593,False,rejected,8
chat,1,0.7,0.3,4,4,0.68566,False,untested,8
chat,1,0.7,0.3,4,5,0.34529,False,untested,8
chat,1,0.7,0.3,4,6,0.66431,False,untested,8
chat,1,0.7,0.3,4,7,0.33929,False,untested,8
chat,1,0.7,0.3,5,0,0.01506,False,accepted,8
chat,1,0.7,0.3,5,1,2.04868,False,rejected,8
chat,1,0.7,0.3,5,2,0.84321,False,untested,8
chat,1,0.7,0.3,5,3,0.19132,False,untested,8
chat,1,0.7,0.3,5,4,2.076,False,untested,8
chat,1,0.7,0.3,5,5,0.12749,False,untested,8
chat,1,0.7,0.3,5,6,0.43451,False,untested,8
chat,1,0.7,0.3,5,7,1.35244,False,untested,8
chat,1,0.7,0.3,6,0,0.0,False,accepted,8
chat,1,0.7,0.3,6,1,0.33946,False,accepted,8
chat,1,0.7,0.3,6,2,0.21264,False,accepted,8
chat,1,0.7,0.3,6,3,0.26183,False,accepted,8
chat,1,0.7,0.3,6,4,2.04039,False,accepted,8
chat,1,0.7,0.3,6,5,0.2823,False,accepted,8
chat,1,0.7,0.3,6,6,0.22931,False,accepted,8
chat,1,0.7,0.3,6,7,1.02874,False,accepted,8
chat,1,0.7,0.3,7,0,0.66184,False,accepted,8
chat,1,0.7,0.3,7,1,0.99023,False,accepted,8
chat,1,0.7,0.3,7,2,0.95033,False,rejected,8
chat,1,0.7,0.3,7,3,2.15697,False,untested,8
chat,1,0.7,0.3,7,4,0.30845,False,untested,8
chat,1,0.7,0.3,7,5,0.94541,False,untested,8
chat,1,0.7,0.3,7,6,0.16888,False,untested,8
chat,1,0.7,0.3,7,7,0.93771,False,untested,8
chat,1,0.7,0.3,8,0,1.0428,False,rejected,8
chat,1,0.7,0.3,8,1,1.09346,False,untested,8
chat,1,0.7,0.3,8,2,1.31097,False,untested,8
chat,1,0.7,0.3,8,3,0.00923,False,untested,8
chat,1,0.7,0.3,8,4,0.8584,False,untested,8
chat,1,0.7,0.3,8,5,0.00477,False,untested,8
chat,1,0.7,0.3,8,6,1.10225,False,untested,8
chat,1,0.7,0.3,8,7,0.82345,False,untested,8
chat,1,0.7,0.3,9,0,1.097,False,rejected,8
chat,1,0.7,0.3,9,1,0.86146,False,untested,8
chat,1,0.7,0.3,9,2,1.17101,False,untested,8
chat,1,0.7,0.3,9,3,1.10635,False,untested,8
chat,1,0.7,0.3,9,4,0.98985,False,untested,8
chat,1,0.7,0.3,9,5,1.16696,False,untested,8
chat,1,0.7,0.3,9,6,0.56042,False,untested,8
chat,1,0.7,0.3,9,7,0.96654,False,untested,8
chat,1,0.7,0.3,10,0,0.84519,False,rejected,8
chat,1,0.7,0.3,10,1,0.00596,False,untested,8
chat,1,0.7,0.3,10,2,0.58511,False,untested,8
chat,1,0.7,0.3,10,3,0.4883,False,untested,8
chat,1,0.7,0.3,10,4,0.98367,False,untested,8
chat,1,0.7,0.3,10,5,1.26799,False,untested,8
chat,1,0.7,0.3,10,6,0.80156,False,untested,8
chat,1,0.7,0.3,10,7,1.31689,False,untested,8
chat,1,0.7,0.3,11,0,0.77796,False,accepted,8
chat,1,0.7,0.3,11,1,0.826,False,accepted,8
chat,1,0.7,0.3,11,2,1.24992,False,accepted,8
chat,1,0.7,0.3,11,3,0.74502,False,accepted,8
chat,1,0.7,0.3,11,4,1.29552,False,accepted,8
chat,1,0.7,0.3,11,5,0.36169,False,accepted,8
chat,1,0.7,0.3,11,6,0.29979,False,rejected,8
chat,1,0.7,0.3,11,7,0.36434,False,untested,8
chat,1,0.7,0.3,12,0,0.19195,False,rejected,2
chat,1,0.7,0.3,12,1,1.06957,False,untested,2
chat,1,0.7,0.3,12,2,2.68934,True,stopped,2
chat,1,0.7,0.3,13,0,2.66301,False,accepted,8
chat,1,0.7,0.3,13,1,0.24646,False,accepted,8
chat,1,0.7,0.3,13,2,0.51144,False,rejected,8
chat,1,0.7,0.3,13,3,0.49269,False,untested,8
chat,1,0.7,0.3,13,4,0.20391,False,untested,8
chat,1,0.7,0.3,13,5,0.77914,False,untested,8
chat,1,0.7,0.3,13,6,0.66516,False,untested,8
chat,1,0.7,0.3,13,7,0.39217,False,untested,8
chat,1,0.7,0.3,14,0,0.46716,False,rejected,8
chat,1,0.7,0.3,14,1,0.0042,False,untested,8
chat,1,0.7,0.3,14,2,0.56864,False,untested,8
chat,1,0.7,0.3,14,3,0.88553,False,untested,8
chat,1,0.7,0.3,14,4,0.90573,False,untested,8
chat,1,0.7,0.3,14,5,1.80614,False,untested,8
chat,1,0.7,0.3,14,6,0.0,False,untested,8
chat,1,0.7,0.3,14,7,2.16961,False,untested,8
chat,1,0.7,0.3,15,0,1.27261,False,accepted,8
chat,1,0.7,0.3,15,1,0.95902,False,rejected,8
chat,1,0.7,0.3,15,2,0.00022,False,untested,8
chat,1,0.7,0.3,15,3,1.56308,False,untested,8
chat,1,0.7,0.3,15,4,1.09055,False,untested,8
chat,1,0.7,0.3,15,5,0.38085,False,untested,8
chat,1,0.7,0.3,15,6,0.00188,False,untested,8
chat,1,0.7,0.3,15,7,0.00025,False,untested,8
chat,1,0.7,0.3,16,0,0.98166,False,rejected,8
chat,1,0.7,0.3,16,1,1.52883,False,untested,8
chat,1,0.7,0.3,16,2,1.11242,False,untested,8
chat,1,0.7,0.3,16,3,0.0012,False,untested,8
chat,1,0.7,0.3,16,4,0.0,False,untested,8
chat,1,0.7,0.3,16,5,0.0,False,untested,8
chat,1,0.7,0.3,16,6,1.7996,False,untested,8
chat,1,0.7,0.3,16,7,0.00051,False,untested,8
chat,1,0.7,0.3,17,0,1.64902,False,rejected,2
chat,1,0.7,0.3,17,1,0.0,False,untested,2
chat,1,0.7,0.3,17,2,2.50908,True,stopped,2
chat,1,0.7,0.3,18,0,1.812,False,rejected,3
chat,1,0.7,0.3,18,1,1.10869,False,untested,3
chat,1,0.7,0.3,18,2,2e-05,False,untested,3
chat,1,0.7,0.3,18,3,2.55315,True,stopped,3
chat,1,0.7,0.3,19,0,0.05792,False,accepted,8
chat,1,0.7,0.3,19,1,0.51499,False,accepted,8
chat,1,0.7,0.3,19,2,1.45237,False,accepted,8
chat,1,0.7,0.3,19,3,0.85061,False,rejected,8
chat,1,0.7,0.3,19,4,1.60949,False,untested,8
chat,1,0.7,0.3,19,5,2.27928,False,untested,8
chat,1,0.7,0.3,19,6,0.0,False,untested,8
chat,1,0.7,0.3,19,7,0.89615,False,untested,8
chat,1,0.7,0.3,20,0,1.01842,False,accepted,8
chat,1,0.7,0.3,20,1,0.3291,False,accepted,8
chat,1,0.7,0.3,20,2,0.99022,False,rejected,8
chat,1,0.7,0.3,20,3,0.54167,False,untested,8
chat,1,0.7,0.3,20,4,2.08427,False,untested,8
chat,1,0.7,0.3,20,5,0.94463,False,untested,8
chat,1,0.7,0.3,20,6,0.99024,False,untested,8
chat,1,0.7,0.3,20,7,0.02229,False,untested,8
chat,1,0.7,0.3,21,0,1.08194,False,rejected,8
chat,1,0.7,0.3,21,1,1.31197,False,untested,8
chat,1,0.7,0.3,21,2,0.03833,False,untested,8
chat,1,0.7,0.3,21,3,0.00057,False,untested,8
chat,1,0.7,0.3,21,4,0.24869,False,untested,8
chat,1,0.7,0.3,21,5,8e-05,False,untested,8
chat,1,0.7,0.3,21,6,0.0,False,untested,8
chat,1,0.7,0.3,21,7,0.0,False,untested,8
chat,1,0.7,0.3,22,0,0.9944,False,rejected,6
chat,1,0.7,0.3,22,1,0.56309,False,untested,6
chat,1,0.7,0.3,22,2,0.00011,False,untested,6
chat,1,0.7,0.3,22,3,0.0,False,untested,6
chat,1,0.7,0.3,22,4,0.0,False,untested,6
chat,1,0.7,0.3,22,5,1.89025,False,untested,6
chat,1,0.7,0.3,22,6,2.48856,True,stopped,6
chat,1,0.7,0.3,23,0,0.66217,False,accepted,8
chat,1,0.7,0.3,23,1,1.28577,False,rejected,8
chat,1,0.7,0.3,23,2,0.00019,False,untested,8
chat,1,0.7,0.3,23,3,0.0,False,untested,8
chat,1,0.7,0.3,23,4,0.0,False,untested,8
chat,1,0.7,0.3,23,5,1.91209,False,untested,8
chat,1,0.7,0.3,23,6,0.48185,False,untested,8
chat,1,0.7,0.3,23,7,0.10677,False,untested,8
chat,1,0.7,0.3,24,0,1.88909,False,rejected,8
chat,1,0.7,0.3,24,1,0.1308,False,untested,8
chat,1,0.7,0.3,24,2,0.34069,False,untested,8
chat,1,0.7,0.3,24,3,0.05453,False,untested,8
chat,1,0.7,0.3,24,4,1.67108,False,untested,8
chat,1,0.7,0.3,24,5,6e-05,False,untested,8
chat,1,0.7,0.3,24,6,0.0,False,untested,8
chat,1,0.7,0.3,24,7,0.0,False,untested,8
chat,1,0.7,0.3,25,0,0.72398,False,rejected,8
chat,1,0.7,0.3,25,1,0.45227,False,untested,8
chat,1,0.7,0.3,25,2,0.09016,False,untested,8
chat,1,0.7,0.3,25,3,1.15684,False,untested,8
chat,1,0.7,0.3,25,4,0.65519,False,untested,8
chat,1,0.7,0.3,25,5,0.60129,False,untested,8
chat,1,0.7,0.3,25,6,0.31708,False,untested,8
chat,1,0.7,0.3,25,7,0.95604,False,untested,8
chat,1,0.7,0.3,26,0,0.02646,False,accepted,8
chat,1,0.7,0.3,26,1,1.97057,False,rejected,8
chat,1,0.7,0.3,26,2,0.79119,False,untested,8
chat,1,0.7,0.3,26,3,0.17121,False,untested,8
chat,1,0.7,0.3,26,4,1.08049,False,untested,8
chat,1,0.7,0.3,26,5,0.35936,False,untested,8
chat,1,0.7,0.3,26,6,0.85129,False,untested,8
chat,1,0.7,0.3,26,7,0.07837,False,untested,8
chat,1,0.7,0.3,27,0,0.54913,False,accepted,8
chat,1,0.7,0.3,27,1,1.2689,False,accepted,8
chat,1,0.7,0.3,27,2,0.68714,False,accepted,8
chat,1,0.7,0.3,27,3,0.02617,False,accepted,8
chat,1,0.7,0.3,27,4,1.10242,False,accepted,8
chat,1,0.7,0.3,27,5,0.73022,False,accepted,8
chat,1,0.7,0.3,27,6,1.48863,False,accepted,8
chat,1,0.7,0.3,27,7,0.53656,False,accepted,8
chat,1,0.7,0.3,28,0,0.09797,False,accepted,8
chat,1,0.7,0.3,28,1,0.43853,False,accepted,8
chat,1,0.7,0.3,28,2,0.83085,False,rejected,8
chat,1,0.7,0.3,28,3,3e-05,False,untested,8
chat,1,0.7,0.3,28,4,0.0,False,untested,8
chat,1,0.7,0.3,28,5,0.0,False,untested,8
chat,1,0.7,0.3,28,6,1.84826,False,untested,8
chat,1,0.7,0.3,28,7,1.69373,False,untested,8
chat,1,0.7,0.3,29,0,0.00614,False,rejected,8
chat,1,0.7,0.3,29,1,2e-05,False,untested,8
chat,1,0.7,0.3,29,2,0.0,False,untested,8
chat,1,0.7,0.3,29,3,0.0,False,untested,8
chat,1,0.7,0.3,29,4,1.89085,False,untested,8
chat,1,0.7,0.3,29,5,0.00038,False,untested,8
chat,1,0.7,0.3,29,6,0.76692,False,untested,8
chat,1,0.7,0.3,29,7,1.46879,False,untested,8
chat,1,0.7,0.3,30,0,2.02893,False,rejected,8
chat,1,0.7,0.3,30,1,0.08469,False,untested,8
chat,1,0.7,0.3,30,2,0.39878,False,untested,8
chat,1,0.7,0.3,30,3,0.0444,False,untested,8
chat,1,0.7,0.3,30,4,1.55215,False,untested,8
chat,1,0.7,0.3,30,5,0.16309,False,untested,8
chat,1,0.7,0.3,30,6,1.28733,False,untested,8
chat,1,0.7,0.3,30,7,0.00567,False,untested,8
chat,1,0.7,0.3,31,0,0.5855,False,accepted,8
chat,1,0.7,0.3,31,1,1.50082,False,rejected,8
chat,1,0.7,0.3,31,2,0.19827,False,untested,8
chat,1,0.7,0.3,31,3,0.06075,False,untested,8
chat,1,0.7,0.3,31,4,1.53513,False,untested,8
chat,1,0.7,0.3,31,5,3e-05,False,untested,8
chat,1,0.7,0.3,31,6,0.0,False,untested,8
chat,1,0.7,0.3,31,7,0.0,False,untested,8
chat,1,0.7,0.3,32,0,0.29937,False,rejected,3
chat,1,0.7,0.3,32,1,1.47807,False,untested,3
chat,1,0.7,0.3,32,2,0.03976,False,untested,3
chat,1,0.7,0.3,32,3,2.85861,True,stopped,3
chat,1,0.7,0.3,33,0,1.2594,False,rejected,2
chat,1,0.7,0.3,33,1,0.1991,False,untested,2
chat,1,0.7,0.3,33,2,2.83878,True,stopped,2
chat,1,0.7,0.3,34,0,0.0389,False,accepted,1
chat,1,0.7,0.3,34,1,2.87644,True,stopped,1
chat,1,0.7,0.3,35,0,1.17802,False,accepted,8
chat,1,0.7,0.3,35,1,1.81535,False,accepted,8
chat,1,0.7,0.3,35,2,2.07481,False,accepted,8
chat,1,0.7,0.3,35,3,0.55536,False,accepted,8
chat,1,0.7,0.3,35,4,0.62903,False,accepted,8
chat,1,0.7,0.3,35,5,1.67245,False,rejected,8
chat,1,0.7,0.3,35,6,1.37245,False,untested,8
chat,1,0.7,0.3,35,7,1.0685,False,untested,8
chat,1,0.7,0.3,36,0,1.63291,False,accepted,8
chat,1,0.7,0.3,36,1,1.15295,False,accepted,8
chat,1,0.7,0.3,36,2,1.89588,False,rejected,8
chat,1,0.7,0.3,36,3,0.25454,False,untested,8
chat,1,0.7,0.3,36,4,1.35208,False,untested,8
chat,1,0.7,0.3,36,5,0.14303,False,untested,8
chat,1,0.7,0.3,36,6,0.42004,False,untested,8
chat,1,0.7,0.3,36,7,0.10275,False,untested,8
chat,1,0.7,0.3,37,0,0.50632,False,accepted,8
chat,1,0.7,0.3,37,1,0.85246,False,accepted,8
chat,1,0.7,0.3,37,2,0.75559,False,rejected,8
chat,1,0.7,0.3,37,3,0.02632,False,untested,8
chat,1,0.7,0.3,37,4,1e-05,False,untested,8
chat,1,0.7,0.3,37,5,0.0,False,untested,8
chat,1,0.7,0.3,37,6,0.0,False,untested,8
chat,1,0.7,0.3,37,7,2.08464,False,untested,8
chat,1,0.7,0.3,38,0,0.13067,False,accepted,8
chat,1,0.7,0.3,38,1,0.02941,False,accepted,8
chat,1,0.7,0.3,38,2,1e-05,False,accepted,8
chat,1,0.7,0.3,38,3,0.0,False,accepted,8
chat,1,0.7,0.3,38,4,0.0,False,accepted,8
chat,1,0.7,0.3,38,5,1.99865,False,rejected,8
chat,1,0.7,0.3,38,6,0.00073,False,untested,8
chat,1,0.7,0.3,38,7,0.74786,False,untested,8
chat,1,0.7,0.3,39,0,5e-05,False,accepted,7
chat,1,0.7,0.3,39,1,0.04497,False,accepted,7
chat,1,0.7,0.3,39,2,0.01726,False,accepted,7
chat,1,0.7,0.3,39,3,3e-05,False,accepted,7
chat,1,0.7,0.3,39,4,0.02271,False,accepted,7
chat,1,0.7,0.3,39,5,0.30375,False,rejected,7
chat,1,0.7,0.3,39,6,1.15036,False,untested,7
chat,1,0.7,0.3,39,7,2.64723,True,stopped,7
chat,1,0.7,0.3,40,0,0.08802,False,accepted,8
chat,1,0.7,0.3,40,1,1.73244,False,accepted,8
chat,1,0.7,0.3,40,2,0.87794,False,accepted,8
chat,1,0.7,0.3,40,3,0.04618,False,accepted,8
chat,1,0.7,0.3,40,4,1.0361,False,accepted,8
chat,1,0.7,0.3,40,5,1.12594,False,rejected,8
chat,1,0.7,0.3,40,6,0.11088,False,untested,8
chat,1,0.7,0.3,40,7,0.10942,False,untested,8
chat,1,0.7,0.3,41,0,0.00412,False,accepted,8
chat,1,0.7,0.3,41,1,0.72827,False,accepted,8
chat,1,0.7,0.3,41,2,0.15697,False,accepted,8
chat,1,0.7,0.3,41,3,0.4373,False,rejected,8
chat,1,0.7,0.3,41,4,0.89912,False,untested,8
chat,1,0.7,0.3,41,5,1.31386,False,untested,8
chat,1,0.7,0.3,41,6,1.03082,False,untested,8
chat,1,0.7,0.3,41,7,0.19082,False,untested,8
chat,1,0.7,0.3,42,0,0.33203,False,accepted,5
chat,1,0.7,0.3,42,1,0.02935,False,accepted,5
chat,1,0.7,0.3,42,2,1.18635,False,rejected,5
chat,1,0.7,0.3,42,3,1.14423,False,untested,5
chat,1,0.7,0.3,42,4,0.00111,False,untested,5
chat,1,0.7,0.3,43,0,1.54204,False,rejected,2
chat,1,0.7,0.3,43,1,0.07707,False,untested,2
chat,1,0.7,0.3,44,0,0.08531,False,accepted,1
chat,1,0.7,0.5,0,0,1.32821,False,rejected,2
chat,1,0.7,0.5,0,1,0.00014,False,untested,2
chat,1,0.7,0.5,0,2,1.71177,True,stopped,2
chat,1,0.7,0.5,1,0,0.00996,False,accepted,8
chat,1,0.7,0.5,1,1,0.68067,False,accepted,8
chat,1,0.7,0.5,1,2,0.00084,False,accepted,8
chat,1,0.7,0.5,1,3,0.00107,False,accepted,8
chat,1,0.7,0.5,1,4,0.07024,False,rejected,8
chat,1,0.7,0.5,1,5,0.95358,False,untested,8
chat,1,0.7,0.5,1,6,0.10378,False,untested,8
chat,1,0.7,0.5,1,7,5e-05,False,untested,8
chat,1,0.7,0.5,2,0,0.14234,False,accepted,8
chat,1,0.7,0.5,2,1,0.63607,False,accepted,8
chat,1,0.7,0.5,2,2,0.11294,False,accepted,8
chat,1,0.7,0.5,2,3,5e-05,False,accepted,8
chat,1,0.7,0.5,2,4,0.23036,False,accepted,8
chat,1,0.7,0.5,2,5,0.00078,False,accepted,8
chat,1,0.7,0.5,2,6,0.01009,False,accepted,8
chat,1,0.7,0.5,2,7,0.00321,False,accepted,8
chat,1,0.7,0.5,3,0,0.02841,False,accepted,5
chat,1,0.7,0.5,3,1,1e-05,False,accepted,5
chat,1,0.7,0.5,3,2,0.05386,False,accepted,5
chat,1,0.7,0.5,3,3,1.19593,False,accepted,5
chat,1,0.7,0.5,3,4,0.01506,False,accepted,5
chat,1,0.7,0.5,3,5,2.04868,True,stopped,5
chat,1,0.7,0.5,4,0,0.84321,False,rejected,2
chat,1,0.7,0.5,4,1,0.47223,False,untested,2
chat,1,0.7,0.5,4,2,2.46475,True,stopped,2
chat,1,0.7,0.5,5,0,0.19132,False,accepted,1
chat,1,0.7,0.5,5,1,2.076,True,stopped,1
chat,1,0.7,0.5,6,0,0.30656,False,accepted,4
chat,1,0.7,0.5,6,1,0.0437,False,accepted,4
chat,1,0.7,0.5,6,2,0.96847,False,accepted,4
chat,1,0.7,0.5,6,3,1.02888,False,accepted,4
chat,1,0.7,0.5,6,4,1.62672,True,stopped,4
chat,1,0.7,0.5,7,0,1.19083,False,accepted,1
chat,1,0.7,0.5,7,1,1.50523,True,stopped,1
chat,1,0.7,0.5,8,0,0.58842,False,accepted,1
chat,1,0.7,0.5,8,1,1.71098,True,stopped,1
chat,1,0.7,0.5,9,0,0.50456,False,accepted,1
chat,1,0.7,0.5,9,1,1.60048,True,stopped,1
chat,1,0.7,0.5,10,0,0.68603,False,accepted,3
chat,1,0.7,0.5,10,1,0.91291,False,accepted,3
chat,1,0.7,0.5,10,2,0.0164,False,rejected,3
chat,1,0.7,0.5,10,3,1.40373,True,stopped,3
chat,1,0.7,0.5,11,0,0.46459,False,rejected,3
chat,1,0.7,0.5,11,1,0.16523,False,untested,3
chat,1,0.7,0.5,11,2,1.02774,False,untested,3
chat,1,0.7,0.5,11,3,1.41519,True,stopped,3
chat,1,0.7,0.5,12,0,1.49571,False,rejected,5
chat,1,0.7,0.5,12,1,0.00626,False,untested,5
chat,1,0.7,0.5,12,2,0.79062,False,untested,5
chat,1,0.7,0.5,12,3,1.10853,False,untested,5
chat,1,0.7,0.5,12,4,1.14509,False,untested,5
chat,1,0.7,0.5,12,5,1.73677,True,stopped,5
chat,1,0.7,0.5,13,0,0.04576,False,accepted,4
chat,1,0.7,0.5,13,1,0.47665,False,accepted,4
chat,1,0.7,0.5,13,2,1.10559,False,accepted,4
chat,1,0.7,0.5,13,3,0.86381,False,accepted,4
chat,1,0.7,0.5,13,4,1.91238,True,stopped,4
chat,1,0.7,0.5,14,0,0.72304,False,rejected,7
chat,1,0.7,0.5,14,1,1.07866,False,untested,7
chat,1,0.7,0.5,14,2,0.43399,False,untested,7
chat,1,0.7,0.5,14,3,1e-05,False,untested,7
chat,1,0.7,0.5,14,4,0.0,False,untested,7
chat,1,0.7,0.5,14,5,0.33116,False,untested,7
chat,1,0.7,0.5,14,6,0.37011,False,untested,7
chat,1,0.7,0.5,14,7,1.47078,True,stopped,7
chat,1,0.7,0.5,15,0,1.04568,False,accepted,6
chat,1,0.7,0.5,15,1,0.05464,False,accepted,6
chat,1,0.7,0.5,15,2,0.00027,False,accepted,6
chat,1,0.7,0.5,15,3,9e-05,False,accepted,6
chat,1,0.7,0.5,15,4,0.44803,False,accepted,6
chat,1,0.7,0.5,15,5,0.24784,False,accepted,6
chat,1,0.7,0.5,15,6,1.4036,True,stopped,6
chat,1,0.7,0.5,16,0,1.38292,False,rejected,1
chat,1,0.7,0.5,16,1,1.39817,True,stopped,1
chat,1,0.7,0.5,17,0,1.88849,False,rejected,5
chat,1,0.7,0.5,17,1,0.90696,False,untested,5
chat,1,0.7,0.5,17,2,0.02911,False,untested,5
chat,1,0.7,0.5,17,3,0.33159,False,untested,5
chat,1,0.7,0.5,17,4,1.10486,False,untested,5
chat,1,0.7,0.5,17,5,1.26144,True,stopped,5
chat,1,0.7,0.5,18,0,1.04494,False,rejected,3
chat,1,0.7,0.5,18,1,0.30715,False,untested,3
chat,1,0.7,0.5,18,2,0.83515,False,untested,3
chat,1,0.7,0.5,18,3,1.36478,True,stopped,3
chat,1,0.7,0.5,19,0,1.16646,False,accepted,7
chat,1,0.7,0.5,19,1,0.89146,False,accepted,7
chat,1,0.7,0.5,19,2,0.31422,False,accepted,7
chat,1,0.7,0.5,19,3,0.82032,False,accepted,7
chat,1,0.7,0.5,19,4,1.03004,False,rejected,7
chat,1,0.7,0.5,19,5,0.00066,False,untested,7
chat,1,0.7,0.5,19,6,0.68314,False,untested,7
chat,1,0.7,0.5,19,7,2.83075,True,stopped,7
chat,1,0.7,0.5,20,0,1.89683,False,accepted,2
chat,1,0.7,0.5,20,1,0.0021,False,accepted,2
chat,1,0.7,0.5,20,2,1.19291,True,stopped,2
chat,1,0.7,0.5,21,0,0.26329,False,accepted,2
chat,1,0.7,0.5,21,1,0.87083,False,rejected,2
chat,1,0.7,0.5,21,2,2.92312,True,stopped,2
chat,1,0.7,0.5,22,0,2.80153,False,accepted,4
chat,1,0.7,0.5,22,1,0.31081,False,accepted,4
chat,1,0.7,0.5,22,2,0.54957,False,accepted,4
chat,1,0.7,0.5,22,3,0.41264,False,accepted,4
chat,1,0.7,0.5,22,4,1.49742,True,stopped,4
chat,1,0.7,0.5,23,0,1.82529,False,rejected,1
chat,1,0.7,0.5,23,1,2.12547,True,stopped,1
chat,1,0.7,0.5,24,0,0.3574,False,accepted,1
chat,1,0.7,0.5,24,1,1.88313,True,stopped,1
chat,1,0.7,0.5,25,0,0.00047,False,accepted,1
chat,1,0.7,0.5,25,1,1.87422,True,stopped,1
chat,1,0.7,0.5,26,0,0.79536,False,rejected,3
chat,1,0.7,0.5,26,1,0.00104,False,untested,3
chat,1,0.7,0.5,26,2,0.07252,False,untested,3
chat,1,0.7,0.5,26,3,1.6069,True,stopped,3
chat,1,0.7,0.5,27,0,0.00323,False,accepted,2
chat,1,0.7,0.5,27,1,0.07579,False,accepted,2
chat,1,0.7,0.5,27,2,1.70089,True,stopped,2
chat,1,0.7,0.5,28,0,1.66072,False,rejected,6
chat,1,0.7,0.5,28,1,0.84597,False,untested,6
chat,1,0.7,0.5,28,2,0.28601,False,untested,6
chat,1,0.7,0.5,28,3,4e-05,False,untested,6
chat,1,0.7,0.5,28,4,0.0,False,untested,6
chat,1,0.7,0.5,28,5,0.0,False,untested,6
chat,1,0.7,0.5,28,6,1.87305,True,stopped,6
chat,1,0.7,0.5,29,0,1.77704,False,accepted,1
chat,1,0.7,0.5,29,1,1.33882,True,stopped,1
chat,1,0.7,0.5,30,0,0.19858,False,rejected,4
chat,1,0.7,0.5,30,1,4e-05,False,untested,4
chat,1,0.7,0.5,30,2,0.0,False,untested,4
chat,1,0.7,0.5,30,3,0.0,False,untested,4
chat,1,0.7,0.5,30,4,1.83023,True,stopped,4
chat,1,0.7,0.5,31,0,2.35673,False,rejected,4
chat,1,0.7,0.5,31,1,0.17076,False,untested,4
chat,1,0.7,0.5,31,2,0.41782,False,untested,4
chat,1,0.7,0.5,31,3,0.07023,False,untested,4
chat,1,0.7,0.5,31,4,1.61924,True,stopped,4
chat,1,0.7,0.5,32,0,0.07294,False,accepted,2
chat,1,0.7,0.5,32,1,0.4657,False,accepted,2
chat,1,0.7,0.5,32,2,1.64087,True,stopped,2
chat,1,0.7,0.5,33,0,1.96194,False,rejected,2
chat,1,0.7,0.5,33,1,0.06291,False,untested,2
chat,1,0.7,0.5,33,2,1.16105,True,stopped,2
chat,1,0.7,0.5,34,0,1.7856,False,rejected,3
chat,1,0.7,0.5,34,1,0.02809,False,untested,3
chat,1,0.7,0.5,34,2,0.24918,False,untested,3
chat,1,0.7,0.5,34,3,1.65717,True,stopped,3
chat,1,0.7,0.5,35,0,0.5945,False,accepted,1
chat,1,0.7,0.5,35,1,2.10549,True,stopped,1
chat,1,0.7,0.5,36,0,1.26965,False,accepted,7
chat,1,0.7,0.5,36,1,0.86582,False,rejected,7
chat,1,0.7,0.5,36,2,0.44458,False,untested,7
chat,1,0.7,0.5,36,3,0.33401,False,untested,7
chat,1,0.7,0.5,36,4,0.25453,False,untested,7
chat,1,0.7,0.5,36,5,0.00055,False,untested,7
chat,1,0.7,0.5,36,6,0.00923,False,untested,7
chat,1,0.7,0.5,36,7,1.38556,True,stopped,7
chat,1,0.7,0.5,37,0,0.27559,False,accepted,4
chat,1,0.7,0.5,37,1,0.00085,False,accepted,4
chat,1,0.7,0.5,37,2,0.06695,False,accepted,4
chat,1,0.7,0.5,37,3,0.03592,False,accepted,4
chat,1,0.7,0.5,37,4,2.09751,True,stopped,4
chat,1,0.7,0.5,38,0,0.30647,False,accepted,3
chat,1,0.7,0.5,38,1,0.99252,False,accepted,3
chat,1,0.7,0.5,38,2,0.15802,False,accepted,3
chat,1,0.7,0.5,38,3,1.97613,True,stopped,3
chat,1,0.7,0.5,39,0,1.79883,False,accepted,1
chat,1,0.7,0.5,39,1,1.35777,True,stopped,1
chat,1,0.7,0.5,40,0,1.4289,False,accepted,2
chat,1,0.7,0.5,40,1,0.56434,False,accepted,2
chat,1,0.7,0.5,40,2,1.11878,True,stopped,2
chat,1,0.7,0.5,41,0,1.56036,False,rejected,8
chat,1,0.7,0.5,41,1,0.34515,False,untested,8
chat,1,0.7,0.5,41,2,0.0,False,untested,8
chat,1,0.7,0.5,41,3,0.37913,False,untested,8
chat,1,0.7,0.5,41,4,0.00074,False,untested,8
chat,1,0.7,0.5,41,5,0.02748,False,untested,8
chat,1,0.7,0.5,41,6,2e-05,False,untested,8
chat,1,0.7,0.5,41,7,0.0,False,untested,8
chat,1,0.7,0.5,42,0,0.0639,False,accepted,5
chat,1,0.7,0.5,42,1,0.02277,False,accepted,5
chat,1,0.7,0.5,42,2,2e-05,False,accepted,5
chat,1,0.7,0.5,42,3,0.0,False,accepted,5
chat,1,0.7,0.5,42,4,0.0,False,accepted,5
chat,1,0.7,0.5,42,5,1.90734,True,stopped,5
chat,1,0.7,0.5,43,0,6e-05,False,accepted,6
chat,1,0.7,0.5,43,1,0.03206,False,accepted,6
chat,1,0.7,0.5,43,2,0.00798,False,accepted,6
chat,1,0.7,0.5,43,3,1e-05,False,accepted,6
chat,1,0.7,0.5,43,4,0.00561,False,accepted,6
chat,1,0.7,0.5,43,5,0.19382,False,accepted,6
chat,1,0.7,0.5,43,6,1.3443,True,stopped,6
chat,1,0.7,0.5,44,0,2.67364,False,accepted,5
chat,1,0.7,0.5,44,1,0.00416,False,accepted,5
chat,1,0.7,0.5,44,2,0.00063,False,accepted,5
chat,1,0.7,0.5,44,3,1.03608,False,accepted,5
chat,1,0.7,0.5,44,4,0.00028,False,accepted,5
chat,1,0.7,0.9,0,0,1.32821,False,rejected,2
chat,1,0.7,0.9,0,1,0.00014,False,untested,2
chat,1,0.7,0.9,0,2,1.71177,True,stopped,2
chat,1,0.7,0.9,1,0,0.00996,False,accepted,1
chat,1,0.7,0.9,1,1,0.68067,True,stopped,1
chat,1,0.7,0.9,2,0,0.00084,False,accepted,2
chat,1,0.7,0.9,2,1,0.00107,False,accepted,2
chat,1,0.7,0.9,2,2,0.07024,True,stopped,2
chat,1,0.7,0.9,3,0,0.14234,False,accepted,1
chat,1,0.7,0.9,3,1,0.63607,True,stopped,1
chat,1,0.7,0.9,4,0,0.11294,False,accepted,2
chat,1,0.7,0.9,4,1,5e-05,False,accepted,2
chat,1,0.7,0.9,4,2,0.23036,True,stopped,2
chat,1,0.7,0.9,5,0,0.00078,False,accepted,6
chat,1,0.7,0.9,5,1,0.01009,False,accepted,6
chat,1,0.7,0.9,5,2,0.00321,False,accepted,6
chat,1,0.7,0.9,5,3,0.01813,False,accepted,6
chat,1,0.7,0.9,5,4,0.02794,False,accepted,6
chat,1,0.7,0.9,5,5,1e-05,False,accepted,6
chat,1,0.7,0.9,5,6,0.05388,True,stopped,6
chat,1,0.7,0.9,6,0,1.18959,False,rejected,1
chat,1,0.7,0.9,6,1,0.69416,True,stopped,1
chat,1,0.7,0.9,7,0,0.01506,False,accepted,1
chat,1,0.7,0.9,7,1,2.05555,True,stopped,1
chat,1,0.7,0.9,8,0,0.0,False,accepted,1
chat,1,0.7,0.9,8,1,0.3439,True,stopped,1
chat,1,0.7,0.9,9,0,0.21355,False,accepted,1
chat,1,0.7,0.9,9,1,0.25543,True,stopped,1
chat,1,0.7,0.9,10,0,0.02564,False,accepted,2
chat,1,0.7,0.9,10,1,0.01075,False,accepted,2
chat,1,0.7,0.9,10,2,0.05084,True,stopped,2
chat,1,0.7,0.9,11,0,1.49402,False,rejected,1
chat,1,0.7,0.9,11,1,2.35564,True,stopped,1
chat,1,0.7,0.9,12,0,0.27523,False,rejected,1
chat,1,0.7,0.9,12,1,0.2335,True,stopped,1
chat,1,0.7,0.9,13,0,0.11617,False,accepted,1
chat,1,0.7,0.9,13,1,0.0687,True,stopped,1
chat,1,0.7,0.9,14,0,1.20674,False,accepted,1
chat,1,0.7,0.9,14,1,1.20377,True,stopped,1
chat,1,0.7,0.9,15,0,0.13675,False,accepted,1
chat,1,0.7,0.9,15,1,0.64683,True,stopped,1
chat,1,0.7,0.9,16,0,1.82146,False,accepted,1
chat,1,0.7,0.9,16,1,0.53055,True,stopped,1
chat,1,0.7,0.9,17,0,0.68254,False,accepted,1
chat,1,0.7,0.9,17,1,1.28037,True,stopped,1
chat,1,0.7,0.9,18,0,0.03644,False,accepted,1
chat,1,0.7,0.9,18,1,0.11161,True,stopped,1
chat,1,0.7,0.9,19,0,0.86663,False,rejected,1
chat,1,0.7,0.9,19,1,1.13441,True,stopped,1
chat,1,0.7,0.9,20,0,1.09558,False,accepted,1
chat,1,0.7,0.9,20,1,1.18032,True,stopped,1
chat,1,0.7,0.9,21,0,0.32613,False,accepted,1
chat,1,0.7,0.9,21,1,0.45554,True,stopped,1
chat,1,0.7,0.9,22,0,0.39985,False,accepted,1
chat,1,0.7,0.9,22,1,0.21941,True,stopped,1
chat,1,0.7,0.9,23,0,1.05226,False,accepted,1
chat,1,0.7,0.9,23,1,1.08228,True,stopped,1
chat,1,0.7,0.9,24,0,1.34991,False,accepted,1
chat,1,0.7,0.9,24,1,0.71144,True,stopped,1
chat,1,0.7,0.9,25,0,0.66606,False,accepted,1
chat,1,0.7,0.9,25,1,0.88324,True,stopped,1
chat,1,0.7,0.9,26,0,1.39443,False,accepted,1
chat,1,0.7,0.9,26,1,1.04823,True,stopped,1
chat,1,0.7,0.9,27,0,0.4659,False,accepted,1
chat,1,0.7,0.9,27,1,1.14062,True,stopped,1
chat,1,0.7,0.9,28,0,1.87264,False,rejected,1
chat,1,0.7,0.9,28,1,0.12624,True,stopped,1
chat,1,0.7,0.9,29,0,0.4613,False,accepted,1
chat,1,0.7,0.9,29,1,1.25087,True,stopped,1
chat,1,0.7,0.9,30,0,2.06653,False,rejected,2
chat,1,0.7,0.9,30,1,1e-05,False,untested,2
chat,1,0.7,0.9,30,2,1.2896,True,stopped,2
chat,1,0.7,0.9,31,0,0.00015,False,accepted,1
chat,1,0.7,0.9,31,1,0.62456,True,stopped,1
chat,1,0.7,0.9,32,0,0.01502,False,accepted,2
chat,1,0.7,0.9,32,1,0.0,False,accepted,2
chat,1,0.7,0.9,32,2,1.14262,True,stopped,2
chat,1,0.7,0.9,33,0,0.02527,False,accepted,1
chat,1,0.7,0.9,33,1,2.17525,True,stopped,1
chat,1,0.7,0.9,34,0,1.38187,False,rejected,1
chat,1,0.7,0.9,34,1,0.1715,True,stopped,1
chat,1,0.7,0.9,35,0,0.80166,False,accepted,1
chat,1,0.7,0.9,35,1,1.82506,True,stopped,1
chat,1,0.7,0.9,36,0,2.74972,False,rejected,1
chat,1,0.7,0.9,36,1,0.84,True,stopped,1
chat,1,0.7,0.9,37,0,1.70981,False,rejected,1
chat,1,0.7,0.9,37,1,0.18327,True,stopped,1
chat,1,0.7,0.9,38,0,0.78515,False,rejected,1
chat,1,0.7,0.9,38,1,0.57297,True,stopped,1
chat,1,0.7,0.9,39,0,1.82856,False,rejected,1
chat,1,0.7,0.9,39,1,0.83538,True,stopped,1
chat,1,0.7,0.9,40,0,1.13484,False,accepted,1
chat,1,0.7,0.9,40,1,0.86529,True,stopped,1
chat,1,0.7,0.9,41,0,0.16958,False,accepted,1
chat,1,0.7,0.9,41,1,0.3739,True,stopped,1
chat,1,0.7,0.9,42,0,0.00377,False,accepted,3
chat,1,0.7,0.9,42,1,0.00038,False,accepted,3
chat,1,0.7,0.9,42,2,0.00033,False,accepted,3
chat,1,0.7,0.9,42,3,0.0443,True,stopped,3
chat,1,0.7,0.9,43,0,0.95703,False,accepted,1
chat,1,0.7,0.9,43,1,0.71803,True,stopped,1
chat,1,0.7,0.9,44,0,0.86766,False,accepted,1
chat,1,0.7,0.9,44,1,0.61093,True,stopped,1
chat,1,0.7,0.9,45,0,1.4852,False,accepted,1
chat,1,0.7,0.9,45,1,0.8756,True,stopped,1
chat,1,0.7,0.9,46,0,2.06501,False,accepted,1
chat,1,0.7,0.9,46,1,0.65707,True,stopped,1
chat,1,0.7,0.9,47,0,0.84552,False,accepted,4
chat,1,0.7,0.9,47,1,0.00374,False,accepted,4
chat,1,0.7,0.9,47,2,3e-05,False,accepted,4
chat,1,0.7,0.9,47,3,0.04232,False,accepted,4
chat,1,0.7,0.9,47,4,0.78216,True,stopped,4
chat,1,0.7,0.9,48,0,0.05747,False,accepted,3
chat,1,0.7,0.9,48,1,0.02114,False,accepted,3
chat,1,0.7,0.9,48,2,0.0011,False,accepted,3
chat,1,0.7,0.9,48,3,0.14534,True,stopped,3
chat,1,0.7,0.9,49,0,2e-05,False,accepted,3
chat,1,0.7,0.9,49,1,0.00074,False,accepted,3
chat,1,0.7,0.9,49,2,0.00344,False,accepted,3
chat,1,0.7,0.9,49,3,0.9757,True,stopped,3
chat,1,0.7,0.9,50,0,1.33868,False,rejected,2
chat,1,0.7,0.9,50,1,0.03012,False,untested,2
chat,1,0.7,0.9,50,2,0.22178,True,stopped,2
chat,1,0.7,0.9,51,0,1.17496,False,accepted,1
chat,1,0.7,0.9,51,1,1.93971,True,stopped,1
chat,1,0.7,0.9,52,0,0.88723,False,rejected,1
chat,1,0.7,0.9,52,1,0.07207,True,stopped,1
chat,1,0.7,0.9,53,0,0.04336,False,accepted,1
chat,1,0.7,0.9,53,1,0.79387,True,stopped,1
chat,1,0.7,0.9,54,0,0.11285,False,accepted,2
chat,1,0.7,0.9,54,1,0.04018,False,accepted,2
chat,1,0.7,0.9,54,2,0.31573,True,stopped,2
chat,1,0.7,0.9,55,0,1.42885,False,rejected,1
chat,1,0.7,0.9,55,1,0.19969,True,stopped,1
chat,1,0.7,0.9,56,0,0.52836,False,accepted,1
chat,1,0.7,0.9,56,1,0.2445,True,stopped,1
chat,1,0.7,0.9,57,0,0.26357,False,accepted,1
chat,1,0.7,0.9,57,1,0.53838,True,stopped,1
chat,1,0.7,0.9,58,0,0.10604,False,accepted,3
chat,1,0.7,0.9,58,1,0.00075,False,accepted,3
chat,1,0.7,0.9,58,2,0.00063,False,accepted,3
chat,1,0.7,0.9,58,3,0.76977,True,stopped,3
chat,1,0.7,0.9,59,0,0.02801,False,accepted,2
chat,1,0.7,0.9,59,1,0.0,False,accepted,2
chat,1,0.7,0.9,59,2,2.57256,True,stopped,2
chat,2,0.0,0.7,0,0,3.24141,False,rejected,2
chat,2,0.0,0.7,0,1,0.21067,False,untested,2
chat,2,0.0,0.7,0,2,2.72042,True,stopped,2
chat,2,0.0,0.7,1,0,0.61166,False,accepted,2
chat,2,0.0,0.7,1,1,0.34046,False,accepted,2
chat,2,0.0,0.7,1,2,0.64412,True,stopped,2
chat,2,0.0,0.7,2,0,0.4121,False,accepted,1
chat,2,0.0,0.7,2,1,1.2277,True,stopped,1
chat,2,0.0,0.7,3,0,3.00441,False,rejected,2
chat,2,0.0,0.7,3,1,0.00034,False,untested,2
chat,2,0.0,0.7,3,2,0.77314,True,stopped,2
chat,2,0.0,0.7,4,0,0.08968,False,accepted,1
chat,2,0.0,0.7,4,1,0.96734,True,stopped,1
chat,2,0.0,0.7,5,0,2.59841,False,accepted,1
chat,2,0.0,0.7,5,1,1.14859,True,stopped,1
chat,2,0.0,0.7,6,0,1.65085,False,rejected,1
chat,2,0.0,0.7,6,1,1.27975,True,stopped,1
chat,2,0.0,0.7,7,0,1.35909,False,rejected,1
chat,2,0.0,0.7,7,1,1.48321,True,stopped,1
chat,2,0.0,0.7,8,0,0.15301,False,accepted,1
chat,2,0.0,0.7,8,1,0.63136,True,stopped,1
chat,2,0.0,0.7,9,0,1.3052,False,accepted,1
chat,2,0.0,0.7,9,1,1.26511,True,stopped,1
chat,2,0.0,0.7,10,0,1.20115,False,rejected,1
chat,2,0.0,0.7,10,1,1.095,True,stopped,1
chat,2,0.0,0.7,11,0,1.19913,False,accepted,1
chat,2,0.0,0.7,11,1,1.45363,True,stopped,1
chat,2,0.0,0.7,12,0,2.14172,False,accepted,2
chat,2,0.0,0.7,12,1,0.29051,False,accepted,2
chat,2,0.0,0.7,12,2,2.23905,True,stopped,2
chat,2,0.0,0.7,13,0,1.24051,False,rejected,2
chat,2,0.0,0.7,13,1,0.3276,False,untested,2
chat,2,0.0,0.7,13,2,4.05405,True,stopped,2
chat,2,0.0,0.7,14,0,0.02388,False,accepted,2
chat,2,0.0,0.7,14,1,0.40653,False,accepted,2
chat,2,0.0,0.7,14,2,4.36458,True,stopped,2
chat,2,0.0,0.7,15,0,1.78868,False,rejected,1
chat,2,0.0,0.7,15,1,0.96528,True,stopped,1
chat,2,0.0,0.7,16,0,1.04494,False,rejected,1
chat,2,0.0,0.7,16,1,1.10374,True,stopped,1
chat,2,0.0,0.7,17,0,1.08499,False,accepted,1
chat,2,0.0,0.7,17,1,0.41309,True,stopped,1
chat,2,0.0,0.7,18,0,0.72963,False,rejected,1
chat,2,0.0,0.7,18,1,0.69531,True,stopped,1
chat,2,0.0,0.7,19,0,0.46767,False,accepted,2
chat,2,0.0,0.7,19,1,0.19675,False,accepted,2
chat,2,0.0,0.7,19,2,0.61137,True,stopped,2
chat,2,0.0,0.7,20,0,1.0716,False,rejected,8
chat,2,0.0,0.7,20,1,0.00888,False,untested,8
chat,2,0.0,0.7,20,2,0.01038,False,untested,8
chat,2,0.0,0.7,20,3,0.14074,False,untested,8
chat,2,0.0,0.7,20,4,0.07629,False,untested,8
chat,2,0.0,0.7,20,5,0.00086,False,untested,8
chat,2,0.0,0.7,20,6,0.10994,False,untested,8
chat,2,0.0,0.7,20,7,0.38469,False,untested,8
chat,2,0.0,0.7,21,0,0.02752,False,accepted,3
chat,2,0.0,0.7,21,1,0.01,False,accepted,3
chat,2,0.0,0.7,21,2,0.14826,False,accepted,3
chat,2,0.0,0.7,21,3,0.5171,True,stopped,3
chat,2,0.0,0.7,22,0,1.66569,False,rejected,3
chat,2,0.0,0.7,22,1,0.0083,False,untested,3
chat,2,0.0,0.7,22,2,0.00656,False,untested,3
chat,2,0.0,0.7,22,3,1.92426,True,stopped,3
chat,2,0.0,0.7,23,0,1.4809,False,rejected,1
chat,2,0.0,0.7,23,1,0.90253,True,stopped,1
chat,2,0.0,0.7,24,0,0.7687,False,accepted,2
chat,2,0.0,0.7,24,1,0.02897,False,accepted,2
chat,2,0.0,0.7,24,2,1.76251,True,stopped,2
chat,2,0.0,0.7,25,0,0.21685,False,accepted,1
chat,2,0.0,0.7,25,1,1.20899,True,stopped,1
chat,2,0.0,0.7,26,0,2.48286,False,accepted,2
chat,2,0.0,0.7,26,1,0.07633,False,accepted,2
chat,2,0.0,0.7,26,2,1.14468,True,stopped,2
chat,2,0.0,0.7,27,0,2.99151,False,rejected,1
chat,2,0.0,0.7,27,1,3.70472,True,stopped,1
chat,2,0.0,0.7,28,0,0.44163,False,accepted,2
chat,2,0.0,0.7,28,1,0.00066,False,accepted,2
chat,2,0.0,0.7,28,2,0.83301,True,stopped,2
chat,2,0.0,0.7,29,0,2.12291,False,rejected,2
chat,2,0.0,0.7,29,1,0.2775,False,untested,2
chat,2,0.0,0.7,29,2,0.65893,True,stopped,2
chat,2,0.0,0.7,30,0,2.49096,False,rejected,1
chat,2,0.0,0.7,30,1,3.40687,True,stopped,1
chat,2,0.0,0.7,31,0,0.55321,False,accepted,1
chat,2,0.0,0.7,31,1,2.88084,True,stopped,1
chat,2,0.0,0.7,32,0,1.89503,False,accepted,1
chat,2,0.0,0.7,32,1,0.53788,True,stopped,1
chat,2,0.0,0.7,33,0,1.98686,False,rejected,1
chat,2,0.0,0.7,33,1,3.41484,True,stopped,1
chat,2,0.0,0.7,34,0,3.23968,False,rejected,1
chat,2,0.0,0.7,34,1,2.0876,True,stopped,1
chat,2,0.0,0.7,35,0,3.2704,False,rejected,2
chat,2,0.0,0.7,35,1,0.05865,False,untested,2
chat,2,0.0,0.7,35,2,1.2458,True,stopped,2
chat,2,0.0,0.7,36,0,2.12284,False,accepted,1
chat,2,0.0,0.7,36,1,1.39309,True,stopped,1
chat,2,0.0,0.7,37,0,0.94649,False,accepted,1
chat,2,0.0,0.7,37,1,2.50443,True,stopped,1
chat,2,0.0,0.7,38,0,2.354,False,accepted,1
chat,2,0.0,0.7,38,1,2.9413,True,stopped,1
chat,2,0.0,0.7,39,0,0.60278,False,accepted,1
chat,2,0.0,0.7,39,1,2.63935,True,stopped,1
chat,2,0.0,0.7,40,0,1.72561,False,rejected,1
chat,2,0.0,0.7,40,1,1.77299,True,stopped,1
chat,2,0.0,0.7,41,0,1.39399,False,accepted,1
chat,2,0.0,0.7,41,1,2.4299,True,stopped,1
chat,2,0.0,0.7,42,0,0.05303,False,accepted,1
chat,2,0.0,0.7,42,1,0.42316,True,stopped,1
chat,2,0.0,0.7,43,0,0.36438,False,accepted,4
chat,2,0.0,0.7,43,1,0.09697,False,accepted,4
chat,2,0.0,0.7,43,2,0.08862,False,accepted,4
chat,2,0.0,0.7,43,3,0.00793,False,accepted,4
chat,2,0.0,0.7,43,4,0.64378,True,stopped,4
chat,2,0.0,0.7,44,0,0.59899,False,accepted,1
chat,2,0.0,0.7,44,1,0.45443,True,stopped,1
chat,2,0.0,0.7,45,0,1.02381,False,rejected,3
chat,2,0.0,0.7,45,1,0.30799,False,untested,3
chat,2,0.0,0.7,45,2,0.00014,False,untested,3
chat,2,0.0,0.7,45,3,0.76035,True,stopped,3
chat,2,0.0,0.7,46,0,2.09366,False,accepted,2
chat,2,0.0,0.7,46,1,0.23593,False,accepted,2
chat,2,0.0,0.7,46,2,2.50506,True,stopped,2
chat,2,0.0,0.7,47,0,1.89041,False,accepted,1
chat,2,0.0,0.7,47,1,2.566,True,stopped,1
chat,2,0.0,0.7,48,0,3.68503,False,accepted,1
chat,2,0.0,0.7,48,1,0.69785,True,stopped,1
chat,2,0.0,0.7,49,0,1.60604,False,accepted,1
chat,2,0.0,0.7,49,1,0.7043,True,stopped,1
chat,2,0.0,0.7,50,0,1.02141,False,accepted,6
chat,2,0.0,0.7,50,1,0.01703,False,accepted,6
chat,2,0.0,0.7,50,2,0.05938,False,accepted,6
chat,2,0.0,0.7,50,3,0.00854,False,accepted,6
chat,2,0.0,0.7,50,4,0.0141,False,accepted,6
chat,2,0.0,0.7,50,5,0.09652,False,accepted,6
chat,2,0.0,0.7,50,6,1.2009,True,stopped,6
chat,2,0.0,0.7,51,0,3.261,False,accepted,1
chat,2,0.0,0.7,51,1,2.84726,True,stopped,1
chat,2,0.0,0.7,52,0,2.87987,False,rejected,1
chat,2,0.0,0.7,52,1,2.34685,True,stopped,1
chat,2,0.0,0.7,53,0,1.85057,False,accepted,1
chat,2,0.0,0.7,53,1,1.72186,True,stopped,1
chat,2,0.0,0.7,54,0,0.40615,False,accepted,2
chat,2,0.0,0.7,54,1,0.00015,False,accepted,2
chat,2,0.0,0.7,54,2,0.77103,True,stopped,2
chat,2,0.0,0.7,55,0,0.00969,False,accepted,4
chat,2,0.0,0.7,55,1,0.01884,False,accepted,4
chat,2,0.0,0.7,55,2,0.09802,False,accepted,4
chat,2,0.0,0.7,55,3,0.02247,False,accepted,4
chat,2,0.0,0.7,55,4,0.62483,True,stopped,4
chat,2,0.0,0.7,56,0,3.7395,False,rejected,1
chat,2,0.0,0.7,56,1,3.00967,True,stopped,1
chat,2,0.0,0.7,57,0,0.47145,False,accepted,1
chat,2,0.0,0.7,57,1,0.78898,True,stopped,1
chat,2,0.0,0.7,58,0,0.05042,False,accepted,1
chat,2,0.0,0.7,58,1,1.05075,True,stopped,1
chat,2,0.0,0.7,59,0,2.41833,False,accepted,1
chat,2,0.0,0.7,59,1,3.00116,True,stopped,1
chat,2,0.0,0.7,60,0,3.70283,False,accepted,1
chat,2,0.0,0.7,60,1,2.47463,True,stopped,1
chat,2,0.0,0.7,61,0,0.58416,False,accepted,1
chat,2,0.0,0.7,61,1,1.44714,True,stopped,1
chat,2,0.0,0.7,62,0,0.52343,False,accepted,1
chat,2,0.0,0.7,62,1,1.80265,True,stopped,1
chat,2,0.0,0.7,63,0,3.3086,False,rejected,1
chat,2,0.7,0.7,0,0,2.37013,False,rejected,1
chat,2,0.7,0.7,0,1,1.91196,True,stopped,1
chat,2,0.7,0.7,1,0,0.34064,False,rejected,5
chat,2,0.7,0.7,1,1,0.00021,False,untested,5
chat,2,0.7,0.7,1,2,0.09611,False,untested,5
chat,2,0.7,0.7,1,3,0.00134,False,untested,5
chat,2,0.7,0.7,1,4,0.10857,False,untested,5
chat,2,0.7,0.7,1,5,0.68037,True,stopped,5
chat,2,0.7,0.7,2,0,0.0682,False,accepted,1
chat,2,0.7,0.7,2,1,0.58208,True,stopped,1
chat,2,0.7,0.7,3,0,0.07526,False,accepted,1
chat,2,0.7,0.7,3,1,0.71413,True,stopped,1
chat,2,0.7,0.7,4,0,1.78072,False,rejected,7
chat,2,0.7,0.7,4,1,0.0,False,untested,7
chat,2,0.7,0.7,4,2,0.23588,False,untested,7
chat,2,0.7,0.7,4,3,0.01142,False,untested,7
chat,2,0.7,0.7,4,4,0.43807,False,untested,7
chat,2,0.7,0.7,4,5,0.07389,False,untested,7
chat,2,0.7,0.7,4,6,0.30175,False,untested,7
chat,2,0.7,0.7,4,7,0.89528,True,stopped,7
chat,2,0.7,0.7,5,0,0.01008,False,accepted,1
chat,2,0.7,0.7,5,1,0.55723,True,stopped,1
chat,2,0.7,0.7,6,0,1.72124,False,rejected,1
chat,2,0.7,0.7,6,1,3.32732,True,stopped,1
chat,2,0.7,0.7,7,0,0.35225,False,accepted,1
chat,2,0.7,0.7,7,1,1.19765,True,stopped,1
chat,2,0.7,0.7,8,0,0.97602,False,rejected,1
chat,2,0.7,0.7,8,1,0.73421,True,stopped,1
chat,2,0.7,0.7,9,0,0.01278,False,accepted,1
chat,2,0.7,0.7,9,1,0.46473,True,stopped,1
chat,2,0.7,0.7,10,0,0.95019,False,accepted,1
chat,2,0.7,0.7,10,1,0.73093,True,stopped,1
chat,2,0.7,0.7,11,0,0.54729,False,accepted,2
chat,2,0.7,0.7,11,1,0.00923,False,accepted,2
chat,2,0.7,0.7,11,2,0.8444,True,stopped,2
chat,2,0.7,0.7,12,0,0.01974,False,accepted,2
chat,2,0.7,0.7,12,1,0.0,False,accepted,2
chat,2,0.7,0.7,12,2,0.966,True,stopped,2
chat,2,0.7,0.7,13,0,1.43278,False,rejected,1
chat,2,0.7,0.7,13,1,0.78795,True,stopped,1
chat,2,0.7,0.7,14,0,1.16336,False,rejected,1
chat,2,0.7,0.7,14,1,1.151,True,stopped,1
chat,2,0.7,0.7,15,0,0.00461,False,accepted,3
chat,2,0.7,0.7,15,1,0.01878,False,accepted,3
chat,2,0.7,0.7,15,2,0.0001,False,accepted,3
chat,2,0.7,0.7,15,3,0.58993,True,stopped,3
chat,2,0.7,0.7,16,0,0.67374,False,rejected,3
chat,2,0.7,0.7,16,1,0.33092,False,untested,3
chat,2,0.7,0.7,16,2,0.09987,False,untested,3
chat,2,0.7,0.7,16,3,0.95851,True,stopped,3
chat,2,0.7,0.7,17,0,4e-05,False,accepted,2
chat,2,0.7,0.7,17,1,0.22697,False,accepted,2
chat,2,0.7,0.7,17,2,0.46252,True,stopped,2
chat,2,0.7,0.7,18,0,0.3915,False,rejected,3
chat,2,0.7,0.7,18,1,0.22924,False,untested,3
chat,2,0.7,0.7,18,2,0.12881,False,untested,3
chat,2,0.7,0.7,18,3,1.1745,True,stopped,3
chat,2,0.7,0.7,19,0,1.75999,False,rejected,1
chat,2,0.7,0.7,19,1,0.48724,True,stopped,1
chat,2,0.7,0.7,20,0,0.06042,False,rejected,3
chat,2,0.7,0.7,20,1,0.23296,False,untested,3
chat,2,0.7,0.7,20,2,0.00422,False,untested,3
chat,2,0.7,0.7,20,3,1.04997,True,stopped,3
chat,2,0.7,0.7,21,0,1.44761,False,rejected,3
chat,2,0.7,0.7,21,1,0.00559,False,untested,3
chat,2,0.7,0.7,21,2,0.35644,False,untested,3
chat,2,0.7,0.7,21,3,0.86522,True,stopped,3
chat,2,0.7,0.7,22,0,2.49015,False,accepted,4
chat,2,0.7,0.7,22,1,0.09483,False,accepted,4
chat,2,0.7,0.7,22,2,0.00852,False,accepted,4
chat,2,0.7,0.7,22,3,0.23292,False,rejected,4
chat,2,0.7,0.7,22,4,1.29837,True,stopped,4
chat,2,0.7,0.7,23,0,0.84118,False,accepted,1
chat,2,0.7,0.7,23,1,1.12634,True,stopped,1
chat,2,0.7,0.7,24,0,0.23133,False,accepted,2
chat,2,0.7,0.7,24,1,0.13147,False,rejected,2
chat,2,0.7,0.7,24,2,0.91822,True,stopped,2
chat,2,0.7,0.7,25,0,0.00762,False,accepted,1
chat,2,0.7,0.7,25,1,1.22326,True,stopped,1
chat,2,0.7,0.7,26,0,0.55447,False,accepted,4
chat,2,0.7,0.7,26,1,0.005,False,accepted,4
chat,2,0.7,0.7,26,2,0.02469,False,accepted,4
chat,2,0.7,0.7,26,3,0.23645,False,accepted,4
chat,2,0.7,0.7,26,4,1.34639,True,stopped,4
chat,2,0.7,0.7,27,0,0.43022,False,accepted,2
chat,2,0.7,0.7,27,1,0.03452,False,accepted,2
chat,2,0.7,0.7,27,2,0.60016,True,stopped,2
chat,2,0.7,0.7,28,0,0.79661,False,rejected,1
chat,2,0.7,0.7,28,1,1.28501,True,stopped,1
chat,2,0.7,0.7,29,0,1.30053,False,accepted,1
chat,2,0.7,0.7,29,1,0.75937,True,stopped,1
chat,2,0.7,0.7,30,0,0.0484,False,accepted,1
chat,2,0.7,0.7,30,1,1.57589,True,stopped,1
chat,2,0.7,0.7,31,0,1.23801,False,rejected,1
chat,2,0.7,0.7,31,1,1.51247,True,stopped,1
chat,2,0.7,0.7,32,0,1.01297,False,accepted,1
chat,2,0.7,0.7,32,1,1.40799,True,stopped,1
chat,2,0.7,0.7,33,0,0.84614,False,rejected,1
chat,2,0.7,0.7,33,1,1.96674,True,stopped,1
chat,2,0.7,0.7,34,0,2.09483,False,rejected,1
chat,2,0.7,0.7,34,1,2.13106,True,stopped,1
chat,2,0.7,0.7,35,0,1.24535,False,rejected,1
chat,2,0.7,0.7,35,1,2.01751,True,stopped,1
chat,2,0.7,0.7,36,0,1.9646,False,accepted,1
chat,2,0.7,0.7,36,1,0.51523,True,stopped,1
chat,2,0.7,0.7,37,0,0.4785,False,rejected,2
chat,2,0.7,0.7,37,1,0.00181,False,untested,2
chat,2,0.7,0.7,37,2,0.61095,True,stopped,2
chat,2,0.7,0.7,38,0,1.87363,False,rejected,1
chat,2,0.7,0.7,38,1,0.99832,True,stopped,1
chat,2,0.7,0.7,39,0,0.01665,False,accepted,1
chat,2,0.7,0.7,39,1,1.15053,True,stopped,1
chat,2,0.7,0.7,40,0,1.4696,False,rejected,2
chat,2,0.7,0.7,40,1,0.10173,False,untested,2
chat,2,0.7,0.7,40,2,0.95683,True,stopped,2
chat,2,0.7,0.7,41,0,1.4663,False,accepted,1
chat,2,0.7,0.7,41,1,2.75291,True,stopped,1
chat,2,0.7,0.7,42,0,0.01274,False,accepted,1
chat,2,0.7,0.7,42,1,1.32608,True,stopped,1
chat,2,0.7,0.7,43,0,0.00113,False,accepted,6
chat,2,0.7,0.7,43,1,0.0,False,accepted,6
chat,2,0.7,0.7,43,2,0.0,False,accepted,6
chat,2,0.7,0.7,43,3,0.00018,False,accepted,6
chat,2,0.7,0.7,43,4,0.00378,False,accepted,6
chat,2,0.7,0.7,43,5,0.00164,False,accepted,6
chat,2,0.7,0.7,43,6,1.00501,True,stopped,6
chat,2,0.7,0.7,44,0,0.12516,False,rejected,1
chat,2,0.7,0.7,44,1,1.88177,True,stopped,1
chat,2,0.7,0.7,45,0,0.06746,False,accepted,1
chat,2,0.7,0.7,45,1,0.96124,True,stopped,1
chat,2,0.7,0.7,46,0,0.00773,False,accepted,1
chat,2,0.7,0.7,46,1,0.71181,True,stopped,1
chat,2,0.7,0.7,47,0,1.42144,False,rejected,2
chat,2,0.7,0.7,47,1,0.0507,False,untested,2
chat,2,0.7,0.7,47,2,0.98228,True,stopped,2
chat,2,0.7,0.7,48,0,0.26692,False,accepted,2
chat,2,0.7,0.7,48,1,0.25875,False,accepted,2
chat,2,0.7,0.7,48,2,0.64515,True,stopped,2
chat,2,0.7,0.7,49,0,0.69727,False,accepted,1
chat,2,0.7,0.7,49,1,1.85571,True,stopped,1
chat,2,0.7,0.7,50,0,1.15617,False,accepted,3
chat,2,0.7,0.7,50,1,0.00084,False,accepted,3
chat,2,0.7,0.7,50,2,0.0054,False,accepted,3
chat,2,0.7,0.7,50,3,0.99803,True,stopped,3
chat,2,0.7,0.7,51,0,0.00096,False,accepted,1
chat,2,0.7,0.7,51,1,0.84778,True,stopped,1
chat,2,0.7,0.7,52,0,0.04436,False,accepted,4
chat,2,0.7,0.7,52,1,0.04447,False,accepted,4
chat,2,0.7,0.7,52,2,0.01177,False,accepted,4
chat,2,0.7,0.7,52,3,0.08362,False,accepted,4
chat,2,0.7,0.7,52,4,0.38174,True,stopped,4
chat,2,0.7,0.7,53,0,2.33247,False,accepted,1
chat,2,0.7,0.7,53,1,1.83694,True,stopped,1
chat,2,0.7,0.7,54,0,1.99196,False,accepted,1
chat,2,0.7,0.7,54,1,0.84417,True,stopped,1
chat,2,0.7,0.7,55,0,2.67904,False,rejected,2
chat,2,0.7,0.7,55,1,0.0001,False,untested,2
chat,2,0.7,0.7,55,2,0.51317,True,stopped,2
chat,2,0.7,0.7,56,0,0.00448,False,accepted,1
chat,2,0.7,0.7,56,1,1.05312,True,stopped,1
chat,2,0.7,0.7,57,0,0.09135,False,accepted,1
chat,2,0.7,0.7,57,1,0.70177,True,stopped,1
chat,2,0.7,0.7,58,0,1.52926,False,rejected,3
chat,2,0.7,0.7,58,1,0.04538,False,untested,3
chat,2,0.7,0.7,58,2,0.0,False,untested,3
chat,2,0.7,0.7,58,3,1.04141,True,stopped,3
chat,2,0.7,0.7,59,0,0.00706,False,accepted,1
chat,2,0.7,0.7,59,1,0.89123,True,stopped,1
chat,2,0.7,0.7,60,0,0.95479,False,rejected,2
chat,2,0.7,0.7,60,1,0.06162,False,untested,2
chat,2,0.7,0.7,60,2,1.28839,True,stopped,2
chat,2,0.7,0.7,61,0,1.39332,False,rejected,1
chat,2,0.7,0.7,61,1,1.31804,True,stopped,1
chat,2,0.7,0.7,62,0,1.88599,False,accepted,1
chat,2,0.7,0.7,62,1,2.3827,True,stopped,1
chat,2,0.7,0.7,63,0,0.11117,False,accepted,1
chat,2,0.7,0.7,63,1,0.55464,True,stopped,1
chat,2,0.7,0.7,64,0,0.61025,False,accepted,1
chat,2,0.7,0.7,64,1,1.043,True,stopped,1
chat,2,0.7,0.7,65,0,0.62758,False,accepted,1
chat,3,0.0,0.7,0,0,0.87077,False,accepted,2
chat,3,0.0,0.7,0,1,0.0014,False,accepted,2
chat,3,0.0,0.7,0,2,2.10196,True,stopped,2
chat,3,0.0,0.7,1,0,1.78789,False,accepted,1
chat,3,0.0,0.7,1,1,0.91921,True,stopped,1
chat,3,0.0,0.7,2,0,1.75105,False,accepted,2
chat,3,0.0,0.7,2,1,0.20154,False,accepted,2
chat,3,0.0,0.7,2,2,1.27021,True,stopped,2
chat,3,0.0,0.7,3,0,0.11165,False,accepted,1
chat,3,0.0,0.7,3,1,0.91649,True,stopped,1
chat,3,0.0,0.7,4,0,0.64118,False,rejected,2
chat,3,0.0,0.7,4,1,0.15625,False,untested,2
chat,3,0.0,0.7,4,2,0.61613,True,stopped,2
chat,3,0.0,0.7,5,0,0.50291,False,accepted,1
chat,3,0.0,0.7,5,1,0.84403,True,stopped,1
chat,3,0.0,0.7,6,0,0.03604,False,accepted,1
chat,3,0.0,0.7,6,1,0.5124,True,stopped,1
chat,3,0.0,0.7,7,0,0.21953,False,accepted,2
chat,3,0.0,0.7,7,1,0.0451,False,accepted,2
chat,3,0.0,0.7,7,2,0.75359,True,stopped,2
chat,3,0.0,0.7,8,0,0.9928,False,rejected,1
chat,3,0.0,0.7,8,1,1.00923,True,stopped,1
chat,3,0.0,0.7,9,0,0.83661,False,accepted,1
chat,3,0.0,0.7,9,1,1.36477,True,stopped,1
chat,3,0.0,0.7,10,0,0.27161,False,accepted,1
chat,3,0.0,0.7,10,1,0.63152,True,stopped,1
chat,3,0.0,0.7,11,0,0.91774,False,accepted,1
chat,3,0.0,0.7,11,1,2.07922,True,stopped,1
chat,3,0.0,0.7,12,0,0.00352,False,accepted,1
chat,3,0.0,0.7,12,1,3.12691,True,stopped,1
chat,3,0.0,0.7,13,0,1.26348,False,accepted,1
chat,3,0.0,0.7,13,1,1.5599,True,stopped,1
chat,3,0.0,0.7,14,0,2.93292,False,accepted,2
chat,3,0.0,0.7,14,1,0.3889,False,accepted,2
chat,3,0.0,0.7,14,2,1.76272,True,stopped,2
chat,3,0.0,0.7,15,0,0.71124,False,accepted,1
chat,3,0.0,0.7,15,1,0.60328,True,stopped,1
chat,3,0.0,0.7,16,0,1.02731,False,accepted,1
chat,3,0.0,0.7,16,1,2.12323,True,stopped,1
chat,3,0.0,0.7,17,0,0.00878,False,accepted,3
chat,3,0.0,0.7,17,1,0.37533,False,rejected,3
chat,3,0.0,0.7,17,2,0.28608,False,untested,3
chat,3,0.0,0.7,17,3,1.62655,True,stopped,3
chat,3,0.0,0.7,18,0,0.09159,False,accepted,1
chat,3,0.0,0.7,18,1,1.16534,True,stopped,1
chat,3,0.0,0.7,19,0,2.61146,False,rejected,1
chat,3,0.0,0.7,19,1,1.4949,True,stopped,1
chat,3,0.0,0.7,20,0,2.42914,False,rejected,1
chat,3,0.0,0.7,20,1,2.76678,True,stopped,1
chat,3,0.0,0.7,21,0,1.63948,False,rejected,1
chat,3,0.0,0.7,21,1,1.80895,True,stopped,1
chat,3,0.0,0.7,22,0,4.03738,False,rejected,3
chat,3,0.0,0.7,22,1,0.16176,False,untested,3
chat,3,0.0,0.7,22,2,0.00593,False,untested,3
chat,3,0.0,0.7,22,3,3.02005,True,stopped,3
chat,3,0.0,0.7,23,0,2.04402,False,accepted,1
chat,3,0.0,0.7,23,1,2.09519,True,stopped,1
chat,3,0.0,0.7,24,0,3.56719,False,accepted,1
chat,3,0.0,0.7,24,1,1.03752,True,stopped,1
chat,3,0.0,0.7,25,0,0.12189,False,accepted,1
chat,3,0.0,0.7,25,1,1.1487,True,stopped,1
chat,3,0.0,0.7,26,0,0.10308,False,accepted,1
chat,3,0.0,0.7,26,1,2.02474,True,stopped,1
chat,3,0.0,0.7,27,0,1.28026,False,rejected,1
chat,3,0.0,0.7,27,1,1.45656,True,stopped,1
chat,3,0.0,0.7,28,0,0.35044,False,accepted,1
chat,3,0.0,0.7,28,1,1.95505,True,stopped,1
chat,3,0.0,0.7,29,0,1.51041,False,accepted,2
chat,3,0.0,0.7,29,1,0.03986,False,accepted,2
chat,3,0.0,0.7,29,2,1.86731,True,stopped,2
chat,3,0.0,0.7,30,0,1.20896,False,rejected,1
chat,3,0.0,0.7,30,1,3.15996,True,stopped,1
chat,3,0.0,0.7,31,0,2.92877,False,accepted,1
chat,3,0.0,0.7,31,1,1.18395,True,stopped,1
chat,3,0.0,0.7,32,0,1.27054,False,accepted,1
chat,3,0.0,0.7,32,1,2.31994,True,stopped,1
chat,3,0.0,0.7,33,0,0.70438,False,accepted,1
chat,3,0.0,0.7,33,1,2.49169,True,stopped,1
chat,3,0.0,0.7,34,0,1.41577,False,accepted,1
chat,3,0.0,0.7,34,1,1.58101,True,stopped,1
chat,3,0.0,0.7,35,0,1.89044,False,accepted,1
chat,3,0.0,0.7,35,1,1.14651,True,stopped,1
chat,3,0.0,0.7,36,0,1.48157,False,accepted,1
chat,3,0.0,0.7,36,1,0.69261,True,stopped,1
chat,3,0.0,0.7,37,0,1.57636,False,accepted,1
chat,3,0.0,0.7,37,1,0.95501,True,stopped,1
chat,3,0.0,0.7,38,0,0.31348,False,accepted,2
chat,3,0.0,0.7,38,1,0.00045,False,accepted,2
chat,3,0.0,0.7,38,2,0.70807,True,stopped,2
chat,3,0.0,0.7,39,0,1.83842,False,rejected,1
chat,3,0.0,0.7,39,1,1.37723,True,stopped,1
chat,3,0.0,0.7,40,0,1.34498,False,rejected,1
chat,3,0.0,0.7,40,1,2.53158,True,stopped,1
chat,3,0.0,0.7,41,0,3.08086,False,rejected,2
chat,3,0.0,0.7,41,1,0.15127,False,untested,2
chat,3,0.0,0.7,41,2,2.28479,True,stopped,2
chat,3,0.0,0.7,42,0,2.1331,False,accepted,1
chat,3,0.0,0.7,42,1,1.28414,True,stopped,1
chat,3,0.0,0.7,43,0,2.75751,False,rejected,1
chat,3,0.0,0.7,43,1,2.48253,True,stopped,1
chat,3,0.0,0.7,44,0,0.60042,False,accepted,1
chat,3,0.0,0.7,44,1,0.89612,True,stopped,1
chat,3,0.0,0.7,45,0,2.26589,False,accepted,1
chat,3,0.0,0.7,45,1,1.56775,True,stopped,1
chat,3,0.0,0.7,46,0,2.16079,False,rejected,1
chat,3,0.0,0.7,46,1,1.59197,True,stopped,1
chat,3,0.0,0.7,47,0,1.83306,False,accepted,1
chat,3,0.0,0.7,47,1,0.6718,True,stopped,1
chat,3,0.0,0.7,48,0,0.37305,False,accepted,1
chat,3,0.0,0.7,48,1,2.66523,True,stopped,1
chat,3,0.0,0.7,49,0,0.62058,False,accepted,1
chat,3,0.0,0.7,49,1,0.85776,True,stopped,1
chat,3,0.0,0.7,50,0,1.84274,False,accepted,1
chat,3,0.0,0.7,50,1,3.10736,True,stopped,1
chat,3,0.0,0.7,51,0,0.61512,False,accepted,2
chat,3,0.0,0.7,51,1,0.00907,False,accepted,2
chat,3,0.0,0.7,51,2,1.55286,True,stopped,2
chat,3,0.0,0.7,52,0,0.79665,False,accepted,1
chat,3,0.0,0.7,52,1,1.48948,True,stopped,1
chat,3,0.0,0.7,53,0,1.10469,False,rejected,1
chat,3,0.0,0.7,53,1,2.76331,True,stopped,1
chat,3,0.0,0.7,54,0,2.84198,False,rejected,2
chat,3,0.0,0.7,54,1,0.01272,False,untested,2
chat,3,0.0,0.7,54,2,0.99446,True,stopped,2
chat,3,0.0,0.7,55,0,1.06579,False,rejected,1
chat,3,0.0,0.7,55,1,1.23482,True,stopped,1
chat,3,0.0,0.7,56,0,1.73819,False,accepted,1
chat,3,0.0,0.7,56,1,1.31193,True,stopped,1
chat,3,0.0,0.7,57,0,2.80745,False,accepted,1
chat,3,0.0,0.7,57,1,0.90331,True,stopped,1
chat,3,0.0,0.7,58,0,1.59161,False,accepted,1
chat,3,0.0,0.7,58,1,0.42362,True,stopped,1
chat,3,0.0,0.7,59,0,1.75079,False,rejected,1
chat,3,0.0,0.7,59,1,2.00831,True,stopped,1
chat,3,0.0,0.7,60,0,0.74758,False,accepted,1
chat,3,0.0,0.7,60,1,1.39161,True,stopped,1
chat,3,0.0,0.7,61,0,1.56591,False,accepted,3
chat,3,0.0,0.7,61,1,0.01285,False,accepted,3
chat,3,0.0,0.7,61,2,0.00018,False,accepted,3
chat,3,0.0,0.7,61,3,1.6931,True,stopped,3
chat,3,0.0,0.7,62,0,0.32501,False,accepted,1
chat,3,0.0,0.7,62,1,2.21719,True,stopped,1
chat,3,0.0,0.7,63,0,0.18194,False,accepted,1
chat,3,0.0,0.7,63,1,0.9496,True,stopped,1
chat,3,0.0,0.7,64,0,0.29986,False,accepted,7
chat,3,0.0,0.7,64,1,0.01391,False,accepted,7
chat,3,0.0,0.7,64,2,0.18323,False,accepted,7
chat,3,0.0,0.7,64,3,0.1015,False,accepted,7
chat,3,0.0,0.7,64,4,0.1456,False,accepted,7
chat,3,0.0,0.7,64,5,0.00019,False,accepted,7
chat,3,0.0,0.7,64,6,0.0,False,rejected,7
chat,3,0.7,0.7,0,0,0.37426,False,accepted,2
chat,3,0.7,0.7,0,1,1e-05,False,accepted,2
chat,3,0.7,0.7,0,2,0.47441,True,stopped,2
chat,3,0.7,0.7,1,0,0.12866,False,accepted,1
chat,3,0.7,0.7,1,1,2.8012,True,stopped,1
chat,3,0.7,0.7,2,0,1.42855,False,rejected,1
chat,3,0.7,0.7,2,1,2.19519,True,stopped,1
chat,3,0.7,0.7,3,0,1.74019,False,rejected,1
chat,3,0.7,0.7,3,1,2.06469,True,stopped,1
chat,3,0.7,0.7,4,0,1.31937,False,rejected,1
chat,3,0.7,0.7,4,1,0.93417,True,stopped,1
chat,3,0.7,0.7,5,0,0.01684,False,accepted,2
chat,3,0.7,0.7,5,1,0.30217,False,accepted,2
chat,3,0.7,0.7,5,2,0.9658,True,stopped,2
chat,3,0.7,0.7,6,0,0.1505,False,accepted,8
chat,3,0.7,0.7,6,1,0.11604,False,accepted,8
chat,3,0.7,0.7,6,2,0.00531,False,accepted,8
chat,3,0.7,0.7,6,3,0.12004,False,accepted,8
chat,3,0.7,0.7,6,4,0.04382,False,accepted,8
chat,3,0.7,0.7,6,5,0.00608,False,accepted,8
chat,3,0.7,0.7,6,6,0.29063,False,accepted,8
chat,3,0.7,0.7,6,7,0.07264,False,accepted,8
chat,3,0.7,0.7,7,0,0.18351,False,accepted,1
chat,3,0.7,0.7,7,1,1.05606,True,stopped,1
chat,3,0.7,0.7,8,0,0.20645,False,accepted,1
chat,3,0.7,0.7,8,1,1.07959,True,stopped,1
chat,3,0.7,0.7,9,0,1.16122,False,accepted,2
chat,3,0.7,0.7,9,1,0.37763,False,accepted,2
chat,3,0.7,0.7,9,2,0.45249,True,stopped,2
chat,3,0.7,0.7,10,0,1.21042,False,rejected,2
chat,3,0.7,0.7,10,1,0.00013,False,untested,2
chat,3,0.7,0.7,10,2,1.9592,True,stopped,2
chat,3,0.7,0.7,11,0,0.60929,False,rejected,1
chat,3,0.7,0.7,11,1,2.04357,True,stopped,1
chat,3,0.7,0.7,12,0,1.00885,False,accepted,2
chat,3,0.7,0.7,12,1,0.01792,False,accepted,2
chat,3,0.7,0.7,12,2,1.82552,True,stopped,2
chat,3,0.7,0.7,13,0,0.52076,False,accepted,1
chat,3,0.7,0.7,13,1,0.79167,True,stopped,1
chat,3,0.7,0.7,14,0,0.01816,False,accepted,1
chat,3,0.7,0.7,14,1,0.68308,True,stopped,1
chat,3,0.7,0.7,15,0,0.99285,False,accepted,1
chat,3,0.7,0.7,15,1,1.93029,True,stopped,1
chat,3,0.7,0.7,16,0,0.76559,False,accepted,1
chat,3,0.7,0.7,16,1,1.41388,True,stopped,1
chat,3,0.7,0.7,17,0,1.85004,False,rejected,1
chat,3,0.7,0.7,17,1,0.66126,True,stopped,1
chat,3,0.7,0.7,18,0,0.64837,False,rejected,1
chat,3,0.7,0.7,18,1,1.3139,True,stopped,1
chat,3,0.7,0.7,19,0,0.77584,False,accepted,2
chat,3,0.7,0.7,19,1,0.10929,False,accepted,2
chat,3,0.7,0.7,19,2,1.30962,True,stopped,2
chat,3,0.7,0.7,20,0,0.69216,False,accepted,1
chat,3,0.7,0.7,20,1,0.57486,True,stopped,1
chat,3,0.7,0.7,21,0,0.51766,False,accepted,1
chat,3,0.7,0.7,21,1,1.01001,True,stopped,1
chat,3,0.7,0.7,22,0,0.95145,False,rejected,2
chat,3,0.7,0.7,22,1,0.06797,False,untested,2
chat,3,0.7,0.7,22,2,1.40434,True,stopped,2
chat,3,0.7,0.7,23,0,1.33372,False,rejected,2
chat,3,0.7,0.7,23,1,0.00338,False,untested,2
chat,3,0.7,0.7,23,2,0.45146,True,stopped,2
chat,3,0.7,0.7,24,0,1.5807,False,rejected,1
chat,3,0.7,0.7,24,1,2.02728,True,stopped,1
chat,3,0.7,0.7,25,0,0.00308,False,accepted,2
chat,3,0.7,0.7,25,1,0.39483,False,accepted,2
chat,3,0.7,0.7,25,2,0.9816,True,stopped,2
chat,3,0.7,0.7,26,0,0.89798,False,rejected,1
chat,3,0.7,0.7,26,1,1.02351,True,stopped,1
chat,3,0.7,0.7,27,0,2.26841,False,accepted,2
chat,3,0.7,0.7,27,1,0.11671,False,rejected,2
chat,3,0.7,0.7,27,2,1.21653,True,stopped,2
chat,3,0.7,0.7,28,0,1.15919,False,rejected,2
chat,3,0.7,0.7,28,1,0.03656,False,untested,2
chat,3,0.7,0.7,28,2,1.39648,True,stopped,2
chat,3,0.7,0.7,29,0,0.11819,False,accepted,1
chat,3,0.7,0.7,29,1,1.5117,True,stopped,1
chat,3,0.7,0.7,30,0,2.09546,False,accepted,1
chat,3,0.7,0.7,30,1,1.00332,True,stopped,1
chat,3,0.7,0.7,31,0,0.83592,False,accepted,1
chat,3,0.7,0.7,31,1,1.3151,True,stopped,1
chat,3,0.7,0.7,32,0,2.86787,False,rejected,1
chat,3,0.7,0.7,32,1,1.06913,True,stopped,1
chat,3,0.7,0.7,33,0,1.94849,False,rejected,1
chat,3,0.7,0.7,33,1,1.79809,True,stopped,1
chat,3,0.7,0.7,34,0,0.1541,False,rejected,1
chat,3,0.7,0.7,34,1,2.00091,True,stopped,1
chat,3,0.7,0.7,35,0,2.02717,False,accepted,1
chat,3,0.7,0.7,35,1,1.04683,True,stopped,1
chat,3,0.7,0.7,36,0,1.45875,False,accepted,1
chat,3,0.7,0.7,36,1,0.8499,True,stopped,1
chat,3,0.7,0.7,37,0,2.02153,False,rejected,1
chat,3,0.7,0.7,37,1,1.78507,True,stopped,1
chat,3,0.7,0.7,38,0,0.34782,False,rejected,4
chat,3,0.7,0.7,38,1,0.2385,False,untested,4
chat,3,0.7,0.7,38,2,0.01871,False,untested,4
chat,3,0.7,0.7,38,3,0.36661,False,untested,4
chat,3,0.7,0.7,38,4,0.43123,True,stopped,4
chat,3,0.7,0.7,39,0,0.905,False,accepted,4
chat,3,0.7,0.7,39,1,0.27267,False,accepted,4
chat,3,0.7,0.7,39,2,0.0097,False,accepted,4
chat,3,0.7,0.7,39,3,0.25323,False,accepted,4
chat,3,0.7,0.7,39,4,0.60255,True,stopped,4
chat,3,0.7,0.7,40,0,1.14212,False,accepted,2
chat,3,0.7,0.7,40,1,0.00389,False,accepted,2
chat,3,0.7,0.7,40,2,0.7205,True,stopped,2
chat,3,0.7,0.7,41,0,0.71465,False,accepted,1
chat,3,0.7,0.7,41,1,0.63332,True,stopped,1
chat,3,0.7,0.7,42,0,0.15409,False,accepted,1
chat,3,0.7,0.7,42,1,0.46549,True,stopped,1
chat,3,0.7,0.7,43,0,0.85367,False,rejected,1
chat,3,0.7,0.7,43,1,0.90998,True,stopped,1
chat,3,0.7,0.7,44,0,0.09222,False,accepted,2
chat,3,0.7,0.7,44,1,0.10965,False,accepted,2
chat,3,0.7,0.7,44,2,1.06668,True,stopped,2
chat,3,0.7,0.7,45,0,0.00537,False,accepted,2
chat,3,0.7,0.7,45,1,0.35912,False,accepted,2
chat,3,0.7,0.7,45,2,2.09534,True,stopped,2
chat,3,0.7,0.7,46,0,2.19566,False,rejected,3
chat,3,0.7,0.7,46,1,0.07166,False,untested,3
chat,3,0.7,0.7,46,2,0.16998,False,untested,3
chat,3,0.7,0.7,46,3,1.46546,True,stopped,3
chat,3,0.7,0.7,47,0,0.65037,False,rejected,1
chat,3,0.7,0.7,47,1,1.52695,True,stopped,1
chat,3,0.7,0.7,48,0,2.11858,False,rejected,1
chat,3,0.7,0.7,48,1,0.42281,True,stopped,1
chat,3,0.7,0.7,49,0,0.61388,False,accepted,1
chat,3,0.7,0.7,49,1,1.50024,True,stopped,1
chat,3,0.7,0.7,50,0,0.27268,False,accepted,1
chat,3,0.7,0.7,50,1,0.69898,True,stopped,1
chat,3,0.7,0.7,51,0,0.07091,False,accepted,2
chat,3,0.7,0.7,51,1,4e-05,False,accepted,2
chat,3,0.7,0.7,51,2,0.6339,True,stopped,2
chat,3,0.7,0.7,52,0,2.55366,False,rejected,1
chat,3,0.7,0.7,52,1,0.62792,True,stopped,1
chat,3,0.7,0.7,53,0,0.68202,False,rejected,1
chat,3,0.7,0.7,53,1,1.24986,True,stopped,1
chat,3,0.7,0.7,54,0,0.00023,False,accepted,1
chat,3,0.7,0.7,54,1,1.02941,True,stopped,1
chat,3,0.7,0.7,55,0,0.95272,False,rejected,1
chat,3,0.7,0.7,55,1,0.95918,True,stopped,1
chat,3,0.7,0.7,56,0,0.64888,False,accepted,2
chat,3,0.7,0.7,56,1,0.14567,False,accepted,2
chat,3,0.7,0.7,56,2,1.05887,True,stopped,2
chat,3,0.7,0.7,57,0,0.14074,False,accepted,1
chat,3,0.7,0.7,57,1,0.95369,True,stopped,1
chat,3,0.7,0.7,58,0,0.12056,False,accepted,1
chat,3,0.7,0.7,58,1,1.57252,True,stopped,1
chat,3,0.7,0.7,59,0,1.63409,False,rejected,1
chat,3,0.7,0.7,59,1,0.88125,True,stopped,1
chat,3,0.7,0.7,60,0,0.52193,False,accepted,1
chat,3,0.7,0.7,60,1,1.14838,True,stopped,1
chat,3,0.7,0.7,61,0,1.69281,False,accepted,1
chat,3,0.7,0.7,61,1,1.36519,True,stopped,1
chat,3,0.7,0.7,62,0,2.54562,False,rejected,3
chat,3,0.7,0.7,62,1,0.00205,False,untested,3
chat,3,0.7,0.7,62,2,0.04386,False,untested,3
chat,3,0.7,0.7,62,3,0.35376,True,stopped,3
chat,3,0.7,0.7,63,0,0.12701,False,accepted,1
chat,3,0.7,0.7,63,1,1.97089,True,stopped,1
chat,3,0.7,0.7,64,0,1.42369,False,rejected,1
chat,3,0.7,0.7,64,1,1.02934,True,stopped,1
chat,3,0.7,0.7,65,0,1.41864,False,rejected,1
chat,3,0.7,0.7,65,1,2.42851,True,stopped,1
chat,3,0.7,0.7,66,0,2.039,False,rejected,2
chat,3,0.7,0.7,66,1,0.2884,False,untested,2
chat,3,0.7,0.7,67,0,3.60721,False,rejected,1
chat,4,0.0,0.7,0,0,0.69668,False,accepted,1
chat,4,0.0,0.7,0,1,1.16116,True,stopped,1
chat,4,0.0,0.7,1,0,0.01335,False,accepted,1
chat,4,0.0,0.7,1,1,1.99875,True,stopped,1
chat,4,0.0,0.7,2,0,2.32332,False,rejected,1
chat,4,0.0,0.7,2,1,2.35161,True,stopped,1
chat,4,0.0,0.7,3,0,1.81336,False,accepted,1
chat,4,0.0,0.7,3,1,0.48369,True,stopped,1
chat,4,0.0,0.7,4,0,0.83784,False,accepted,5
chat,4,0.0,0.7,4,1,0.00067,False,accepted,5
chat,4,0.0,0.7,4,2,0.00603,False,accepted,5
chat,4,0.0,0.7,4,3,0.00951,False,accepted,5
chat,4,0.0,0.7,4,4,0.00188,False,accepted,5
chat,4,0.0,0.7,4,5,1.19606,True,stopped,5
chat,4,0.0,0.7,5,0,0.99501,False,accepted,1
chat,4,0.0,0.7,5,1,2.17056,True,stopped,1
chat,4,0.0,0.7,6,0,2.97056,False,rejected,2
chat,4,0.0,0.7,6,1,0.12156,False,untested,2
chat,4,0.0,0.7,6,2,3.08704,True,stopped,2
chat,4,0.0,0.7,7,0,1.79662,False,accepted,1
chat,4,0.0,0.7,7,1,1.23677,True,stopped,1
chat,4,0.0,0.7,8,0,0.03784,False,accepted,2
chat,4,0.0,0.7,8,1,0.00192,False,accepted,2
chat,4,0.0,0.7,8,2,1.81765,True,stopped,2
chat,4,0.0,0.7,9,0,1.68244,False,rejected,1
chat,4,0.0,0.7,9,1,3.30481,True,stopped,1
chat,4,0.0,0.7,10,0,2.12928,False,accepted,2
chat,4,0.0,0.7,10,1,0.28792,False,accepted,2
chat,4,0.0,0.7,10,2,1.77534,True,stopped,2
chat,4,0.0,0.7,11,0,2.88417,False,accepted,1
chat,4,0.0,0.7,11,1,2.99958,True,stopped,1
chat,4,0.0,0.7,12,0,0.49252,False,accepted,1
chat,4,0.0,0.7,12,1,1.9971,True,stopped,1
chat,4,0.0,0.7,13,0,0.61569,False,rejected,3
chat,4,0.0,0.7,13,1,0.00153,False,untested,3
chat,4,0.0,0.7,13,2,0.02303,False,untested,3
chat,4,0.0,0.7,13,3,0.7847,True,stopped,3
chat,4,0.0,0.7,14,0,2.60202,False,rejected,3
chat,4,0.0,0.7,14,1,0.01321,False,untested,3
chat,4,0.0,0.7,14,2,0.12357,False,untested,3
chat,4,0.0,0.7,14,3,0.795,True,stopped,3
chat,4,0.0,0.7,15,0,2.75706,False,rejected,1
chat,4,0.0,0.7,15,1,1.7599,True,stopped,1
chat,4,0.0,0.7,16,0,2.29936,False,accepted,1
chat,4,0.0,0.7,16,1,3.13883,True,stopped,1
chat,4,0.0,0.7,17,0,0.01187,False,accepted,1
chat,4,0.0,0.7,17,1,2.9092,True,stopped,1
chat,4,0.0,0.7,18,0,5.84191,False,rejected,1
chat,4,0.0,0.7,18,1,2.55224,True,stopped,1
chat,4,0.0,0.7,19,0,0.25312,False,accepted,1
chat,4,0.0,0.7,19,1,1.86947,True,stopped,1
chat,4,0.0,0.7,20,0,1.91856,False,rejected,3
chat,4,0.0,0.7,20,1,0.0068,False,untested,3
chat,4,0.0,0.7,20,2,0.00224,False,untested,3
chat,4,0.0,0.7,20,3,0.54265,True,stopped,3
chat,4,0.0,0.7,21,0,0.07469,False,accepted,3
chat,4,0.0,0.7,21,1,0.05379,False,accepted,3
chat,4,0.0,0.7,21,2,0.01696,False,accepted,3
chat,4,0.0,0.7,21,3,1.16548,True,stopped,3
chat,4,0.0,0.7,22,0,1.66802,False,accepted,1
chat,4,0.0,0.7,22,1,5.91797,True,stopped,1
chat,4,0.0,0.7,23,0,1.65356,False,accepted,2
chat,4,0.0,0.7,23,1,0.07819,False,accepted,2
chat,4,0.0,0.7,23,2,2.93156,True,stopped,2
chat,4,0.0,0.7,24,0,0.18518,False,accepted,1
chat,4,0.0,0.7,24,1,2.75031,True,stopped,1
chat,4,0.0,0.7,25,0,3.42392,False,rejected,1
chat,4,0.0,0.7,25,1,1.65134,True,stopped,1
chat,4,0.0,0.7,26,0,1.16177,False,rejected,2
chat,4,0.0,0.7,26,1,0.30714,False,untested,2
chat,4,0.0,0.7,26,2,3.12893,True,stopped,2
chat,4,0.0,0.7,27,0,2.6882,False,rejected,1
chat,4,0.0,0.7,27,1,4.96346,True,stopped,1
chat,4,0.0,0.7,28,0,3.0659,False,accepted,1
chat,4,0.0,0.7,28,1,2.03628,True,stopped,1
chat,4,0.0,0.7,29,0,3.66919,False,rejected,2
chat,4,0.0,0.7,29,1,0.0001,False,untested,2
chat,4,0.0,0.7,29,2,3.61309,True,stopped,2
chat,4,0.0,0.7,30,0,2.64501,False,rejected,1
chat,4,0.0,0.7,30,1,1.67006,True,stopped,1
chat,4,0.0,0.7,31,0,0.65801,False,accepted,1
chat,4,0.0,0.7,31,1,2.85331,True,stopped,1
chat,4,0.0,0.7,32,0,0.05769,False,accepted,1
chat,4,0.0,0.7,32,1,1.0871,True,stopped,1
chat,4,0.0,0.7,33,0,2.63548,False,rejected,1
chat,4,0.0,0.7,33,1,3.61062,True,stopped,1
chat,4,0.0,0.7,34,0,0.20555,False,accepted,1
chat,4,0.0,0.7,34,1,0.95432,True,stopped,1
chat,4,0.0,0.7,35,0,3.96698,False,rejected,2
chat,4,0.0,0.7,35,1,0.31142,False,untested,2
chat,4,0.0,0.7,35,2,3.68808,True,stopped,2
chat,4,0.0,0.7,36,0,2.28377,False,accepted,1
chat,4,0.0,0.7,36,1,2.44051,True,stopped,1
chat,4,0.0,0.7,37,0,1.35102,False,accepted,1
chat,4,0.0,0.7,37,1,1.50181,True,stopped,1
chat,4,0.0,0.7,38,0,2.77324,False,rejected,1
chat,4,0.0,0.7,38,1,5.2707,True,stopped,1
chat,4,0.0,0.7,39,0,0.00229,False,accepted,1
chat,4,0.0,0.7,39,1,2.05239,True,stopped,1
chat,4,0.0,0.7,40,0,5.30263,False,rejected,2
chat,4,0.0,0.7,40,1,0.16714,False,untested,2
chat,4,0.0,0.7,40,2,3.67099,True,stopped,2
chat,4,0.0,0.7,41,0,3.88132,False,accepted,1
chat,4,0.0,0.7,41,1,2.02456,True,stopped,1
chat,4,0.0,0.7,42,0,1.74771,False,rejected,1
chat,4,0.0,0.7,42,1,2.74186,True,stopped,1
chat,4,0.0,0.7,43,0,0.67114,False,accepted,1
chat,4,0.0,0.7,43,1,2.04679,True,stopped,1
chat,4,0.0,0.7,44,0,0.02701,False,accepted,4
chat,4,0.0,0.7,44,1,0.28509,False,accepted,4
chat,4,0.0,0.7,44,2,0.06483,False,accepted,4
chat,4,0.0,0.7,44,3,0.06548,False,accepted,4
chat,4,0.0,0.7,44,4,2.03186,True,stopped,4
chat,4,0.0,0.7,45,0,2.62509,False,accepted,1
chat,4,0.0,0.7,45,1,2.25381,True,stopped,1
chat,4,0.0,0.7,46,0,4.02301,False,rejected,1
chat,4,0.0,0.7,46,1,1.55112,True,stopped,1
chat,4,0.0,0.7,47,0,3.07296,False,rejected,1
chat,4,0.0,0.7,47,1,4.80625,True,stopped,1
chat,4,0.0,0.7,48,0,0.08769,False,accepted,1
chat,4,0.0,0.7,48,1,2.19661,True,stopped,1
chat,4,0.0,0.7,49,0,2.37822,False,accepted,1
chat,4,0.0,0.7,49,1,2.71571,True,stopped,1
chat,4,0.0,0.7,50,0,0.74825,False,accepted,1
chat,4,0.0,0.7,50,1,3.02833,True,stopped,1
chat,4,0.0,0.7,51,0,0.81231,False,rejected,1
chat,4,0.0,0.7,51,1,4.87636,True,stopped,1
chat,4,0.0,0.7,52,0,3.94281,False,rejected,1
chat,4,0.0,0.7,52,1,2.28235,True,stopped,1
chat,4,0.0,0.7,53,0,0.00135,False,accepted,1
chat,4,0.0,0.7,53,1,0.94103,True,stopped,1
chat,4,0.0,0.7,54,0,0.00922,False,accepted,2
chat,4,0.0,0.7,54,1,0.17391,False,accepted,2
chat,4,0.0,0.7,54,2,3.89727,True,stopped,2
chat,4,0.0,0.7,55,0,3.81241,False,rejected,1
chat,4,0.0,0.7,55,1,0.68866,True,stopped,1
chat,4,0.0,0.7,56,0,0.92937,False,accepted,2
chat,4,0.0,0.7,56,1,0.00432,False,accepted,2
chat,4,0.0,0.7,56,2,0.74683,True,stopped,2
chat,4,0.0,0.7,57,0,2.18985,False,rejected,1
chat,4,0.0,0.7,57,1,0.85317,True,stopped,1
chat,4,0.0,0.7,58,0,0.62033,False,accepted,1
chat,4,0.0,0.7,58,1,0.73693,True,stopped,1
chat,4,0.0,0.7,59,0,0.76994,False,accepted,1
chat,4,0.0,0.7,59,1,0.95188,True,stopped,1
chat,4,0.0,0.7,60,0,2.95222,False,rejected,1
chat,4,0.0,0.7,60,1,5.56126,True,stopped,1
chat,4,0.0,0.7,61,0,0.87591,False,accepted,1
chat,4,0.0,0.7,61,1,1.50492,True,stopped,1
chat,4,0.0,0.7,62,0,2.26689,False,rejected,1
chat,4,0.0,0.7,62,1,1.45736,True,stopped,1
chat,4,0.0,0.7,63,0,2.31243,False,accepted,1
chat,4,0.0,0.7,63,1,2.14991,True,stopped,1
chat,4,0.0,0.7,64,0,2.70655,False,rejected,2
chat,4,0.0,0.7,64,1,0.00222,False,untested,2
chat,4,0.0,0.7,64,2,0.59066,True,stopped,2
chat,4,0.0,0.7,65,0,0.74149,False,accepted,5
chat,4,0.0,0.7,65,1,0.04692,False,accepted,5
chat,4,0.0,0.7,65,2,0.01159,False,accepted,5
chat,4,0.0,0.7,65,3,0.01589,False,accepted,5
chat,4,0.0,0.7,65,4,0.00097,False,accepted,5
chat,4,0.0,0.7,65,5,0.74174,True,stopped,5
chat,4,0.0,0.7,66,0,2.93098,False,accepted,3
chat,4,0.0,0.7,66,1,0.00253,False,accepted,3
chat,4,0.0,0.7,66,2,0.09989,False,accepted,3
chat,4,0.0,0.7,66,3,3.43742,True,stopped,3
chat,4,0.7,0.7,0,0,0.1084,False,accepted,1
chat,4,0.7,0.7,0,1,0.57807,True,stopped,1
chat,4,0.7,0.7,1,0,0.00073,False,accepted,1
chat,4,0.7,0.7,1,1,1.40384,True,stopped,1
chat,4,0.7,0.7,2,0,1.52889,False,rejected,4
chat,4,0.7,0.7,2,1,0.00016,False,untested,4
chat,4,0.7,0.7,2,2,0.00463,False,untested,4
chat,4,0.7,0.7,2,3,0.11705,False,untested,4
chat,4,0.7,0.7,2,4,0.51989,True,stopped,4
chat,4,0.7,0.7,3,0,0.88605,False,accepted,7
chat,4,0.7,0.7,3,1,0.12671,False,accepted,7
chat,4,0.7,0.7,3,2,0.2749,False,accepted,7
chat,4,0.7,0.7,3,3,1e-05,False,accepted,7
chat,4,0.7,0.7,3,4,0.00026,False,accepted,7
chat,4,0.7,0.7,3,5,0.00063,False,accepted,7
chat,4,0.7,0.7,3,6,3e-05,False,accepted,7
chat,4,0.7,0.7,3,7,0.76653,True,stopped,7
chat,4,0.7,0.7,4,0,0.28987,False,accepted,1
chat,4,0.7,0.7,4,1,1.25373,True,stopped,1
chat,4,0.7,0.7,5,0,1.77565,False,accepted,1
chat,4,0.7,0.7,5,1,0.70231,True,stopped,1
chat,4,0.7,0.7,6,0,0.20633,False,accepted,3
chat,4,0.7,0.7,6,1,0.00397,False,accepted,3
chat,4,0.7,0.7,6,2,2e-05,False,accepted,3
chat,4,0.7,0.7,6,3,0.92684,True,stopped,3
chat,4,0.7,0.7,7,0,0.82667,False,rejected,1
chat,4,0.7,0.7,7,1,2.1598,True,stopped,1
chat,4,0.7,0.7,8,0,0.00268,False,accepted,2
chat,4,0.7,0.7,8,1,0.15679,False,accepted,2
chat,4,0.7,0.7,8,2,0.82302,True,stopped,2
chat,4,0.7,0.7,9,0,0.0,False,accepted,1
chat,4,0.7,0.7,9,1,0.86548,True,stopped,1
chat,4,0.7,0.7,10,0,0.14752,False,accepted,1
chat,4,0.7,0.7,10,1,0.90012,True,stopped,1
chat,4,0.7,0.7,11,0,0.52836,False,accepted,1
chat,4,0.7,0.7,11,1,0.69163,True,stopped,1
chat,4,0.7,0.7,12,0,0.00311,False,accepted,3
chat,4,0.7,0.7,12,1,0.36685,False,accepted,3
chat,4,0.7,0.7,12,2,0.02514,False,accepted,3
chat,4,0.7,0.7,12,3,1.35658,True,stopped,3
chat,4,0.7,0.7,13,0,0.37327,False,accepted,1
chat,4,0.7,0.7,13,1,1.46733,True,stopped,1
chat,4,0.7,0.7,14,0,1.79089,False,accepted,2
chat,4,0.7,0.7,14,1,0.00187,False,accepted,2
chat,4,0.7,0.7,14,2,0.84427,True,stopped,2
chat,4,0.7,0.7,15,0,1.46869,False,accepted,2
chat,4,0.7,0.7,15,1,0.2533,False,accepted,2
chat,4,0.7,0.7,15,2,2.07999,True,stopped,2
chat,4,0.7,0.7,16,0,0.01291,False,accepted,1
chat,4,0.7,0.7,16,1,0.71473,True,stopped,1
chat,4,0.7,0.7,17,0,0.88772,False,accepted,2
chat,4,0.7,0.7,17,1,0.00037,False,accepted,2
chat,4,0.7,0.7,17,2,2.43864,True,stopped,2
chat,4,0.7,0.7,18,0,0.15753,False,accepted,2
chat,4,0.7,0.7,18,1,0.13267,False,accepted,2
chat,4,0.7,0.7,18,2,2.12801,True,stopped,2
chat,4,0.7,0.7,19,0,0.08676,False,accepted,3
chat,4,0.7,0.7,19,1,0.44618,False,accepted,3
chat,4,0.7,0.7,19,2,0.09749,False,accepted,3
chat,4,0.7,0.7,19,3,1.7931,True,stopped,3
chat,4,0.7,0.7,20,0,0.05483,False,accepted,1
chat,4,0.7,0.7,20,1,0.48671,True,stopped,1
chat,4,0.7,0.7,21,0,1.72144,False,rejected,3
chat,4,0.7,0.7,21,1,0.00877,False,untested,3
chat,4,0.7,0.7,21,2,1e-05,False,untested,3
chat,4,0.7,0.7,21,3,1.27854,True,stopped,3
chat,4,0.7,0.7,22,0,1.3922,False,rejected,1
chat,4,0.7,0.7,22,1,1.20055,True,stopped,1
chat,4,0.7,0.7,23,0,0.01777,False,accepted,1
chat,4,0.7,0.7,23,1,0.69219,True,stopped,1
chat,4,0.7,0.7,24,0,1.66044,False,accepted,1
chat,4,0.7,0.7,24,1,1.45904,True,stopped,1
chat,4,0.7,0.7,25,0,0.13978,False,accepted,4
chat,4,0.7,0.7,25,1,0.14664,False,accepted,4
chat,4,0.7,0.7,25,2,1e-05,False,accepted,4
chat,4,0.7,0.7,25,3,0.00016,False,accepted,4
chat,4,0.7,0.7,25,4,0.99222,True,stopped,4
chat,4,0.7,0.7,26,0,0.68495,False,rejected,1
chat,4,0.7,0.7,26,1,0.6565,True,stopped,1
chat,4,0.7,0.7,27,0,0.74818,False,rejected,3
chat,4,0.7,0.7,27,1,0.21335,False,untested,3
chat,4,0.7,0.7,27,2,0.08122,False,untested,3
chat,4,0.7,0.7,27,3,1.89845,True,stopped,3
chat,4,0.7,0.7,28,0,3.6017,False,accepted,1
chat,4,0.7,0.7,28,1,1.94056,True,stopped,1
chat,4,0.7,0.7,29,0,0.002,False,accepted,2
chat,4,0.7,0.7,29,1,0.00112,False,accepted,2
chat,4,0.7,0.7,29,2,0.70329,True,stopped,2
chat,4,0.7,0.7,30,0,3.92546,False,rejected,3
chat,4,0.7,0.7,30,1,0.01986,False,untested,3
chat,4,0.7,0.7,30,2,0.23032,False,untested,3
chat,4,0.7,0.7,30,3,2.08413,True,stopped,3
chat,4,0.7,0.7,31,0,1.46748,False,accepted,1
chat,4,0.7,0.7,31,1,2.2403,True,stopped,1
chat,4,0.7,0.7,32,0,0.06064,False,accepted,2
chat,4,0.7,0.7,32,1,0.04511,False,accepted,2
chat,4,0.7,0.7,32,2,2.36741,True,stopped,2
chat,4,0.7,0.7,33,0,0.68034,False,accepted,2
chat,4,0.7,0.7,33,1,0.1064,False,accepted,2
chat,4,0.7,0.7,33,2,0.61228,True,stopped,2
chat,4,0.7,0.7,34,0,1e-05,False,accepted,5
chat,4,0.7,0.7,34,1,0.00031,False,accepted,5
chat,4,0.7,0.7,34,2,0.33415,False,accepted,5
chat,4,0.7,0.7,34,3,0.1816,False,rejected,5
chat,4,0.7,0.7,34,4,0.17326,False,untested,5
chat,4,0.7,0.7,34,5,1.0958,True,stopped,5
chat,4,0.7,0.7,35,0,0.90138,False,rejected,1
chat,4,0.7,0.7,35,1,1.96401,True,stopped,1
chat,4,0.7,0.7,36,0,1.42399,False,rejected,1
chat,4,0.7,0.7,36,1,1.84364,True,stopped,1
chat,4,0.7,0.7,37,0,2.00445,False,rejected,1
chat,4,0.7,0.7,37,1,1.16592,True,stopped,1
chat,4,0.7,0.7,38,0,1.87851,False,rejected,1
chat,4,0.7,0.7,38,1,1.21754,True,stopped,1
chat,4,0.7,0.7,39,0,1.13119,False,rejected,1
chat,4,0.7,0.7,39,1,2.2535,True,stopped,1
chat,4,0.7,0.7,40,0,8e-05,False,accepted,1
chat,4,0.7,0.7,40,1,1.46401,True,stopped,1
chat,4,0.7,0.7,41,0,0.24628,False,accepted,1
chat,4,0.7,0.7,41,1,0.98681,True,stopped,1
chat,4,0.7,0.7,42,0,0.07169,False,accepted,1
chat,4,0.7,0.7,42,1,1.13374,True,stopped,1
chat,4,0.7,0.7,43,0,0.35095,False,accepted,1
chat,4,0.7,0.7,43,1,1.02738,True,stopped,1
chat,4,0.7,0.7,44,0,0.16579,False,accepted,1
chat,4,0.7,0.7,44,1,0.8456,True,stopped,1
chat,4,0.7,0.7,45,0,1.95047,False,accepted,2
chat,4,0.7,0.7,45,1,0.00997,False,accepted,2
chat,4,0.7,0.7,45,2,1.74181,True,stopped,2
chat,4,0.7,0.7,46,0,3.3067,False,accepted,1
chat,4,0.7,0.7,46,1,1.53748,True,stopped,1
chat,4,0.7,0.7,47,0,0.38754,False,accepted,1
chat,4,0.7,0.7,47,1,0.958,True,stopped,1
chat,4,0.7,0.7,48,0,2.97717,False,rejected,1
chat,4,0.7,0.7,48,1,0.78404,True,stopped,1
chat,4,0.7,0.7,49,0,1.85909,False,rejected,1
chat,4,0.7,0.7,49,1,1.65369,True,stopped,1
chat,4,0.7,0.7,50,0,1.46274,False,accepted,1
chat,4,0.7,0.7,50,1,2.77346,True,stopped,1
chat,4,0.7,0.7,51,0,0.52311,False,rejected,8
chat,4,0.7,0.7,51,1,0.15572,False,untested,8
chat,4,0.7,0.7,51,2,0.0312,False,untested,8
chat,4,0.7,0.7,51,3,2e-05,False,untested,8
chat,4,0.7,0.7,51,4,0.00035,False,untested,8
chat,4,0.7,0.7,51,5,0.14603,False,untested,8
chat,4,0.7,0.7,51,6,0.18145,False,untested,8
chat,4,0.7,0.7,51,7,0.19327,False,untested,8
chat,4,0.7,0.7,52,0,1.29865,False,accepted,2
chat,4,0.7,0.7,52,1,0.06764,False,accepted,2
chat,4,0.7,0.7,52,2,1.43132,True,stopped,2
chat,4,0.7,0.7,53,0,0.11804,False,accepted,1
chat,4,0.7,0.7,53,1,1.32186,True,stopped,1
chat,4,0.7,0.7,54,0,2e-05,False,accepted,5
chat,4,0.7,0.7,54,1,0.00014,False,accepted,5
chat,4,0.7,0.7,54,2,0.2071,False,accepted,5
chat,4,0.7,0.7,54,3,0.2069,False,rejected,5
chat,4,0.7,0.7,54,4,0.16029,False,untested,5
chat,4,0.7,0.7,54,5,1.14935,True,stopped,5
chat,4,0.7,0.7,55,0,1.62331,False,rejected,1
chat,4,0.7,0.7,55,1,2.72702,True,stopped,1
chat,4,0.7,0.7,56,0,2.55318,False,rejected,2
chat,4,0.7,0.7,56,1,0.20382,False,untested,2
chat,4,0.7,0.7,57,0,0.00224,False,accepted,1
chat,5,0.0,0.7,0,0,0.54352,False,accepted,5
chat,5,0.0,0.7,0,1,0.41066,False,rejected,5
chat,5,0.0,0.7,0,2,0.29744,False,untested,5
chat,5,0.0,0.7,0,3,0.06673,False,untested,5
chat,5,0.0,0.7,0,4,0.00054,False,untested,5
chat,5,0.0,0.7,0,5,1.49497,True,stopped,5
chat,5,0.0,0.7,1,0,0.17558,False,accepted,3
chat,5,0.0,0.7,1,1,0.02191,False,accepted,3
chat,5,0.0,0.7,1,2,0.00049,False,accepted,3
chat,5,0.0,0.7,1,3,1.08368,True,stopped,3
chat,5,0.0,0.7,2,0,1.0309,False,accepted,1
chat,5,0.0,0.7,2,1,2.203,True,stopped,1
chat,5,0.0,0.7,3,0,0.91506,False,rejected,1
chat,5,0.0,0.7,3,1,1.16008,True,stopped,1
chat,5,0.0,0.7,4,0,1.12941,False,accepted,1
chat,5,0.0,0.7,4,1,2.07702,True,stopped,1
chat,5,0.0,0.7,5,0,2.05862,False,rejected,2
chat,5,0.0,0.7,5,1,0.32487,False,untested,2
chat,5,0.0,0.7,5,2,0.917,True,stopped,2
chat,5,0.0,0.7,6,0,1.48062,False,accepted,1
chat,5,0.0,0.7,6,1,2.13425,True,stopped,1
chat,5,0.0,0.7,7,0,0.60801,False,accepted,1
chat,5,0.0,0.7,7,1,2.42691,True,stopped,1
chat,5,0.0,0.7,8,0,0.52083,False,accepted,1
chat,5,0.0,0.7,8,1,1.48555,True,stopped,1
chat,5,0.0,0.7,9,0,0.17207,False,accepted,2
chat,5,0.0,0.7,9,1,0.22364,False,rejected,2
chat,5,0.0,0.7,9,2,1.45306,True,stopped,2
chat,5,0.0,0.7,10,0,1.23435,False,accepted,1
chat,5,0.0,0.7,10,1,0.82581,True,stopped,1
chat,5,0.0,0.7,11,0,0.03609,False,accepted,1
chat,5,0.0,0.7,11,1,1.45163,True,stopped,1
chat,5,0.0,0.7,12,0,0.18539,False,accepted,2
chat,5,0.0,0.7,12,1,0.0003,False,accepted,2
chat,5,0.0,0.7,12,2,2.06323,True,stopped,2
chat,5,0.0,0.7,13,0,4.03275,False,rejected,2
chat,5,0.0,0.7,13,1,0.30881,False,untested,2
chat,5,0.0,0.7,13,2,3.87212,True,stopped,2
chat,5,0.0,0.7,14,0,0.73524,False,accepted,1
chat,5,0.0,0.7,14,1,3.94408,True,stopped,1
chat,5,0.0,0.7,15,0,0.613,False,accepted,1
chat,5,0.0,0.7,15,1,2.64768,True,stopped,1
chat,5,0.0,0.7,16,0,0.12832,False,accepted,2
chat,5,0.0,0.7,16,1,0.0897,False,accepted,2
chat,5,0.0,0.7,16,2,2.32033,True,stopped,2
chat,5,0.0,0.7,17,0,4.51563,False,rejected,1
chat,5,0.0,0.7,17,1,3.59912,True,stopped,1
chat,5,0.0,0.7,18,0,2.15117,False,rejected,1
chat,5,0.0,0.7,18,1,0.63954,True,stopped,1
chat,5,0.0,0.7,19,0,0.49779,False,accepted,1
chat,5,0.0,0.7,19,1,2.21562,True,stopped,1
chat,5,0.0,0.7,20,0,0.48727,False,accepted,1
chat,5,0.0,0.7,20,1,1.648,True,stopped,1
chat,5,0.0,0.7,21,0,3.0188,False,rejected,2
chat,5,0.0,0.7,21,1,0.17367,False,untested,2
chat,5,0.0,0.7,21,2,3.27863,True,stopped,2
chat,5,0.0,0.7,22,0,2.06739,False,accepted,1
chat,5,0.0,0.7,22,1,1.71543,True,stopped,1
chat,5,0.0,0.7,23,0,0.38926,False,accepted,1
chat,5,0.0,0.7,23,1,1.14471,True,stopped,1
chat,5,0.0,0.7,24,0,3.28647,False,rejected,1
chat,5,0.0,0.7,24,1,0.48254,True,stopped,1
chat,5,0.0,0.7,25,0,1.65976,False,accepted,1
chat,5,0.0,0.7,25,1,1.99259,True,stopped,1
chat,5,0.0,0.7,26,0,0.98066,False,rejected,1
chat,5,0.0,0.7,26,1,1.43134,True,stopped,1
chat,5,0.0,0.7,27,0,0.27989,False,accepted,2
chat,5,0.0,0.7,27,1,0.27157,False,accepted,2
chat,5,0.0,0.7,27,2,2.79271,True,stopped,2
chat,5,0.0,0.7,28,0,3.6707,False,accepted,2
chat,5,0.0,0.7,28,1,0.28618,False,accepted,2
chat,5,0.0,0.7,28,2,2.21596,True,stopped,2
chat,5,0.0,0.7,29,0,0.94152,False,accepted,1
chat,5,0.0,0.7,29,1,4.58003,True,stopped,1
chat,5,0.0,0.7,30,0,0.30575,False,accepted,1
chat,5,0.0,0.7,30,1,2.62426,True,stopped,1
chat,5,0.0,0.7,31,0,2.43723,False,rejected,1
chat,5,0.0,0.7,31,1,3.48136,True,stopped,1
chat,5,0.0,0.7,32,0,1.88293,False,accepted,2
chat,5,0.0,0.7,32,1,0.00814,False,accepted,2
chat,5,0.0,0.7,32,2,3.82461,True,stopped,2
chat,5,0.0,0.7,33,0,2.13687,False,rejected,1
chat,5,0.0,0.7,33,1,3.31245,True,stopped,1
chat,5,0.0,0.7,34,0,0.02894,False,accepted,3
chat,5,0.0,0.7,34,1,0.00014,False,accepted,3
chat,5,0.0,0.7,34,2,0.00037,False,accepted,3
chat,5,0.0,0.7,34,3,3.48005,True,stopped,3
chat,5,0.0,0.7,35,0,2.31271,False,rejected,2
chat,5,0.0,0.7,35,1,0.11576,False,untested,2
chat,5,0.0,0.7,35,2,1.20145,True,stopped,2
chat,5,0.0,0.7,36,0,0.07776,False,accepted,1
chat,5,0.0,0.7,36,1,0.72884,True,stopped,1
chat,5,0.0,0.7,37,0,0.60533,False,accepted,1
chat,5,0.0,0.7,37,1,1.16593,True,stopped,1
chat,5,0.0,0.7,38,0,2.95512,False,rejected,1
chat,5,0.0,0.7,38,1,0.54857,True,stopped,1
chat,5,0.0,0.7,39,0,0.16268,False,accepted,1
chat,5,0.0,0.7,39,1,1.9969,True,stopped,1
chat,5,0.0,0.7,40,0,0.42211,False,accepted,1
chat,5,0.0,0.7,40,1,2.47278,True,stopped,1
chat,5,0.0,0.7,41,0,2.06951,False,rejected,1
chat,5,0.0,0.7,41,1,1.51392,True,stopped,1
chat,5,0.0,0.7,42,0,1.33494,False,accepted,1
chat,5,0.0,0.7,42,1,2.76886,True,stopped,1
chat,5,0.0,0.7,43,0,1.01399,False,accepted,1
chat,5,0.0,0.7,43,1,1.0178,True,stopped,1
chat,5,0.0,0.7,44,0,0.77689,False,accepted,1
chat,5,0.0,0.7,44,1,0.82713,True,stopped,1
chat,5,0.0,0.7,45,0,0.04608,False,accepted,1
chat,5,0.0,0.7,45,1,1.0897,True,stopped,1
chat,5,0.0,0.7,46,0,1.23549,False,rejected,2
chat,5,0.0,0.7,46,1,0.28016,False,untested,2
chat,5,0.0,0.7,46,2,1.40662,True,stopped,2
chat,5,0.0,0.7,47,0,1.17826,False,accepted,1
chat,5,0.0,0.7,47,1,2.80658,True,stopped,1
chat,5,0.0,0.7,48,0,1.96889,False,rejected,3
chat,5,0.0,0.7,48,1,0.00429,False,untested,3
chat,5,0.0,0.7,48,2,0.26197,False,untested,3
chat,5,0.0,0.7,48,3,3.10993,True,stopped,3
chat,5,0.0,0.7,49,0,2.07381,False,accepted,3
chat,5,0.0,0.7,49,1,0.00262,False,accepted,3
chat,5,0.0,0.7,49,2,0.25737,False,accepted,3
chat,5,0.0,0.7,49,3,3.14968,True,stopped,3
chat,5,0.0,0.7,50,0,2.41976,False,rejected,1
chat,5,0.0,0.7,50,1,0.9317,True,stopped,1
chat,5,0.0,0.7,51,0,0.82874,False,accepted,1
chat,5,0.0,0.7,51,1,3.69982,True,stopped,1
chat,5,0.0,0.7,52,0,1.85905,False,rejected,1
chat,5,0.0,0.7,52,1,0.7632,True,stopped,1
chat,5,0.0,0.7,53,0,1.79406,False,accepted,1
chat,5,0.0,0.7,53,1,0.51692,True,stopped,1
chat,5,0.0,0.7,54,0,0.00238,False,accepted,3
chat,5,0.0,0.7,54,1,8e-05,False,accepted,3
chat,5,0.0,0.7,54,2,0.00025,False,accepted,3
chat,5,0.0,0.7,54,3,4.16845,True,stopped,3
chat,5,0.0,0.7,55,0,1.7716,False,accepted,1
chat,5,0.0,0.7,55,1,0.51628,True,stopped,1
chat,5,0.0,0.7,56,0,0.00451,False,accepted,3
chat,5,0.0,0.7,56,1,0.00099,False,accepted,3
chat,5,0.0,0.7,56,2,0.00461,False,accepted,3
chat,5,0.0,0.7,56,3,2.25642,True,stopped,3
chat,5,0.0,0.7,57,0,4.59165,False,accepted,2
chat,5,0.0,0.7,57,1,0.15808,False,accepted,2
chat,5,0.0,0.7,57,2,0.39329,True,stopped,2
chat,5,0.0,0.7,58,0,0.23302,False,accepted,1
chat,5,0.0,0.7,58,1,3.29081,True,stopped,1
chat,5,0.0,0.7,59,0,0.4253,False,accepted,1
chat,5,0.0,0.7,59,1,1.9543,True,stopped,1
chat,5,0.0,0.7,60,0,0.67301,False,accepted,1
chat,5,0.0,0.7,60,1,2.3866,True,stopped,1
chat,5,0.0,0.7,61,0,0.73933,False,accepted,1
chat,5,0.0,0.7,61,1,2.04549,True,stopped,1
chat,5,0.0,0.7,62,0,3.10821,False,rejected,1
chat,5,0.0,0.7,62,1,1.77024,True,stopped,1
chat,5,0.0,0.7,63,0,1.23474,False,accepted,2
chat,5,0.0,0.7,63,1,0.19797,False,accepted,2
chat,5,0.0,0.7,63,2,2.89803,True,stopped,2
chat,5,0.7,0.7,0,0,0.2563,False,accepted,5
chat,5,0.7,0.7,0,1,0.17769,False,rejected,5
chat,5,0.7,0.7,0,2,0.07019,False,untested,5
chat,5,0.7,0.7,0,3,0.00871,False,untested,5
chat,5,0.7,0.7,0,4,0.0,False,untested,5
chat,5,0.7,0.7,0,5,1.1429,True,stopped,5
chat,5,0.7,0.7,1,0,0.04887,False,accepted,3
chat,5,0.7,0.7,1,1,0.00155,False,accepted,3
chat,5,0.7,0.7,1,2,0.0,False,accepted,3
chat,5,0.7,0.7,1,3,0.70452,True,stopped,3
chat,5,0.7,0.7,2,0,0.50162,False,accepted,1
chat,5,0.7,0.7,2,1,1.25515,True,stopped,1
chat,5,0.7,0.7,3,0,0.37127,False,accepted,1
chat,5,0.7,0.7,3,1,0.50212,True,stopped,1
chat,5,0.7,0.7,4,0,1.20146,False,accepted,1
chat,5,0.7,0.7,4,1,1.57274,True,stopped,1
chat,5,0.7,0.7,5,0,0.01181,False,accepted,1
chat,5,0.7,0.7,5,1,0.7622,True,stopped,1
chat,5,0.7,0.7,6,0,0.49382,False,accepted,1
chat,5,0.7,0.7,6,1,0.91281,True,stopped,1
chat,5,0.7,0.7,7,0,0.67275,False,accepted,1
chat,5,0.7,0.7,7,1,0.63829,True,stopped,1
chat,5,0.7,0.7,8,0,0.00469,False,accepted,2
chat,5,0.7,0.7,8,1,0.16733,False,accepted,2
chat,5,0.7,0.7,8,2,0.77284,True,stopped,2
chat,5,0.7,0.7,9,0,0.78704,False,rejected,3
chat,5,0.7,0.7,9,1,4e-05,False,untested,3
chat,5,0.7,0.7,9,2,0.0035,False,untested,3
chat,5,0.7,0.7,9,3,0.67575,True,stopped,3
chat,5,0.7,0.7,10,0,0.4364,False,accepted,2
chat,5,0.7,0.7,10,1,0.02099,False,accepted,2
chat,5,0.7,0.7,10,2,0.78868,True,stopped,2
chat,5,0.7,0.7,11,0,0.88167,False,accepted,1
chat,5,0.7,0.7,11,1,0.9881,True,stopped,1
chat,5,0.7,0.7,12,0,1.59987,False,rejected,2
chat,5,0.7,0.7,12,1,0.30984,False,untested,2
chat,5,0.7,0.7,12,2,0.57182,True,stopped,2
chat,5,0.7,0.7,13,0,0.60546,False,accepted,2
chat,5,0.7,0.7,13,1,0.15085,False,accepted,2
chat,5,0.7,0.7,13,2,1.25082,True,stopped,2
chat,5,0.7,0.7,14,0,0.92226,False,rejected,2
chat,5,0.7,0.7,14,1,0.1234,False,untested,2
chat,5,0.7,0.7,14,2,1.16616,True,stopped,2
chat,5,0.7,0.7,15,0,0.06161,False,accepted,2
chat,5,0.7,0.7,15,1,0.0,False,accepted,2
chat,5,0.7,0.7,15,2,0.70661,True,stopped,2
chat,5,0.7,0.7,16,0,2.99901,False,rejected,1
chat,5,0.7,0.7,16,1,1.54726,True,stopped,1
chat,5,0.7,0.7,17,0,2.66689,False,rejected,2
chat,5,0.7,0.7,17,1,0.01598,False,untested,2
chat,5,0.7,0.7,17,2,1.25788,True,stopped,2
chat,5,0.7,0.7,18,0,0.72849,False,accepted,1
chat,5,0.7,0.7,18,1,2.78473,True,stopped,1
chat,5,0.7,0.7,19,0,0.80202,False,rejected,1
chat,5,0.7,0.7,19,1,2.04248,True,stopped,1
chat,5,0.7,0.7,20,0,0.73019,False,rejected,1
chat,5,0.7,0.7,20,1,1.9896,True,stopped,1
chat,5,0.7,0.7,21,0,0.00857,False,accepted,3
chat,5,0.7,0.7,21,1,0.00136,False,accepted,3
chat,5,0.7,0.7,21,2,0.03117,False,accepted,3
chat,5,0.7,0.7,21,3,1.33108,True,stopped,3
chat,5,0.7,0.7,22,0,3.78311,False,rejected,1
chat,5,0.7,0.7,22,1,0.77787,True,stopped,1
chat,5,0.7,0.7,23,0,2.41558,False,rejected,2
chat,5,0.7,0.7,23,1,0.05419,False,untested,2
chat,5,0.7,0.7,23,2,1.18354,True,stopped,2
chat,5,0.7,0.7,24,0,0.06612,False,accepted,1
chat,5,0.7,0.7,24,1,1.68738,True,stopped,1
chat,5,0.7,0.7,25,0,0.13281,False,accepted,2
chat,5,0.7,0.7,25,1,0.32734,False,accepted,2
chat,5,0.7,0.7,25,2,1.31636,True,stopped,2
chat,5,0.7,0.7,26,0,0.40764,False,accepted,1
chat,5,0.7,0.7,26,1,1.03391,True,stopped,1
chat,5,0.7,0.7,27,0,0.35207,False,accepted,1
chat,5,0.7,0.7,27,1,2.2509,True,stopped,1
chat,5,0.7,0.7,28,0,0.42641,False,accepted,1
chat,5,0.7,0.7,28,1,0.45355,True,stopped,1
chat,5,0.7,0.7,29,0,0.56396,False,accepted,3
chat,5,0.7,0.7,29,1,0.16065,False,accepted,3
chat,5,0.7,0.7,29,2,0.21598,False,accepted,3
chat,5,0.7,0.7,29,3,2.50867,True,stopped,3
chat,5,0.7,0.7,30,0,1.55486,False,accepted,2
chat,5,0.7,0.7,30,1,0.07644,False,accepted,2
chat,5,0.7,0.7,30,2,0.7015,True,stopped,2
chat,5,0.7,0.7,31,0,0.35244,False,accepted,1
chat,5,0.7,0.7,31,1,2.32383,True,stopped,1
chat,5,0.7,0.7,32,0,1.55045,False,accepted,1
chat,5,0.7,0.7,32,1,2.44314,True,stopped,1
chat,5,0.7,0.7,33,0,0.0,False,accepted,2
chat,5,0.7,0.7,33,1,0.14057,False,accepted,2
chat,5,0.7,0.7,33,2,0.87409,True,stopped,2
chat,5,0.7,0.7,34,0,0.56008,False,accepted,1
chat,5,0.7,0.7,34,1,1.01343,True,stopped,1
chat,5,0.7,0.7,35,0,0.00097,False,accepted,3
chat,5,0.7,0.7,35,1,0.0,False,accepted,3
chat,5,0.7,0.7,35,2,1e-05,False,accepted,3
chat,5,0.7,0.7,35,3,3.78749,True,stopped,3
chat,5,0.7,0.7,36,0,0.01433,False,accepted,1
chat,5,0.7,0.7,36,1,2.02537,True,stopped,1
chat,5,0.7,0.7,37,0,0.02298,False,accepted,1
chat,5,0.7,0.7,37,1,0.96373,True,stopped,1
chat,5,0.7,0.7,38,0,1.75002,False,accepted,1
chat,5,0.7,0.7,38,1,1.15064,True,stopped,1
chat,5,0.7,0.7,39,0,0.00039,False,accepted,1
chat,5,0.7,0.7,39,1,1.50146,True,stopped,1
chat,5,0.7,0.7,40,0,0.08942,False,accepted,1
chat,5,0.7,0.7,40,1,1.20779,True,stopped,1
chat,5,0.7,0.7,41,0,0.00022,False,accepted,1
chat,5,0.7,0.7,41,1,0.72666,True,stopped,1
chat,5,0.7,0.7,42,0,0.00349,False,accepted,1
chat,5,0.7,0.7,42,1,0.64416,True,stopped,1
chat,5,0.7,0.7,43,0,1.79631,False,accepted,1
chat,5,0.7,0.7,43,1,0.53509,True,stopped,1
chat,5,0.7,0.7,44,0,0.00041,False,accepted,3
chat,5,0.7,0.7,44,1,0.38992,False,accepted,3
chat,5,0.7,0.7,44,2,0.04944,False,accepted,3
chat,5,0.7,0.7,44,3,0.97259,True,stopped,3
chat,5,0.7,0.7,45,0,2.21757,False,rejected,1
chat,5,0.7,0.7,45,1,0.54453,True,stopped,1
chat,5,0.7,0.7,46,0,0.00266,False,accepted,1
chat,5,0.7,0.7,46,1,1.11498,True,stopped,1
chat,5,0.7,0.7,47,0,0.00595,False,accepted,2
chat,5,0.7,0.7,47,1,0.18484,False,accepted,2
chat,5,0.7,0.7,47,2,1.66703,True,stopped,2
chat,5,0.7,0.7,48,0,1.47385,False,rejected,1
chat,5,0.7,0.7,48,1,1.68238,True,stopped,1
chat,5,0.7,0.7,49,0,0.70426,False,accepted,1
chat,5,0.7,0.7,49,1,1.41618,True,stopped,1
chat,5,0.7,0.7,50,0,7e-05,False,accepted,1
chat,5,0.7,0.7,50,1,1.08476,True,stopped,1
chat,5,0.7,0.7,51,0,0.01294,False,accepted,1
chat,5,0.7,0.7,51,1,1.96648,True,stopped,1
chat,5,0.7,0.7,52,0,0.10549,False,accepted,1
chat,5,0.7,0.7,52,1,1.04066,True,stopped,1
chat,5,0.7,0.7,53,0,0.38907,False,rejected,3
chat,5,0.7,0.7,53,1,0.06703,False,untested,3
chat,5,0.7,0.7,53,2,0.30649,False,untested,3
chat,5,0.7,0.7,53,3,1.34048,True,stopped,3
chat,5,0.7,0.7,54,0,2.1814,False,rejected,1
chat,5,0.7,0.7,54,1,0.84347,True,stopped,1
chat,5,0.7,0.7,55,0,0.61503,False,rejected,1
chat,5,0.7,0.7,55,1,1.0216,True,stopped,1
chat,5,0.7,0.7,56,0,0.90887,False,accepted,1
chat,5,0.7,0.7,56,1,0.8122,True,stopped,1
chat,5,0.7,0.7,57,0,1.7604,False,accepted,1
chat,5,0.7,0.7,57,1,1.57434,True,stopped,1
chat,5,0.7,0.7,58,0,1.08126,False,rejected,1
chat,5,0.7,0.7,58,1,0.80328,True,stopped,1
chat,5,0.7,0.7,59,0,1.3651,False,accepted,4
chat,5,0.7,0.7,59,1,0.0073,False,accepted,4
chat,5,0.7,0.7,59,2,0.0,False,accepted,4
chat,5,0.7,0.7,59,3,0.0,False,accepted,4
chat,5,0.7,0.7,59,4,3.00624,True,stopped,4
chat,5,0.7,0.7,60,0,2.08146,False,accepted,1
