phase,task,prompt_id,temperature,method,draft,gamma_mean,repeats,new_tokens,seconds,tokens_per_s,tokens_per_s_std,ttft_ms,ttft_ms_std,target_passes_per_token,alpha,peak_mem_gb,gpu_util,matches_baseline,c,predicted_speedup,measured_speedup,pos_tested,pos_accepted,dtype,gpu,speedup_sd_repeats,mean_gamma,order_positions
P3,code,0,0.0,baseline,eager,,3,128,7.5957,16.854,0.268,72.469,12.817,1.0,,6.689,54.1,True,0.7337,1.0,1.0,,,fp16,NVIDIA GeForce RTX 4060 Laptop GPU,,,
P3,code,0,0.0,fixed:1,eager,1.0,3,128,6.694,19.176,1.233,117.83,14.306,0.5469,0.8286,6.692,44.8,True,0.7337,1.0547,1.1377,70,58,fp16,NVIDIA GeForce RTX 4060 Laptop GPU,,,
P3,code,0,0.0,fixed:2,eager,1.98,3,128,6.6941,19.142,0.778,164.67,12.353,0.3828,0.8977,6.696,39.4,True,0.7337,1.0961,1.1357,49;39,40;39,fp16,NVIDIA GeForce RTX 4060 Laptop GPU,,,
P3,code,0,0.0,fixed:3,eager,3.0,3,128,7.5988,16.873,0.836,222.619,13.514,0.3203,0.8614,6.699,35.9,True,0.7337,1.0129,1.0011,41;30;30,30;30;27,fp16,NVIDIA GeForce RTX 4060 Laptop GPU,,,
P3,code,0,0.0,fixed:4,eager,3.941,3,128,7.4564,17.191,0.779,257.665,26.862,0.2656,0.8785,6.702,34.3,True,0.7337,0.9998,1.0199,34;28;24;21,28;25;21;20,fp16,NVIDIA GeForce RTX 4060 Laptop GPU,,,
P3,code,0,0.0,fixed:6,eager,5.769,3,128,7.1409,17.934,0.496,299.684,18.744,0.2031,0.9027,6.709,35.5,True,0.7337,0.9817,1.0641,25;20;19;18;16;15,20;19;18;16;15;14,fp16,NVIDIA GeForce RTX 4060 Laptop GPU,,,
P3,code,0,0.0,fixed:8,eager,7.955,3,128,8.1968,15.617,0.185,389.875,9.662,0.1719,0.8983,6.715,33.9,True,0.7337,0.8878,0.9266,22;17;17;14;13;13;13;9,17;17;14;13;13;13;10;9,fp16,NVIDIA GeForce RTX 4060 Laptop GPU,,,
P3,code,0,0.7,baseline,eager,,3,128,7.4664,17.152,0.469,71.257,6.593,1.0,,6.689,55.9,,0.7337,1.0,1.0,,,fp16,NVIDIA GeForce RTX 4060 Laptop GPU,,,
P3,code,0,0.7,fixed:1,eager,1.0,3,128,6.3871,20.068,0.932,122.891,13.849,0.5312,0.8824,6.691,45.6,,0.7337,1.0857,1.17,68,60,fp16,NVIDIA GeForce RTX 4060 Laptop GPU,,,
P3,code,0,0.7,fixed:2,eager,1.98,3,128,6.4826,19.75,0.403,152.124,10.876,0.3828,0.8876,6.694,38.0,,0.7337,1.0848,1.1515,49;40,41;38,fp16,NVIDIA GeForce RTX 4060 Laptop GPU,,,
P3,code,0,0.7,fixed:3,eager,3.0,3,128,6.8181,18.776,0.268,203.675,19.49,0.3125,0.8544,6.696,33.1,,0.7337,1.0021,1.0947,40;34;29,34;29;25,fp16,NVIDIA GeForce RTX 4060 Laptop GPU,,,
P3,code,0,0.7,fixed:4,eager,4.0,3,128,7.3044,17.53,0.41,228.868,6.572,0.2656,0.8704,6.699,35.8,,0.7337,0.9813,1.022,34;28;24;22,28;24;22;20,fp16,NVIDIA GeForce RTX 4060 Laptop GPU,,,
P3,code,0,0.7,fixed:6,eager,5.739,3,128,6.6921,19.146,0.751,311.43,34.172,0.1797,0.9375,6.705,34.9,,0.7337,1.083,1.1163,22;21;19;18;16;16,21;19;18;16;16;15,fp16,NVIDIA GeForce RTX 4060 Laptop GPU,,,
P3,code,0,0.7,fixed:8,eager,7.65,3,128,7.1108,18.001,0.134,387.863,11.682,0.1562,0.9153,6.711,34.8,,0.7337,0.9549,1.0495,20;17;15;15;14;13;13;11,18;15;15;14;13;13;11;9,fp16,NVIDIA GeForce RTX 4060 Laptop GPU,,,
P3,code,1,0.0,baseline,eager,,3,128,7.201,17.776,0.127,62.903,3.138,1.0,,6.689,55.0,True,0.7337,1.0,1.0,,,fp16,NVIDIA GeForce RTX 4060 Laptop GPU,,,
P3,code,1,0.0,fixed:1,eager,0.985,3,128,5.678,22.544,0.12,106.675,5.361,0.5156,0.9538,6.693,46.5,True,0.7337,1.1261,1.2682,65,62,fp16,NVIDIA GeForce RTX 4060 Laptop GPU,,,
P3,code,1,0.0,fixed:2,eager,1.977,3,128,5.5348,23.127,0.105,147.163,2.503,0.3438,0.9767,6.695,37.8,True,0.7337,1.1871,1.301,44;42,43;41,fp16,NVIDIA GeForce RTX 4060 Laptop GPU,,,
P3,code,1,0.0,fixed:3,eager,2.912,3,128,5.643,22.684,0.208,186.79,11.296,0.2656,0.9592,6.698,30.9,True,0.7337,1.175,1.2761,33;33;32,33;32;29,fp16,NVIDIA GeForce RTX 4060 Laptop GPU,,,
P3,code,1,0.0,fixed:4,eager,3.857,3,128,5.6625,22.606,0.151,223.355,21.476,0.2188,0.9709,6.702,35.6,True,0.7337,1.1989,1.2717,27;26;26;24,26;26;24;24,fp16,NVIDIA GeForce RTX 4060 Laptop GPU,,,
P3,code,1,0.0,fixed:6,eager,5.95,3,128,5.7276,22.351,0.338,296.895,6.525,0.1562,0.973,6.708,34.8,True,0.7337,1.1957,1.2574,20;19;19;18;18;17,19;19;18;18;18;16,fp16,NVIDIA GeForce RTX 4060 Laptop GPU,,,
P3,code,1,0.0,fixed:8,eager,7.75,3,128,5.824,21.99,0.641,402.486,42.949,0.125,0.9655,6.715,34.3,True,0.7337,1.1467,1.2371,16;16;16;15;14;14;13;12,16;16;15;15;14;13;12;11,fp16,NVIDIA GeForce RTX 4060 Laptop GPU,,,
P3,code,1,0.7,baseline,eager,,3,128,7.4643,17.155,0.427,71.689,2.839,1.0,,6.689,53.6,,0.7337,1.0,1.0,,,fp16,NVIDIA GeForce RTX 4060 Laptop GPU,,,
P3,code,1,0.7,fixed:1,eager,0.985,3,128,6.0953,21.004,0.355,118.811,8.943,0.5156,0.9538,6.692,46.1,,0.7337,1.1261,1.2243,65,62,fp16,NVIDIA GeForce RTX 4060 Laptop GPU,,,
P3,code,1,0.7,fixed:2,eager,2.0,3,128,6.0923,21.02,0.548,151.187,10.231,0.3594,0.9213,6.694,36.9,,0.7337,1.1227,1.2253,46;43,43;39,fp16,NVIDIA GeForce RTX 4060 Laptop GPU,,,
P3,code,1,0.7,fixed:3,eager,2.947,3,128,6.3711,20.096,0.389,189.877,14.953,0.2969,0.8911,6.696,39.5,,0.7337,1.0616,1.1714,38;33;30,34;30;26,fp16,NVIDIA GeForce RTX 4060 Laptop GPU,,,
P3,code,1,0.7,fixed:4,eager,3.929,3,128,5.9079,21.673,0.457,223.797,6.076,0.2188,0.9524,6.699,36.4,,0.7337,1.1561,1.2633,28;27;26;24,27;27;24;22,fp16,NVIDIA GeForce RTX 4060 Laptop GPU,,,
P3,code,1,0.7,fixed:6,eager,5.769,3,128,7.4694,17.14,0.285,322.572,13.834,0.2031,0.8947,6.705,34.7,,0.7337,0.9604,0.9991,25;21;20;17;17;14,21;20;17;17;14;13,fp16,NVIDIA GeForce RTX 4060 Laptop GPU,,,
P3,code,1,0.7,fixed:8,eager,7.81,3,128,7.8405,16.327,0.209,403.679,29.014,0.1641,0.9068,6.71,34.4,,0.7337,0.9209,0.9517,21;19;17;16;13;12;10;10,19;17;16;14;12;10;10;9,fp16,NVIDIA GeForce RTX 4060 Laptop GPU,,,
P3,code,2,0.0,baseline,eager,,3,128,7.2998,17.535,0.052,63.609,0.428,1.0,,6.689,54.0,True,0.7337,1.0,1.0,,,fp16,NVIDIA GeForce RTX 4060 Laptop GPU,,,
P3,code,2,0.0,fixed:1,eager,0.985,3,128,5.9079,21.67,0.345,111.926,5.138,0.5156,0.9538,6.693,45.5,True,0.7337,1.1261,1.2358,65,62,fp16,NVIDIA GeForce RTX 4060 Laptop GPU,,,
P3,code,2,0.0,fixed:2,eager,1.977,3,128,5.6437,22.681,0.192,148.709,0.354,0.3438,0.9767,6.696,38.6,True,0.7337,1.1871,1.2935,44;42,43;41,fp16,NVIDIA GeForce RTX 4060 Laptop GPU,,,
P3,code,2,0.0,fixed:3,eager,2.914,3,128,5.8225,21.986,0.294,185.739,6.096,0.2734,0.949,6.699,32.0,True,0.7337,1.1575,1.2539,34;33;31,33;31;29,fp16,NVIDIA GeForce RTX 4060 Laptop GPU,,,
P3,code,2,0.0,fixed:4,eager,4.0,3,128,6.0134,21.3,0.67,221.761,16.47,0.2188,0.9524,6.702,37.0,True,0.7337,1.1553,1.2147,28;27;27;23,27;27;23;23,fp16,NVIDIA GeForce RTX 4060 Laptop GPU,,,
P3,code,2,0.0,fixed:6,eager,5.909,3,128,6.3976,20.008,0.077,294.87,9.481,0.1719,0.9464,6.709,35.4,True,0.7337,1.107,1.141,22;20;20;19;16;15,20;20;19;17;15;15,fp16,NVIDIA GeForce RTX 4060 Laptop GPU,,,
P3,code,2,0.0,fixed:8,eager,7.75,3,128,6.0087,21.333,0.988,391.461,21.518,0.125,0.9655,6.715,33.8,True,0.7337,1.1467,1.2166,16;16;16;15;14;14;13;12,16;16;15;15;14;13;12;11,fp16,NVIDIA GeForce RTX 4060 Laptop GPU,,,
P3,code,2,0.7,baseline,eager,,3,128,7.9668,16.089,0.727,76.151,7.109,1.0,,6.689,51.4,,0.7337,1.0,1.0,,,fp16,NVIDIA GeForce RTX 4060 Laptop GPU,,,
P3,code,2,0.7,fixed:1,eager,1.0,3,128,5.9563,21.491,0.179,112.173,5.499,0.5156,0.9394,6.691,43.5,,0.7337,1.1186,1.3358,66,62,fp16,NVIDIA GeForce RTX 4060 Laptop GPU,,,
P3,code,2,0.7,fixed:2,eager,2.0,3,128,6.2202,20.581,0.281,157.896,9.775,0.375,0.8889,6.694,37.3,,0.7337,1.0858,1.2792,48;42,42;38,fp16,NVIDIA GeForce RTX 4060 Laptop GPU,,,
P3,code,2,0.7,fixed:3,eager,2.943,3,128,5.502,23.266,0.23,182.118,6.432,0.2734,0.9394,6.696,35.0,,0.7337,1.1411,1.4461,35;33;31,34;31;28,fp16,NVIDIA GeForce RTX 4060 Laptop GPU,,,
P3,code,2,0.7,fixed:4,eager,3.909,3,128,6.6036,19.384,0.126,217.791,2.655,0.2578,0.8962,6.699,36.3,,0.7337,1.0363,1.2048,33;27;24;22,28;24;22;21,fp16,NVIDIA GeForce RTX 4060 Laptop GPU,,,
P3,code,2,0.7,fixed:6,eager,5.783,3,128,6.3106,20.284,0.181,306.122,21.1,0.1797,0.9375,6.705,33.8,,0.7337,1.0819,1.2608,23;20;18;18;17;16,21;18;18;17;16;15,fp16,NVIDIA GeForce RTX 4060 Laptop GPU,,,
P3,code,2,0.7,fixed:8,eager,7.55,3,128,6.8079,18.806,0.334,366.731,8.443,0.1562,0.9153,6.71,33.0,,0.7337,0.9581,1.1689,19;18;18;16;15;13;10;9,18;18;16;15;13;10;9;9,fp16,NVIDIA GeForce RTX 4060 Laptop GPU,,,
P3,code,3,0.0,baseline,eager,,3,128,7.3091,17.522,0.518,63.205,2.925,1.0,,6.69,54.0,True,0.7337,1.0,1.0,,,fp16,NVIDIA GeForce RTX 4060 Laptop GPU,,,
P3,code,3,0.0,fixed:1,eager,0.985,3,128,6.2651,20.468,1.066,102.28,8.278,0.5312,0.8955,6.694,44.9,True,0.7337,1.0929,1.1681,67,60,fp16,NVIDIA GeForce RTX 4060 Laptop GPU,,,
P3,code,3,0.0,fixed:2,eager,1.959,3,128,6.7591,18.946,0.484,161.099,14.378,0.3828,0.8876,6.696,37.6,True,0.7337,1.0852,1.0812,48;41,41;38,fp16,NVIDIA GeForce RTX 4060 Laptop GPU,,,
P3,code,3,0.0,fixed:3,eager,2.921,3,128,6.6636,19.217,0.474,204.497,12.286,0.2969,0.8911,6.699,36.0,True,0.7337,1.0625,1.0967,37;34;30,34;30;26,fp16,NVIDIA GeForce RTX 4060 Laptop GPU,,,
P3,code,3,0.0,fixed:4,eager,3.879,3,128,7.2916,17.556,0.219,239.909,9.297,0.2578,0.8716,6.703,35.8,True,0.7337,0.9892,1.0019,32;29;25;23,29;25;23;18,fp16,NVIDIA GeForce RTX 4060 Laptop GPU,,,
P3,code,3,0.0,fixed:6,eager,5.92,3,128,7.4355,17.216,0.214,330.381,8.906,0.1953,0.9035,6.709,35.2,True,0.7337,0.9784,0.9825,25;23;20;18;14;14,23;20;18;15;14;13,fp16,NVIDIA GeForce RTX 4060 Laptop GPU,,,
P3,code,3,0.0,fixed:8,eager,7.909,3,128,7.9018,16.199,0.109,380.061,3.566,0.1719,0.8908,6.716,33.0,True,0.7337,0.8655,0.9245,22;20;18;16;13;12;10;8,20;18;16;13;12;11;8;8,fp16,NVIDIA GeForce RTX 4060 Laptop GPU,,,
P3,code,3,0.7,baseline,eager,,3,128,7.1696,17.854,0.113,63.042,1.917,1.0,,6.69,55.2,,0.7337,1.0,1.0,,,fp16,NVIDIA GeForce RTX 4060 Laptop GPU,,,
P3,code,3,0.7,fixed:1,eager,1.0,3,128,5.9331,21.574,0.122,107.53,4.957,0.5234,0.9104,6.691,45.0,,0.7337,1.1019,1.2084,67,61,fp16,NVIDIA GeForce RTX 4060 Laptop GPU,,,
P3,code,3,0.7,fixed:2,eager,1.98,3,128,6.1979,20.653,0.126,147.942,10.894,0.3828,0.8681,6.694,40.4,,0.7337,1.0632,1.1568,49;42,43;36,fp16,NVIDIA GeForce RTX 4060 Laptop GPU,,,
P3,code,3,0.7,fixed:3,eager,2.975,3,128,6.982,18.336,0.298,195.882,21.475,0.3125,0.8462,6.697,33.3,,0.7337,0.991,1.027,40;36;28,36;29;23,fp16,NVIDIA GeForce RTX 4060 Laptop GPU,,,
P3,code,3,0.7,fixed:4,eager,3.882,3,128,7.0045,18.276,0.224,226.194,13.881,0.2656,0.8624,6.7,37.6,,0.7337,0.9717,1.0236,33;28;26;22,28;26;22;18,fp16,NVIDIA GeForce RTX 4060 Laptop GPU,,,
P3,code,3,0.7,fixed:6,eager,6.0,3,128,9.2255,13.878,0.266,332.946,32.316,0.2344,0.8305,6.705,33.6,,0.7337,0.7945,0.7773,30;24;20;17;16;11,24;20;17;16;11;10,fp16,NVIDIA GeForce RTX 4060 Laptop GPU,,,
P3,code,3,0.7,fixed:8,eager,8.0,3,128,8.7229,14.674,0.033,398.44,29.725,0.1797,0.875,6.711,33.1,,0.7337,0.8144,0.8219,23;21;19;16;12;11;9;9,21;19;16;12;11;9;9;8,fp16,NVIDIA GeForce RTX 4060 Laptop GPU,,,
P3,code,4,0.0,baseline,eager,,3,128,7.6033,16.842,0.44,68.017,3.136,1.0,,6.689,54.8,True,0.7337,1.0,1.0,,,fp16,NVIDIA GeForce RTX 4060 Laptop GPU,,,
P3,code,4,0.0,fixed:1,eager,1.0,3,128,6.7186,19.086,0.984,112.865,5.042,0.5547,0.8028,6.692,44.8,True,0.7337,1.0399,1.1332,71,57,fp16,NVIDIA GeForce RTX 4060 Laptop GPU,,,
P3,code,4,0.0,fixed:2,eager,1.962,3,128,7.6392,16.759,0.287,176.239,15.268,0.4141,0.7979,6.696,41.9,True,0.7337,0.989,0.995,52;42,42;33,fp16,NVIDIA GeForce RTX 4060 Laptop GPU,,,
P3,code,4,0.0,fixed:3,eager,2.955,3,128,7.9199,16.194,0.883,194.095,29.008,0.3438,0.8235,6.698,35.4,True,0.7337,0.9588,0.9615,44;31;27,32;27;25,fp16,NVIDIA GeForce RTX 4060 Laptop GPU,,,
P3,code,4,0.0,fixed:4,eager,3.921,3,128,8.2735,15.473,0.207,226.201,10.26,0.2969,0.8257,6.702,36.1,True,0.7337,0.9032,0.9187,38;28;23;20,29;23;20;18,fp16,NVIDIA GeForce RTX 4060 Laptop GPU,,,
P3,code,4,0.0,fixed:6,eager,5.818,3,128,9.2618,13.822,0.197,295.288,12.503,0.2578,0.819,6.709,35.9,True,0.7337,0.7798,0.8207,32;23;18;17;15;11,23;18;17;15;11;11,fp16,NVIDIA GeForce RTX 4060 Laptop GPU,,,
P3,code,4,0.0,fixed:8,eager,7.821,3,128,9.9657,12.844,0.07,380.27,11.733,0.2188,0.8333,6.715,35.1,True,0.7337,0.7121,0.7626,28;21;17;15;13;9;9;8,21;17;16;13;9;9;8;7,fp16,NVIDIA GeForce RTX 4060 Laptop GPU,,,
P3,code,4,0.7,baseline,eager,,3,128,7.3838,17.342,0.405,65.308,0.772,1.0,,6.689,55.2,,0.7337,1.0,1.0,,,fp16,NVIDIA GeForce RTX 4060 Laptop GPU,,,
P3,code,4,0.7,fixed:1,eager,0.986,3,128,6.9927,18.626,2.918,120.647,15.88,0.5469,0.8406,6.692,42.5,,0.7337,1.0617,1.074,69,58,fp16,NVIDIA GeForce RTX 4060 Laptop GPU,,,
P3,code,4,0.7,fixed:2,eager,1.962,3,128,7.1335,18.168,2.389,184.735,44.052,0.4062,0.8261,6.694,38.1,,0.7337,1.0186,1.0476,51;41,41;35,fp16,NVIDIA GeForce RTX 4060 Laptop GPU,,,
P3,code,4,0.7,fixed:3,eager,2.86,3,128,7.3322,17.495,1.01,198.466,15.059,0.3359,0.8252,6.696,37.6,,0.7337,0.9669,1.0088,42;33;28,33;28;24,fp16,NVIDIA GeForce RTX 4060 Laptop GPU,,,
P3,code,4,0.7,fixed:4,eager,4.0,3,128,8.053,15.919,0.751,225.859,8.78,0.2969,0.8036,6.699,36.5,,0.7337,0.8603,0.918,38;30;25;19,30;25;19;16,fp16,NVIDIA GeForce RTX 4060 Laptop GPU,,,
P3,code,4,0.7,fixed:6,eager,5.8,3,128,8.5287,15.032,0.721,300.3,22.389,0.2344,0.8448,6.705,34.2,,0.7337,0.8367,0.8668,29;24;20;17;14;12,24;20;17;14;12;11,fp16,NVIDIA GeForce RTX 4060 Laptop GPU,,,
P3,code,4,0.7,fixed:8,eager,7.75,3,128,11.7853,10.861,0.035,400.189,34.848,0.25,0.7742,6.71,34.4,,0.7337,0.5918,0.6263,31;23;19;15;13;10;8;5,23;19;15;13;10;8;5;3,fp16,NVIDIA GeForce RTX 4060 Laptop GPU,,,
P3,code,5,0.0,baseline,eager,,3,128,7.4314,17.228,0.331,69.06,3.608,1.0,,6.69,54.8,True,0.7337,1.0,1.0,,,fp16,NVIDIA GeForce RTX 4060 Laptop GPU,,,
P3,code,5,0.0,fixed:1,eager,0.985,3,128,6.0247,21.246,0.145,110.717,7.316,0.5234,0.9242,6.693,44.4,True,0.7337,1.1093,1.2332,66,61,fp16,NVIDIA GeForce RTX 4060 Laptop GPU,,,
P3,code,5,0.0,fixed:2,eager,2.0,3,128,6.2048,20.63,0.18,145.115,6.05,0.375,0.8989,6.696,38.1,True,0.7337,1.097,1.1975,48;41,41;39,fp16,NVIDIA GeForce RTX 4060 Laptop GPU,,,
P3,code,5,0.0,fixed:3,eager,2.971,3,128,5.8224,21.985,0.166,182.504,1.849,0.2734,0.93,6.699,40.6,True,0.7337,1.1248,1.2761,35;34;31,34;32;27,fp16,NVIDIA GeForce RTX 4060 Laptop GPU,,,
P3,code,5,0.0,fixed:4,eager,4.0,3,128,6.4009,19.999,0.24,232.194,12.289,0.2422,0.9151,6.702,38.2,True,0.7337,1.0725,1.1608,31;27;24;24,27;24;24;22,fp16,NVIDIA GeForce RTX 4060 Laptop GPU,,,
P3,code,5,0.0,fixed:6,eager,5.76,3,128,6.987,18.321,0.161,296.469,6.221,0.1953,0.9196,6.709,35.1,True,0.7337,1.0296,1.0634,24;21;18;18;16;15,21;18;18;16;15;15,fp16,NVIDIA GeForce RTX 4060 Laptop GPU,,,
P3,code,5,0.0,fixed:8,eager,7.85,3,128,7.3407,17.437,0.113,374.884,6.441,0.1562,0.9153,6.716,34.1,True,0.7337,0.9484,1.0121,20;18;16;16;14;13;12;9,18;16;16;14;14;12;9;9,fp16,NVIDIA GeForce RTX 4060 Laptop GPU,,,
P3,code,5,0.7,baseline,eager,,3,128,7.5142,17.041,0.419,66.688,7.179,1.0,,6.69,53.3,,0.7337,1.0,1.0,,,fp16,NVIDIA GeForce RTX 4060 Laptop GPU,,,
P3,code,5,0.7,fixed:1,eager,0.985,3,128,6.0343,21.218,0.422,112.471,7.249,0.5312,0.8955,6.693,45.4,,0.7337,1.0929,1.2451,67,60,fp16,NVIDIA GeForce RTX 4060 Laptop GPU,,,
P3,code,5,0.7,fixed:2,eager,1.956,3,128,5.7502,22.261,0.191,161.261,18.665,0.3516,0.9651,6.694,36.8,,0.7337,1.1729,1.3063,44;42,42;41,fp16,NVIDIA GeForce RTX 4060 Laptop GPU,,,
P3,code,5,0.7,fixed:3,eager,2.973,3,128,6.3682,20.108,0.478,195.82,8.748,0.2891,0.9286,6.696,34.3,,0.7337,1.1224,1.1799,37;32;29,32;30;29,fp16,NVIDIA GeForce RTX 4060 Laptop GPU,,,
P3,code,5,0.7,fixed:4,eager,3.879,3,128,6.8578,18.67,0.388,228.865,2.166,0.2578,0.8796,6.699,36.6,,0.7337,1.0047,1.0956,32;29;25;22,29;25;22;19,fp16,NVIDIA GeForce RTX 4060 Laptop GPU,,,
P3,code,5,0.7,fixed:6,eager,5.87,3,128,6.882,18.677,1.457,324.492,37.815,0.1797,0.9292,6.705,34.3,,0.7337,1.0545,1.096,23;21;20;17;16;16,21;20;18;16;16;14,fp16,NVIDIA GeForce RTX 4060 Laptop GPU,,,
P3,code,5,0.7,fixed:8,eager,7.708,3,128,8.7736,14.592,0.228,397.29,0.737,0.1875,0.8739,6.711,33.9,,0.7337,0.8232,0.8563,24;20;18;15;13;10;10;9,20;18;15;14;10;10;9;8,fp16,NVIDIA GeForce RTX 4060 Laptop GPU,,,
P3,math,0,0.0,baseline,eager,,3,128,7.9974,16.076,1.314,75.944,10.252,1.0,,6.689,53.9,True,0.7337,1.0,1.0,,,fp16,NVIDIA GeForce RTX 4060 Laptop GPU,,,
P3,math,0,0.0,fixed:1,eager,1.0,3,128,6.4995,19.699,0.391,119.051,3.905,0.5156,0.9394,6.692,52.5,True,0.7337,1.1186,1.2254,66,62,fp16,NVIDIA GeForce RTX 4060 Laptop GPU,,,
P3,math,0,0.0,fixed:2,eager,1.956,3,128,5.9518,21.507,0.137,157.085,5.889,0.3516,0.9651,6.696,40.9,True,0.7337,1.1729,1.3379,44;42,42;41,fp16,NVIDIA GeForce RTX 4060 Laptop GPU,,,
P3,math,0,0.0,fixed:3,eager,3.0,3,128,6.1181,20.922,0.153,204.575,6.996,0.2734,0.949,6.699,38.7,True,0.7337,1.1571,1.3015,35;32;31,32;31;30,fp16,NVIDIA GeForce RTX 4060 Laptop GPU,,,
P3,math,0,0.0,fixed:4,eager,3.893,3,128,6.1675,20.836,1.634,247.908,6.493,0.2188,0.9615,6.702,38.6,True,0.7337,1.1773,1.2962,28;26;25;25,27;25;25;23,fp16,NVIDIA GeForce RTX 4060 Laptop GPU,,,
P3,math,0,0.0,fixed:6,eager,5.818,3,128,5.074,25.243,0.777,249.433,15.005,0.1719,0.955,6.709,39.8,True,0.7337,1.1362,1.5702,22;20;18;18;17;16,20;19;18;17;16;16,fp16,NVIDIA GeForce RTX 4060 Laptop GPU,,,
P3,math,0,0.0,fixed:8,eager,7.882,3,128,4.9285,26.024,1.451,325.643,22.661,0.1328,0.9652,6.715,42.9,True,0.7337,1.1435,1.6189,17;16;16;15;14;13;12;12,16;16;15;14;13;13;12;12,fp16,NVIDIA GeForce RTX 4060 Laptop GPU,,,
P3,math,0,0.7,baseline,eager,,3,128,5.8038,22.076,0.841,53.286,1.233,1.0,,6.689,72.0,,0.7337,1.0,1.0,,,fp16,NVIDIA GeForce RTX 4060 Laptop GPU,,,
P3,math,0,0.7,fixed:1,eager,1.0,3,128,5.1032,25.101,0.824,103.201,25.368,0.5156,0.9394,6.691,57.7,,0.7337,1.1186,1.137,66,62,fp16,NVIDIA GeForce RTX 4060 Laptop GPU,,,
P3,math,0,0.7,fixed:2,eager,1.979,3,128,5.2884,24.259,1.424,120.366,14.31,0.3672,0.9101,6.694,46.6,,0.7337,1.11,1.0989,47;42,43;38,fp16,NVIDIA GeForce RTX 4060 Laptop GPU,,,
P3,math,0,0.7,fixed:3,eager,2.972,3,128,5.1861,24.763,1.751,165.483,26.957,0.2812,0.9388,6.696,44.5,,0.7337,1.1397,1.1217,36;32;30,32;31;29,fp16,NVIDIA GeForce RTX 4060 Laptop GPU,,,
P3,math,0,0.7,fixed:4,eager,3.862,3,128,5.2194,24.53,0.453,205.614,7.91,0.2266,0.9612,6.699,40.6,,0.7337,1.1766,1.1111,28;26;25;24,26;25;24;24,fp16,NVIDIA GeForce RTX 4060 Laptop GPU,,,
P3,math,0,0.7,fixed:6,eager,5.957,3,128,5.6235,22.789,0.965,240.386,15.228,0.1797,0.9292,6.705,36.0,,0.7337,1.052,1.0323,23;20;19;18;17;16,20;19;18;17;17;14,fp16,NVIDIA GeForce RTX 4060 Laptop GPU,,,
P3,math,0,0.7,fixed:8,eager,7.9,3,128,6.1825,20.712,0.49,298.059,42.858,0.1562,0.9231,6.71,35.1,,0.7337,0.9746,0.9382,20;17;16;16;14;13;11;10,17;16;16;14;13;12;10;10,fp16,NVIDIA GeForce RTX 4060 Laptop GPU,,,
P3,math,1,0.0,baseline,eager,,3,128,5.842,21.983,1.526,55.311,5.884,1.0,,6.69,69.4,True,0.7337,1.0,1.0,,,fp16,NVIDIA GeForce RTX 4060 Laptop GPU,,,
P3,math,1,0.0,fixed:1,eager,0.985,3,128,4.8085,26.628,0.591,94.385,3.275,0.5234,0.9242,6.694,55.4,True,0.7337,1.1093,1.2113,66,61,fp16,NVIDIA GeForce RTX 4060 Laptop GPU,,,
P3,math,1,0.0,fixed:2,eager,1.978,3,128,4.7105,27.181,0.545,118.308,8.87,0.3594,0.9425,6.696,47.8,True,0.7337,1.1471,1.2364,46;41,42;40,fp16,NVIDIA GeForce RTX 4060 Laptop GPU,,,
P3,math,1,0.0,fixed:3,eager,2.917,3,128,4.9476,25.891,0.859,149.049,23.264,0.2812,0.9293,6.699,41.5,True,0.7337,1.1245,1.1778,35;33;31,33;31;28,fp16,NVIDIA GeForce RTX 4060 Laptop GPU,,,
P3,math,1,0.0,fixed:4,eager,4.0,3,128,4.9134,26.052,0.134,165.212,21.633,0.2266,0.934,6.703,41.6,True,0.7337,1.1136,1.1851,29;28;25;24,28;25;24;22,fp16,NVIDIA GeForce RTX 4060 Laptop GPU,,,
P3,math,1,0.0,fixed:6,eager,5.909,3,128,4.9831,25.691,0.396,230.238,22.665,0.1719,0.9381,6.709,38.7,True,0.7337,1.0805,1.1687,22;21;19;18;17;16,21;19;18;18;16;14,fp16,NVIDIA GeForce RTX 4060 Laptop GPU,,,
P3,math,1,0.0,fixed:8,eager,7.789,3,128,5.3455,23.955,0.598,278.721,22.001,0.1484,0.9478,6.716,35.5,True,0.7337,1.0721,1.0897,19;16;15;14;13;13;13;12,16;15;14;14;13;13;12;12,fp16,NVIDIA GeForce RTX 4060 Laptop GPU,,,
P3,math,1,0.7,baseline,eager,,3,128,5.5106,23.229,0.164,48.549,5.278,1.0,,6.69,72.9,,0.7337,1.0,1.0,,,fp16,NVIDIA GeForce RTX 4060 Laptop GPU,,,
P3,math,1,0.7,fixed:1,eager,1.0,3,128,4.4163,28.987,0.355,84.618,12.111,0.5156,0.9394,6.691,60.8,,0.7337,1.1186,1.2479,66,62,fp16,NVIDIA GeForce RTX 4060 Laptop GPU,,,
P3,math,1,0.7,fixed:2,eager,2.0,3,128,4.2537,30.093,0.245,116.162,7.432,0.3438,0.9655,6.694,49.2,,0.7337,1.1744,1.2955,44;43,43;41,fp16,NVIDIA GeForce RTX 4060 Laptop GPU,,,
P3,math,1,0.7,fixed:3,eager,3.0,3,128,4.5454,28.163,0.328,133.021,11.853,0.2812,0.92,6.697,42.6,,0.7337,1.1075,1.2124,36;33;31,33;31;28,fp16,NVIDIA GeForce RTX 4060 Laptop GPU,,,
P3,math,1,0.7,fixed:4,eager,3.893,3,128,4.2342,30.231,0.181,149.396,15.433,0.2188,0.9615,6.7,42.7,,0.7337,1.1773,1.3014,28;26;25;25,27;25;25;23,fp16,NVIDIA GeForce RTX 4060 Laptop GPU,,,
P3,math,1,0.7,fixed:6,eager,5.792,3,128,5.0856,25.17,0.167,233.645,20.868,0.1875,0.9286,6.705,38.5,,0.7337,1.0547,1.0836,24;22;19;16;16;15,22;19;17;16;15;15,fp16,NVIDIA GeForce RTX 4060 Laptop GPU,,,
P3,math,1,0.7,fixed:8,eager,7.667,3,128,5.7431,22.289,0.219,281.118,37.182,0.1641,0.9304,6.711,36.3,,0.7337,1.0083,0.9595,21;18;15;13;12;12;12;12,18;15;14;12;12;12;12;12,fp16,NVIDIA GeForce RTX 4060 Laptop GPU,,,
P3,math,2,0.0,baseline,eager,,3,128,4.906,26.166,1.707,43.287,6.239,1.0,,6.689,80.8,True,0.7337,1.0,1.0,,,fp16,NVIDIA GeForce RTX 4060 Laptop GPU,,,
P3,math,2,0.0,fixed:1,eager,1.0,3,128,4.471,28.632,0.346,78.383,2.723,0.5234,0.9104,6.692,58.9,True,0.7337,1.1019,1.0942,67,61,fp16,NVIDIA GeForce RTX 4060 Laptop GPU,,,
P3,math,2,0.0,fixed:2,eager,1.957,3,128,4.4176,29.226,3.426,105.482,11.17,0.3672,0.9205,6.696,50.7,True,0.7337,1.1219,1.1169,46;42,42;39,fp16,NVIDIA GeForce RTX 4060 Laptop GPU,,,
P3,math,2,0.0,fixed:3,eager,3.0,3,128,4.8485,26.408,0.556,137.744,0.797,0.2891,0.9286,6.699,42.9,True,0.7337,1.1219,1.0092,37;31;30,31;30;30,fp16,NVIDIA GeForce RTX 4060 Laptop GPU,,,
P3,math,2,0.0,fixed:4,eager,3.867,3,128,4.896,26.154,0.625,193.851,8.883,0.2344,0.9333,6.702,43.1,True,0.7337,1.115,0.9995,29;26;26;24,26;26;24;22,fp16,NVIDIA GeForce RTX 4060 Laptop GPU,,,
P3,math,2,0.0,fixed:6,eager,5.792,3,128,5.3569,23.915,0.848,227.562,12.375,0.1875,0.9286,6.709,37.5,True,0.7337,1.0547,0.9139,24;19;19;18;17;15,20;19;18;17;15;15,fp16,NVIDIA GeForce RTX 4060 Laptop GPU,,,
P3,math,2,0.0,fixed:8,eager,7.905,3,128,5.9634,21.466,0.223,314.716,12.929,0.1641,0.9224,6.715,34.7,True,0.7337,0.9721,0.8203,21;18;15;14;13;13;11;11,18;15;14;13;13;12;11;11,fp16,NVIDIA GeForce RTX 4060 Laptop GPU,,,
P3,math,2,0.7,baseline,eager,,3,128,5.5143,23.217,0.383,49.521,3.048,1.0,,6.689,72.5,,0.7337,1.0,1.0,,,fp16,NVIDIA GeForce RTX 4060 Laptop GPU,,,
P3,math,2,0.7,fixed:1,eager,0.985,3,128,4.4559,28.729,0.368,86.376,11.805,0.5156,0.9538,6.693,60.7,,0.7337,1.1261,1.2374,65,62,fp16,NVIDIA GeForce RTX 4060 Laptop GPU,,,
P3,math,2,0.7,fixed:2,eager,1.956,3,128,4.3509,29.422,0.308,119.867,13.071,0.3516,0.9651,6.694,48.7,,0.7337,1.1729,1.2673,44;42,42;41,fp16,NVIDIA GeForce RTX 4060 Laptop GPU,,,
P3,math,2,0.7,fixed:3,eager,2.914,3,128,4.6288,27.656,0.338,156.977,8.078,0.2734,0.9688,6.696,42.1,,0.7337,1.1916,1.1912,34;31;31,31;31;31,fp16,NVIDIA GeForce RTX 4060 Laptop GPU,,,
P3,math,2,0.7,fixed:4,eager,4.0,3,128,4.9212,26.014,0.389,193.875,21.356,0.2344,0.9245,6.699,37.3,,0.7337,1.0928,1.1205,30;26;25;25,26;25;25;22,fp16,NVIDIA GeForce RTX 4060 Laptop GPU,,,
P3,math,2,0.7,fixed:6,eager,5.909,3,128,4.8502,26.396,0.444,248.934,27.056,0.1719,0.955,6.705,39.2,,0.7337,1.1347,1.1369,22;19;19;19;16;16,19;19;19;17;16;16,fp16,NVIDIA GeForce RTX 4060 Laptop GPU,,,
P3,math,2,0.7,fixed:8,eager,7.579,3,128,5.1488,24.863,0.316,308.684,8.402,0.1484,0.9561,6.711,36.3,,0.7337,1.11,1.0709,18;17;14;13;13;13;13;13,17;14;13;13;13;13;13;13,fp16,NVIDIA GeForce RTX 4060 Laptop GPU,,,
P3,math,3,0.0,baseline,eager,,3,128,5.5011,23.271,0.3,46.547,2.556,1.0,,6.689,72.0,True,0.7337,1.0,1.0,,,fp16,NVIDIA GeForce RTX 4060 Laptop GPU,,,
P3,math,3,0.0,fixed:1,eager,1.0,3,128,4.4991,28.45,0.165,88.998,1.011,0.5156,0.9394,6.692,59.4,True,0.7337,1.1186,1.2226,66,62,fp16,NVIDIA GeForce RTX 4060 Laptop GPU,,,
P3,math,3,0.0,fixed:2,eager,1.978,3,128,4.459,28.707,0.162,112.726,11.625,0.3594,0.9425,6.696,49.2,True,0.7337,1.1471,1.2336,46;41,42;40,fp16,NVIDIA GeForce RTX 4060 Laptop GPU,,,
P3,math,3,0.0,fixed:3,eager,2.943,3,128,4.4843,28.544,0.067,141.466,7.423,0.2734,0.9588,6.699,44.5,True,0.7337,1.1743,1.2266,35;31;31,32;31;30,fp16,NVIDIA GeForce RTX 4060 Laptop GPU,,,
P3,math,3,0.0,fixed:4,eager,3.871,3,128,5.0385,25.409,0.415,187.175,9.68,0.2422,0.9238,6.702,38.3,True,0.7337,1.0945,1.0919,30;27;24;24,27;24;24;22,fp16,NVIDIA GeForce RTX 4060 Laptop GPU,,,
P3,math,3,0.0,fixed:6,eager,5.913,3,128,4.8836,26.4,2.824,230.516,30.816,0.1797,0.9292,6.709,38.8,True,0.7337,1.0532,1.1345,23;21;19;18;17;15,21;19;18;18;15;14,fp16,NVIDIA GeForce RTX 4060 Laptop GPU,,,
P3,math,3,0.0,fixed:8,eager,7.947,3,128,4.5523,28.124,0.533,259.811,13.136,0.1484,0.9316,6.715,39.2,True,0.7337,1.0049,1.2086,19;17;16;14;14;14;13;10,17;16;14;14;14;13;11;10,fp16,NVIDIA GeForce RTX 4060 Laptop GPU,,,
P3,math,3,0.7,baseline,eager,,3,128,4.9898,25.654,0.221,45.868,4.883,1.0,,6.689,79.2,,0.7337,1.0,1.0,,,fp16,NVIDIA GeForce RTX 4060 Laptop GPU,,,
P3,math,3,0.7,fixed:1,eager,0.985,3,128,4.1472,30.865,0.187,77.386,5.354,0.5312,0.8955,6.693,64.9,,0.7337,1.0929,1.2031,67,60,fp16,NVIDIA GeForce RTX 4060 Laptop GPU,,,
P3,math,3,0.7,fixed:2,eager,1.956,3,128,3.8417,33.321,0.336,108.096,4.453,0.3516,0.9651,6.694,55.1,,0.7337,1.1729,1.2989,44;42,42;41,fp16,NVIDIA GeForce RTX 4060 Laptop GPU,,,
P3,math,3,0.7,fixed:3,eager,2.972,3,128,4.0738,31.423,0.339,127.937,7.727,0.2812,0.92,6.696,48.7,,0.7337,1.108,1.2249,36;34;30,34;31;27,fp16,NVIDIA GeForce RTX 4060 Laptop GPU,,,
P3,math,3,0.7,fixed:4,eager,3.967,3,128,4.949,25.868,0.386,180.41,13.706,0.2344,0.9333,6.699,38.3,,0.7337,1.1129,1.0083,30;27;25;23,27;25;24;22,fp16,NVIDIA GeForce RTX 4060 Laptop GPU,,,
P3,math,3,0.7,fixed:6,eager,5.72,3,128,5.4866,23.33,0.125,235.068,14.649,0.1953,0.9115,6.705,37.7,,0.7337,1.0078,0.9094,25;21;18;17;16;16,21;19;17;16;16;14,fp16,NVIDIA GeForce RTX 4060 Laptop GPU,,,
P3,math,3,0.7,fixed:8,eager,7.9,3,128,5.6963,22.472,0.252,306.936,13.66,0.1562,0.9,6.71,35.2,,0.7337,0.8953,0.876,20;17;17;16;16;15;11;8,17;17;16;16;15;12;8;7,fp16,NVIDIA GeForce RTX 4060 Laptop GPU,,,
P3,math,4,0.0,baseline,eager,,3,128,5.4696,23.409,0.487,45.563,6.346,1.0,,6.69,71.4,True,0.7337,1.0,1.0,,,fp16,NVIDIA GeForce RTX 4060 Laptop GPU,,,
P3,math,4,0.0,fixed:1,eager,1.0,3,128,4.5314,28.26,0.736,91.254,12.291,0.5234,0.9104,6.692,58.2,True,0.7337,1.1019,1.2072,67,61,fp16,NVIDIA GeForce RTX 4060 Laptop GPU,,,
P3,math,4,0.0,fixed:2,eager,1.978,3,128,4.474,28.61,0.029,114.655,7.262,0.3594,0.9425,6.696,49.1,True,0.7337,1.1471,1.2222,46;41,42;40,fp16,NVIDIA GeForce RTX 4060 Laptop GPU,,,
P3,math,4,0.0,fixed:3,eager,2.943,3,128,4.4522,28.759,0.634,148.115,5.615,0.2734,0.93,6.699,43.6,True,0.7337,1.1252,1.2286,35;33;32,34;32;27,fp16,NVIDIA GeForce RTX 4060 Laptop GPU,,,
P3,math,4,0.0,fixed:4,eager,3.867,3,128,5.0018,25.595,0.413,171.284,5.309,0.2344,0.9333,6.702,39.1,True,0.7337,1.115,1.0934,30;27;25;23,28;25;23;22,fp16,NVIDIA GeForce RTX 4060 Laptop GPU,,,
P3,math,4,0.0,fixed:6,eager,5.783,3,128,4.8666,26.313,0.647,250.669,15.086,0.1797,0.9375,6.709,38.0,True,0.7337,1.0819,1.124,23;19;19;18;18;15,20;19;18;18;15;15,fp16,NVIDIA GeForce RTX 4060 Laptop GPU,,,
P3,math,4,0.0,fixed:8,eager,7.632,3,128,5.4111,23.656,0.173,314.039,36.624,0.1484,0.9316,6.716,35.3,True,0.7337,1.0136,1.0106,19;16;16;14;14;14;13;11,17;16;14;14;14;13;11;10,fp16,NVIDIA GeForce RTX 4060 Laptop GPU,,,
P3,math,4,0.7,baseline,eager,,3,128,5.7292,22.342,0.132,54.541,3.906,1.0,,6.69,69.0,,0.7337,1.0,1.0,,,fp16,NVIDIA GeForce RTX 4060 Laptop GPU,,,
P3,math,4,0.7,fixed:1,eager,1.0,3,128,4.5141,28.359,0.394,87.122,3.504,0.5078,0.9692,6.691,57.9,,0.7337,1.1359,1.2693,65,63,fp16,NVIDIA GeForce RTX 4060 Laptop GPU,,,
P3,math,4,0.7,fixed:2,eager,1.977,3,128,4.3702,29.29,0.233,109.843,14.36,0.3438,0.9655,6.694,49.4,,0.7337,1.1739,1.311,44;43,44;40,fp16,NVIDIA GeForce RTX 4060 Laptop GPU,,,
P3,math,4,0.7,fixed:3,eager,2.861,3,128,4.667,27.427,0.086,155.833,5.932,0.2812,0.9293,6.697,44.3,,0.7337,1.1253,1.2276,35;33;31,33;31;28,fp16,NVIDIA GeForce RTX 4060 Laptop GPU,,,
P3,math,4,0.7,fixed:4,eager,3.857,3,128,4.4553,28.73,0.122,187.381,0.993,0.2188,0.9709,6.7,41.6,,0.7337,1.1989,1.2859,27;27;25;24,27;25;24;24,fp16,NVIDIA GeForce RTX 4060 Laptop GPU,,,
P3,math,4,0.7,fixed:6,eager,5.727,3,128,4.7211,27.119,0.527,235.584,15.96,0.1719,0.9636,6.705,36.1,,0.7337,1.166,1.2138,21;20;18;17;17;17,20;18;17;17;17;17,fp16,NVIDIA GeForce RTX 4060 Laptop GPU,,,
P3,math,4,0.7,fixed:8,eager,7.632,3,128,5.2537,24.366,0.291,321.586,5.538,0.1484,0.9316,6.711,36.0,,0.7337,1.0136,1.0906,19;16;15;15;15;13;13;11,17;15;15;15;13;13;11;10,fp16,NVIDIA GeForce RTX 4060 Laptop GPU,,,
P3,math,5,0.0,baseline,eager,,3,128,5.6413,22.717,0.981,45.034,2.852,1.0,,6.689,76.0,True,0.7532,1.0,1.0,,,fp16,NVIDIA GeForce RTX 4060 Laptop GPU,,,
P3,math,5,0.0,fixed:1,eager,1.0,3,128,4.6761,27.481,2.156,91.265,19.512,0.5078,0.9692,6.692,54.4,True,0.7532,1.1232,1.2097,65,63,fp16,NVIDIA GeForce RTX 4060 Laptop GPU,,,
P3,math,5,0.0,fixed:2,eager,1.977,3,128,4.0088,31.992,1.696,102.208,6.172,0.3359,1.0,6.696,52.8,True,0.7532,1.196,1.4083,43;42,43;42,fp16,NVIDIA GeForce RTX 4060 Laptop GPU,,,
P3,math,5,0.0,fixed:3,eager,2.941,3,128,5.2808,24.629,3.94,162.87,9.638,0.2656,0.9792,6.699,34.4,True,0.7532,1.1887,1.0841,34;31;31,32;31;31,fp16,NVIDIA GeForce RTX 4060 Laptop GPU,,,
P3,math,5,0.0,fixed:4,eager,3.963,3,128,5.169,24.874,2.088,211.437,28.529,0.2109,0.9806,6.702,34.4,True,0.7532,1.1985,1.095,27;26;26;24,26;26;25;24,fp16,NVIDIA GeForce RTX 4060 Laptop GPU,,,
P3,math,5,0.0,fixed:6,eager,6.0,3,128,4.347,29.482,1.259,248.147,48.492,0.1484,0.9909,6.709,35.6,True,0.7532,1.2343,1.2978,19;19;18;18;18;18,19;18;18;18;18;18,fp16,NVIDIA GeForce RTX 4060 Laptop GPU,,,
P3,math,5,0.0,fixed:8,eager,7.75,3,128,4.8876,26.443,3.285,357.756,78.544,0.125,0.9825,6.715,33.2,True,0.7532,1.1961,1.164,16;16;16;14;13;13;13;13,16;16;14;14;13;13;13;13,fp16,NVIDIA GeForce RTX 4060 Laptop GPU,,,
P3,math,5,0.7,baseline,eager,,3,128,6.9286,18.528,1.239,61.269,11.773,1.0,,6.689,59.6,,0.7532,1.0,1.0,,,fp16,NVIDIA GeForce RTX 4060 Laptop GPU,,,
P3,math,5,0.7,fixed:1,eager,1.0,3,128,4.6317,27.846,2.9,77.112,6.5,0.5156,0.9394,6.691,57.9,,0.7532,1.1062,1.5029,66,62,fp16,NVIDIA GeForce RTX 4060 Laptop GPU,,,
P3,math,5,0.7,fixed:2,eager,2.0,3,128,4.9664,25.849,1.73,142.752,11.401,0.3359,0.9884,6.694,42.3,,0.7532,1.1831,1.3952,43;43,43;42,fp16,NVIDIA GeForce RTX 4060 Laptop GPU,,,
P3,math,5,0.7,fixed:3,eager,2.914,3,128,5.4819,23.352,0.295,166.461,33.141,0.2734,0.9688,6.696,37.2,,0.7532,1.1704,1.2604,34;31;31,31;31;31,fp16,NVIDIA GeForce RTX 4060 Laptop GPU,,,
P3,math,5,0.7,fixed:4,eager,4.0,3,128,5.4195,23.626,0.528,227.318,32.699,0.2188,0.9615,6.699,37.5,,0.7532,1.1538,1.2752,28;27;25;24,27;25;24;24,fp16,NVIDIA GeForce RTX 4060 Laptop GPU,,,
P3,math,5,0.7,fixed:6,eager,5.6,3,128,4.2538,30.102,0.712,241.89,17.499,0.1562,0.9818,6.705,37.9,,0.7532,1.2023,1.6247,19;19;19;19;17;17,19;19;19;17;17;17,fp16,NVIDIA GeForce RTX 4060 Laptop GPU,,,
P3,math,5,0.7,fixed:8,eager,7.562,3,128,4.7007,27.501,3.359,310.84,65.074,0.125,0.9739,6.71,33.4,,0.7532,1.1596,1.4843,16;15;15;14;14;14;14;13,16;15;14;14;14;14;13;12,fp16,NVIDIA GeForce RTX 4060 Laptop GPU,,,
P3,chat,0,0.0,baseline,eager,,3,128,5.536,23.188,1.513,51.98,6.502,1.0,,6.689,71.2,True,0.7532,1.0,1.0,,,fp16,NVIDIA GeForce RTX 4060 Laptop GPU,,,
P3,chat,0,0.0,fixed:1,eager,0.986,3,128,4.9527,26.052,2.828,93.534,12.144,0.5391,0.8676,6.693,54.0,True,0.7532,1.0652,1.1235,68,59,fp16,NVIDIA GeForce RTX 4060 Laptop GPU,,,
P3,chat,0,0.0,fixed:2,eager,1.981,3,128,5.7275,22.431,1.705,130.794,17.656,0.4062,0.8172,6.695,43.6,True,0.7532,0.9926,0.9673,52;41,42;34,fp16,NVIDIA GeForce RTX 4060 Laptop GPU,,,
P3,chat,0,0.0,fixed:3,eager,2.93,3,128,6.223,20.723,2.255,172.833,36.083,0.3359,0.8019,6.698,38.9,True,0.7532,0.913,0.8937,42;38;26,38;26;21,fp16,NVIDIA GeForce RTX 4060 Laptop GPU,,,
P3,chat,0,0.0,fixed:4,eager,4.0,3,128,7.8026,16.411,0.399,241.605,20.617,0.3125,0.7652,6.702,34.3,True,0.7532,0.7829,0.7077,40;34;23;18,34;23;18;13,fp16,NVIDIA GeForce RTX 4060 Laptop GPU,,,
P3,chat,0,0.0,fixed:6,eager,5.939,3,128,8.6561,14.788,0.129,256.859,42.036,0.2578,0.7851,6.708,34.3,True,0.7532,0.6916,0.6377,33;30;22;16;11;9,30;22;16;12;9;6,fp16,NVIDIA GeForce RTX 4060 Laptop GPU,,,
P3,chat,0,0.0,fixed:8,eager,7.879,3,128,10.0021,12.898,1.389,337.034,17.457,0.2578,0.7787,6.715,35.9,True,0.7532,0.5809,0.5562,33;27;19;14;9;9;6;5,27;19;14;10;9;6;5;5,fp16,NVIDIA GeForce RTX 4060 Laptop GPU,,,
P3,chat,0,0.7,baseline,eager,,3,128,5.357,23.93,1.133,47.481,4.93,1.0,,6.689,73.5,,0.7532,1.0,1.0,,,fp16,NVIDIA GeForce RTX 4060 Laptop GPU,,,
P3,chat,0,0.7,fixed:1,eager,1.0,3,128,6.3625,20.145,0.89,110.02,14.94,0.5625,0.7778,6.69,47.3,,0.7532,1.014,0.8418,72,56,fp16,NVIDIA GeForce RTX 4060 Laptop GPU,,,
P3,chat,0,0.7,fixed:2,eager,1.983,3,128,8.1195,15.766,0.172,149.118,8.27,0.4688,0.6939,6.694,38.2,,0.7532,0.8696,0.6588,60;38,39;29,fp16,NVIDIA GeForce RTX 4060 Laptop GPU,,,
P3,chat,0,0.7,fixed:3,eager,2.979,3,128,7.5532,16.977,0.892,189.211,9.696,0.3672,0.7364,6.696,38.0,,0.7532,0.8234,0.7095,47;39;24,39;25;17,fp16,NVIDIA GeForce RTX 4060 Laptop GPU,,,
P3,chat,0,0.7,fixed:4,eager,3.958,3,128,9.788,13.08,0.229,230.587,33.393,0.375,0.6838,6.699,35.1,,0.7532,0.6736,0.5466,48;33;22;14,33;23;14;10,fp16,NVIDIA GeForce RTX 4060 Laptop GPU,,,
P3,chat,0,0.7,fixed:6,eager,5.865,3,128,8.3288,15.448,1.323,240.027,30.617,0.2891,0.7459,6.705,36.8,,0.7532,0.6294,0.6456,37;30;20;16;12;7,31;20;16;12;7;5,fp16,NVIDIA GeForce RTX 4060 Laptop GPU,,,
P3,chat,0,0.7,fixed:8,eager,7.568,3,128,11.309,11.321,0.194,344.895,60.904,0.2891,0.7398,6.71,35.2,,0.7532,0.5303,0.4731,36;26;18;12;10;9;6;6,26;18;12;10;9;6;6;4,fp16,NVIDIA GeForce RTX 4060 Laptop GPU,,,
P3,chat,1,0.0,baseline,eager,,3,128,6.5902,19.461,1.047,56.937,8.28,1.0,,6.689,60.5,True,0.7532,1.0,1.0,,,fp16,NVIDIA GeForce RTX 4060 Laptop GPU,,,
P3,chat,1,0.0,fixed:1,eager,1.0,3,128,6.0346,21.226,0.684,87.574,10.54,0.5938,0.6842,6.692,50.5,False,0.7532,0.9607,1.0907,76,52,fp16,NVIDIA GeForce RTX 4060 Laptop GPU,,,
P3,chat,1,0.0,fixed:2,eager,1.943,3,128,5.4631,23.626,2.608,109.494,14.747,0.4141,0.7979,6.695,47.8,True,0.7532,0.975,1.214,52;42,42;33,fp16,NVIDIA GeForce RTX 4060 Laptop GPU,,,
P3,chat,1,0.0,fixed:3,eager,2.933,3,128,7.2203,17.739,0.546,167.35,24.483,0.3516,0.7905,6.698,37.8,True,0.7532,0.8973,0.9115,44;34;27,34;27;22,fp16,NVIDIA GeForce RTX 4060 Laptop GPU,,,
P3,chat,1,0.0,fixed:4,eager,3.913,3,128,8.337,15.413,1.195,198.054,42.155,0.3594,0.7257,6.702,37.6,False,0.7532,0.7324,0.792,46;28;23;16,29;23;16;14,fp16,NVIDIA GeForce RTX 4060 Laptop GPU,,,
P3,chat,1,0.0,fixed:6,eager,5.78,3,128,10.7392,11.927,0.388,319.772,52.511,0.3203,0.7073,6.708,32.9,False,0.7532,0.5772,0.6129,41;26;20;14;13;9,27;20;14;13;9;4,fp16,NVIDIA GeForce RTX 4060 Laptop GPU,,,
P3,chat,1,0.0,fixed:8,eager,7.69,3,128,8.9725,14.451,1.935,326.186,15.595,0.2266,0.8049,6.715,34.3,True,0.7532,0.6402,0.7425,28;20;17;16;16;12;8;6,20;17;16;16;12;8;6;4,fp16,NVIDIA GeForce RTX 4060 Laptop GPU,,,
P3,chat,1,0.7,baseline,eager,,3,128,6.3973,20.023,0.654,60.184,8.13,1.0,,6.689,61.4,,0.7532,1.0,1.0,,,fp16,NVIDIA GeForce RTX 4060 Laptop GPU,,,
P3,chat,1,0.7,fixed:1,eager,0.986,3,128,5.9459,21.534,0.448,103.874,0.707,0.5781,0.7397,6.692,48.6,,0.7532,0.9932,1.0755,73,54,fp16,NVIDIA GeForce RTX 4060 Laptop GPU,,,
P3,chat,1,0.7,fixed:2,eager,1.983,3,128,7.1824,18.019,2.23,124.589,15.078,0.4531,0.7216,6.694,41.6,,0.7532,0.8963,0.8999,58;39,40;30,fp16,NVIDIA GeForce RTX 4060 Laptop GPU,,,
P3,chat,1,0.7,fixed:3,eager,2.957,3,128,7.8273,16.386,0.917,202.522,19.505,0.3594,0.7736,6.696,37.8,,0.7532,0.8731,0.8184,46;35;25,36;25;21,fp16,NVIDIA GeForce RTX 4060 Laptop GPU,,,
P3,chat,1,0.7,fixed:4,eager,3.86,3,128,8.2731,15.475,0.266,221.093,13.869,0.3359,0.7522,6.699,35.5,,0.7532,0.774,0.7729,42;32;21;18,32;21;18;14,fp16,NVIDIA GeForce RTX 4060 Laptop GPU,,,
P3,chat,1,0.7,fixed:6,eager,5.909,3,128,8.7818,14.642,1.177,332.806,95.642,0.2578,0.7917,6.704,35.1,,0.7532,0.7053,0.7313,33;26;21;15;13;12,26;21;16;13;12;7,fp16,NVIDIA GeForce RTX 4060 Laptop GPU,,,
P3,chat,1,0.7,fixed:8,eager,7.9,3,128,10.7458,12.137,2.103,351.59,69.979,0.2344,0.8033,6.71,33.0,,0.7532,0.6273,0.6062,30;23;19;14;13;10;7;6,23;19;14;13;11;7;6;5,fp16,NVIDIA GeForce RTX 4060 Laptop GPU,,,
P3,chat,2,0.0,baseline,eager,,3,128,6.196,20.964,2.987,53.831,9.31,1.0,,6.689,64.4,True,0.7532,1.0,1.0,,,fp16,NVIDIA GeForce RTX 4060 Laptop GPU,,,
P3,chat,2,0.0,fixed:1,eager,0.987,3,128,5.4751,23.458,1.645,90.334,15.671,0.6094,0.6494,6.693,56.8,True,0.7532,0.9422,1.119,77,50,fp16,NVIDIA GeForce RTX 4060 Laptop GPU,,,
P3,chat,2,0.0,fixed:2,eager,1.95,3,128,6.6686,19.449,2.621,130.743,19.069,0.4688,0.701,6.695,43.8,True,0.7532,0.8797,0.9277,59;38,38;30,fp16,NVIDIA GeForce RTX 4060 Laptop GPU,,,
P3,chat,2,0.0,fixed:3,eager,2.943,3,128,7.1701,17.924,1.364,145.395,8.66,0.4141,0.6696,6.698,43.3,True,0.7532,0.7474,0.855,52;35;25,35;25;15,fp16,NVIDIA GeForce RTX 4060 Laptop GPU,,,
P3,chat,2,0.0,fixed:4,eager,3.878,3,128,7.9468,16.16,1.151,171.276,6.001,0.3828,0.6752,6.702,40.4,True,0.7532,0.6697,0.7708,48;31;24;14,31;24;14;10,fp16,NVIDIA GeForce RTX 4060 Laptop GPU,,,
P3,chat,2,0.0,fixed:6,eager,5.864,3,128,9.907,12.941,0.626,247.645,52.264,0.3438,0.6774,6.709,39.7,True,0.7532,0.5328,0.6173,43;29;23;13;9;7,29;23;13;9;7;3,fp16,NVIDIA GeForce RTX 4060 Laptop GPU,,,
P3,chat,2,0.0,fixed:8,eager,7.795,3,128,13.0589,9.854,0.892,300.297,25.089,0.3438,0.672,6.715,38.1,True,0.7532,0.4302,0.4701,43;28;22;13;8;6;3;2,28;22;13;8;6;3;2;2,fp16,NVIDIA GeForce RTX 4060 Laptop GPU,,,
P3,chat,2,0.7,baseline,eager,,3,128,5.3499,23.957,1.046,52.681,12.354,1.0,,6.689,72.3,,0.7532,1.0,1.0,,,fp16,NVIDIA GeForce RTX 4060 Laptop GPU,,,
P3,chat,2,0.7,fixed:1,eager,0.986,3,128,4.8098,26.614,0.258,95.91,9.569,0.5703,0.7639,6.693,60.0,,0.7532,1.0068,1.1109,72,55,fp16,NVIDIA GeForce RTX 4060 Laptop GPU,,,
P3,chat,2,0.7,fixed:2,eager,2.0,3,128,5.1277,25.002,1.194,115.876,5.939,0.4297,0.7526,6.694,51.3,,0.7532,0.9252,1.0436,55;42,42;31,fp16,NVIDIA GeForce RTX 4060 Laptop GPU,,,
P3,chat,2,0.7,fixed:3,eager,2.927,3,128,7.157,17.893,0.475,147.179,7.46,0.4297,0.646,6.696,43.3,,0.7532,0.723,0.7469,54;33;26,33;26;14,fp16,NVIDIA GeForce RTX 4060 Laptop GPU,,,
P3,chat,2,0.7,fixed:4,eager,3.891,3,128,8.0894,15.841,0.649,207.087,19.077,0.3594,0.7193,6.699,36.7,,0.7532,0.7254,0.6612,46;32;19;17,33;19;17;13,fp16,NVIDIA GeForce RTX 4060 Laptop GPU,,,
P3,chat,2,0.7,fixed:6,eager,5.837,3,128,10.8766,11.837,1.086,236.582,7.89,0.3359,0.6911,6.704,38.9,,0.7532,0.5519,0.4941,43;31;19;14;9;7,31;20;14;9;7;4,fp16,NVIDIA GeForce RTX 4060 Laptop GPU,,,
P3,chat,2,0.7,fixed:8,eager,7.929,3,128,12.2867,10.427,0.379,315.184,31.871,0.3281,0.6935,6.71,36.9,,0.7532,0.4502,0.4352,42;29;19;15;8;4;4;3,29;19;15;8;5;4;3;3,fp16,NVIDIA GeForce RTX 4060 Laptop GPU,,,
P3,chat,3,0.0,baseline,eager,,3,125,5.6762,22.025,0.314,50.439,1.932,1.0,,6.689,70.2,True,0.7532,1.0,1.0,,,fp16,NVIDIA GeForce RTX 4060 Laptop GPU,,,
P3,chat,3,0.0,fixed:1,eager,1.0,3,125,5.3733,23.274,0.62,94.847,9.368,0.592,0.7027,6.692,57.9,True,0.7532,0.9712,1.0567,74,52,fp16,NVIDIA GeForce RTX 4060 Laptop GPU,,,
P3,chat,3,0.0,fixed:2,eager,2.0,3,125,6.3836,19.738,2.158,113.201,12.624,0.472,0.6837,6.696,48.5,True,0.7532,0.8582,0.8962,59;39,39;28,fp16,NVIDIA GeForce RTX 4060 Laptop GPU,,,
P3,chat,3,0.0,fixed:3,eager,3.0,3,125,6.7706,18.464,0.243,164.365,42.275,0.392,0.7222,6.699,44.4,True,0.7532,0.804,0.8383,49;33;26,33;26;19,fp16,NVIDIA GeForce RTX 4060 Laptop GPU,,,
P3,chat,3,0.0,fixed:4,eager,4.0,3,125,6.9331,18.092,1.334,179.805,16.65,0.336,0.7411,6.702,43.0,True,0.7532,0.7473,0.8215,42;30;23;17,30;23;17;13,fp16,NVIDIA GeForce RTX 4060 Laptop GPU,,,
P3,chat,3,0.0,fixed:6,eager,6.0,3,125,8.6385,14.47,0.028,213.218,3.992,0.328,0.7167,6.709,38.5,True,0.7532,0.5774,0.657,41;25;21;15;11;7,25;21;15;11;7;7,fp16,NVIDIA GeForce RTX 4060 Laptop GPU,,,
P3,chat,3,0.0,fixed:8,eager,7.974,3,125,10.7174,11.685,0.63,273.378,4.631,0.304,0.712,6.716,36.3,True,0.7532,0.4721,0.5306,38;24;19;15;11;7;7;4,24;19;15;11;7;7;4;2,fp16,NVIDIA GeForce RTX 4060 Laptop GPU,,,
P3,chat,3,0.7,baseline,eager,,3,128,5.3655,23.938,1.686,49.693,7.204,1.0,,6.689,72.4,,0.7532,1.0,1.0,,,fp16,NVIDIA GeForce RTX 4060 Laptop GPU,,,
P3,chat,3,0.7,fixed:1,eager,1.0,3,103,4.06,25.38,0.625,73.339,5.689,0.6408,0.5758,6.69,63.2,,0.7532,0.8988,1.0603,66,38,fp16,NVIDIA GeForce RTX 4060 Laptop GPU,,,
P3,chat,3,0.7,fixed:2,eager,2.0,3,90,3.601,25.001,0.569,98.974,4.505,0.4444,0.7222,6.692,53.3,,0.7532,0.8953,1.0444,40;32,32;20,fp16,NVIDIA GeForce RTX 4060 Laptop GPU,,,
P3,chat,3,0.7,fixed:3,eager,3.0,3,101,4.8371,20.948,1.436,136.946,9.454,0.3861,0.7273,6.695,46.6,,0.7532,0.8102,0.8751,39;30;19,30;19;15,fp16,NVIDIA GeForce RTX 4060 Laptop GPU,,,
P3,chat,3,0.7,fixed:4,eager,4.0,3,103,6.0368,17.125,1.267,203.119,20.199,0.3495,0.7083,6.698,39.1,,0.7532,0.7021,0.7154,36;28;22;10,28;22;10;8,fp16,NVIDIA GeForce RTX 4060 Laptop GPU,,,
P3,chat,3,0.7,fixed:6,eager,6.0,3,117,8.8272,13.258,0.254,252.499,28.315,0.3504,0.6903,6.704,38.7,,0.7532,0.5413,0.5538,41;26;17;12;10;7,26;17;12;10;7;6,fp16,NVIDIA GeForce RTX 4060 Laptop GPU,,,
P3,chat,3,0.7,fixed:8,eager,7.74,3,128,12.9473,9.888,0.18,278.71,18.352,0.3906,0.624,6.71,36.4,,0.7532,0.3831,0.4131,49;30;20;13;7;2;2;2,30;20;13;7;2;2;2;2,fp16,NVIDIA GeForce RTX 4060 Laptop GPU,,,
P3,chat,4,0.0,baseline,eager,,3,128,5.926,21.611,0.617,48.617,4.254,1.0,,6.689,67.6,True,0.7532,1.0,1.0,,,fp16,NVIDIA GeForce RTX 4060 Laptop GPU,,,
P3,chat,4,0.0,fixed:1,eager,0.987,3,128,5.3484,24.062,2.113,86.593,8.122,0.6094,0.6494,6.693,57.9,True,0.7532,0.9422,1.1134,77,50,fp16,NVIDIA GeForce RTX 4060 Laptop GPU,,,
P3,chat,4,0.0,fixed:2,eager,1.948,3,128,5.698,22.524,1.43,113.701,15.697,0.4531,0.7143,6.695,50.0,True,0.7532,0.8925,1.0422,57;41,41;29,fp16,NVIDIA GeForce RTX 4060 Laptop GPU,,,
P3,chat,4,0.0,fixed:3,eager,2.925,3,128,6.7134,19.077,0.561,156.66,25.888,0.4141,0.6696,6.698,44.2,True,0.7532,0.7493,0.8827,52;35;25,35;25;15,fp16,NVIDIA GeForce RTX 4060 Laptop GPU,,,
P3,chat,4,0.0,fixed:4,eager,3.915,3,128,7.0214,18.236,0.391,165.655,4.414,0.3672,0.6983,6.702,42.6,True,0.7532,0.6957,0.8438,46;31;24;15,31;24;15;11,fp16,NVIDIA GeForce RTX 4060 Laptop GPU,,,
P3,chat,4,0.0,fixed:6,eager,5.795,3,128,9.0695,14.114,0.131,224.068,10.195,0.3438,0.6774,6.708,38.5,True,0.7532,0.5369,0.6531,43;31;23;13;9;5,31;23;13;9;5;3,fp16,NVIDIA GeForce RTX 4060 Laptop GPU,,,
P3,chat,4,0.0,fixed:8,eager,7.651,3,128,11.3021,11.329,0.251,272.862,6.685,0.3359,0.6855,6.715,36.6,True,0.7532,0.4522,0.5242,42;29;21;12;9;5;3;3,29;21;12;9;5;3;3;3,fp16,NVIDIA GeForce RTX 4060 Laptop GPU,,,
P3,chat,4,0.7,baseline,eager,,3,128,5.4907,23.317,0.4,50.33,6.796,1.0,,6.689,70.5,,0.7532,1.0,1.0,,,fp16,NVIDIA GeForce RTX 4060 Laptop GPU,,,
P3,chat,4,0.7,fixed:1,eager,0.987,3,128,5.1444,24.884,0.315,81.92,2.518,0.6016,0.6711,6.693,58.4,,0.7532,0.9544,1.0672,76,51,fp16,NVIDIA GeForce RTX 4060 Laptop GPU,,,
P3,chat,4,0.7,fixed:2,eager,1.967,3,128,5.6591,22.621,0.313,125.669,12.424,0.4688,0.68,6.694,49.5,,0.7532,0.8583,0.9702,59;41,41;27,fp16,NVIDIA GeForce RTX 4060 Laptop GPU,,,
P3,chat,4,0.7,fixed:3,eager,2.98,3,128,6.5647,19.521,0.807,159.754,23.038,0.3828,0.7182,6.696,41.6,,0.7532,0.8008,0.8372,49;36;25,36;26;17,fp16,NVIDIA GeForce RTX 4060 Laptop GPU,,,
P3,chat,4,0.7,fixed:4,eager,3.932,3,128,6.97,18.429,1.319,162.678,8.328,0.3438,0.7241,6.699,41.6,,0.7532,0.7288,0.7904,44;30;23;19,31;23;19;11,fp16,NVIDIA GeForce RTX 4060 Laptop GPU,,,
P3,chat,4,0.7,fixed:6,eager,5.875,3,128,8.5478,14.976,0.196,227.094,3.913,0.3125,0.7097,6.705,37.7,,0.7532,0.5748,0.6423,40;31;22;15;11;5,31;23;15;11;5;3,fp16,NVIDIA GeForce RTX 4060 Laptop GPU,,,
P3,chat,4,0.7,fixed:8,eager,7.8,3,128,11.3129,11.35,0.762,291.206,7.719,0.3125,0.6929,6.71,34.6,,0.7532,0.4549,0.4868,39;31;22;13;10;5;4;3,31;22;13;10;5;4;3;0,fp16,NVIDIA GeForce RTX 4060 Laptop GPU,,,
P3,chat,5,0.0,baseline,eager,,3,128,6.749,18.981,0.656,57.858,4.78,1.0,,6.689,58.1,True,0.7532,1.0,1.0,,,fp16,NVIDIA GeForce RTX 4060 Laptop GPU,,,
P3,chat,5,0.0,fixed:1,eager,1.0,3,128,4.8048,26.654,0.737,77.955,2.171,0.5703,0.7534,6.692,60.0,False,0.7532,1.0001,1.4043,73,55,fp16,NVIDIA GeForce RTX 4060 Laptop GPU,,,
P3,chat,5,0.0,fixed:2,eager,1.965,3,128,5.6963,22.616,2.197,111.708,7.825,0.4453,0.7172,6.695,47.4,False,0.7532,0.8937,1.1915,56;43,43;28,fp16,NVIDIA GeForce RTX 4060 Laptop GPU,,,
P3,chat,5,0.0,fixed:3,eager,3.0,3,128,5.8707,21.831,0.95,147.435,7.834,0.3594,0.7523,6.698,43.7,False,0.7532,0.8418,1.1502,46;36;27,36;27;19,fp16,NVIDIA GeForce RTX 4060 Laptop GPU,,,
P3,chat,5,0.0,fixed:4,eager,3.976,3,128,6.3664,20.121,0.671,165.423,10.096,0.3203,0.7373,6.702,40.9,False,0.7532,0.7438,1.0601,41;36;25;16,36;25;17;9,fp16,NVIDIA GeForce RTX 4060 Laptop GPU,,,
P3,chat,5,0.0,fixed:6,eager,5.923,3,128,8.2312,15.553,0.258,225.794,15.715,0.3047,0.7236,6.708,38.7,False,0.7532,0.5919,0.8194,39;33;24;15;8;4,33;24;16;8;4;4,fp16,NVIDIA GeForce RTX 4060 Laptop GPU,,,
P3,chat,5,0.0,fixed:8,eager,7.865,3,128,10.1353,12.634,0.313,290.95,29.662,0.2891,0.7222,6.715,36.0,False,0.7532,0.4909,0.6656,37;32;23;15;8;4;4;3,32;23;16;8;4;4;3;1,fp16,NVIDIA GeForce RTX 4060 Laptop GPU,,,
P3,chat,5,0.7,baseline,eager,,3,128,5.1354,24.929,0.393,51.22,5.199,1.0,,6.689,76.5,,0.7532,1.0,1.0,,,fp16,NVIDIA GeForce RTX 4060 Laptop GPU,,,
P3,chat,5,0.7,fixed:1,eager,0.986,3,128,5.3842,23.778,0.414,90.382,17.185,0.5547,0.8143,6.692,51.8,,0.7532,1.0352,0.9538,70,57,fp16,NVIDIA GeForce RTX 4060 Laptop GPU,,,
P3,chat,5,0.7,fixed:2,eager,1.982,3,128,6.2788,20.416,0.974,113.59,14.809,0.4375,0.7273,6.694,43.5,,0.7532,0.9018,0.819,56;43,44;28,fp16,NVIDIA GeForce RTX 4060 Laptop GPU,,,
P3,chat,5,0.7,fixed:3,eager,2.936,3,128,7.1309,17.962,0.557,162.683,12.836,0.3672,0.757,6.696,38.2,,0.7532,0.8531,0.7205,46;36;25,36;25;20,fp16,NVIDIA GeForce RTX 4060 Laptop GPU,,,
P3,chat,5,0.7,fixed:4,eager,3.83,3,128,8.468,15.125,0.452,199.028,21.481,0.3672,0.6983,6.699,35.7,,0.7532,0.7026,0.6067,46;33;21;16,33;21;16;11,fp16,NVIDIA GeForce RTX 4060 Laptop GPU,,,
P3,chat,5,0.7,fixed:6,eager,5.767,3,128,9.0164,14.199,0.219,230.462,21.256,0.3359,0.7025,6.704,37.2,,0.7532,0.5713,0.5696,42;31;17;14;10;7,31;17;14;10;7;6,fp16,NVIDIA GeForce RTX 4060 Laptop GPU,,,
P3,chat,5,0.7,fixed:8,eager,7.791,3,128,13.8265,9.269,0.406,316.146,33.109,0.3359,0.68,6.71,34.4,,0.7532,0.4397,0.3718,43;31;16;13;9;8;3;2,32;16;13;9;8;3;2;2,fp16,NVIDIA GeForce RTX 4060 Laptop GPU,,,
P5,code,0,0.0,baseline,eager,,3,128,4.8228,26.543,0.315,42.278,1.394,1.0,,6.715,58.3,True,0.6024,1.0,1.0,,,fp16,NVIDIA GeForce RTX 4060 Laptop GPU,0.0,0.0,0;4;3
P5,code,0,0.0,fixed:1,eager,1.0,3,128,4.5238,28.302,0.58,75.592,2.495,0.5469,0.8286,6.715,58.3,True,0.6024,1.1411,1.0664,70,58,fp16,NVIDIA GeForce RTX 4060 Laptop GPU,0.0275,1.0,1;0;4
P5,code,0,0.0,fixed:2,eager,1.98,3,128,4.4069,29.057,0.701,103.929,10.325,0.3828,0.8977,6.715,58.3,True,0.6024,1.226,1.0947,49;39,40;39,fp16,NVIDIA GeForce RTX 4060 Laptop GPU,0.0251,1.98,2;1;0
P5,code,0,0.0,adaptive,eager,1.377,3,128,4.5801,28.021,1.748,73.03,4.475,0.4766,0.8375,6.715,58.3,True,0.6024,1.1569,1.0553,61;17;2,50;17;0,fp16,NVIDIA GeForce RTX 4060 Laptop GPU,0.0536,1.377,3;2;1
P5,code,0,0.0,adaedl:0.7,eager,3.529,3,128,5.4328,23.598,1.131,136.398,16.858,0.2656,0.9126,6.715,58.3,True,0.6024,1.2413,0.8888,34;19;14;11;8;7;5;5,25;19;14;11;8;7;5;5,fp16,NVIDIA GeForce RTX 4060 Laptop GPU,0.0336,3.529,4;3;2
P5,code,0,0.7,baseline,eager,,3,128,5.0981,25.149,1.255,45.202,4.564,1.0,,6.711,58.1,,0.8013,1.0,1.0,,,fp16,NVIDIA GeForce RTX 4060 Laptop GPU,0.0,0.0,0;4;3
P5,code,0,0.7,fixed:1,eager,1.0,3,128,4.3328,29.566,1.037,77.665,7.108,0.5312,0.8824,6.711,58.1,,0.8013,1.045,1.1762,68,60,fp16,NVIDIA GeForce RTX 4060 Laptop GPU,0.0189,1.0,1;0;4
P5,code,0,0.7,fixed:2,eager,1.98,3,128,4.6219,27.788,1.968,114.802,10.293,0.3828,0.8876,6.711,58.1,,0.8013,1.0287,1.1058,49;40,41;38,fp16,NVIDIA GeForce RTX 4060 Laptop GPU,0.0778,1.98,2;1;0
P5,code,0,0.7,adaptive,eager,1.029,3,128,4.3467,29.543,2.015,77.983,5.462,0.5312,0.8571,6.711,58.1,,0.8013,1.0305,1.1769,68;2,59;1,fp16,NVIDIA GeForce RTX 4060 Laptop GPU,0.104,1.029,3;2;1
P5,code,0,0.7,adaedl:0.7,eager,5.136,3,128,4.6798,27.769,4.011,109.229,20.761,0.1719,0.9636,6.711,58.1,,0.8013,1.093,1.1057,22;16;15;14;13;11;11;8,19;16;15;13;13;11;11;8,fp16,NVIDIA GeForce RTX 4060 Laptop GPU,0.1659,5.136,4;3;2
P5,code,1,0.0,baseline,eager,,3,128,7.0641,18.689,3.759,45.159,4.527,1.0,,6.715,48.7,True,0.6102,1.0,1.0,,,fp16,NVIDIA GeForce RTX 4060 Laptop GPU,0.0,0.0,0;4;3
P5,code,1,0.0,fixed:1,eager,0.985,3,128,4.6878,27.609,3.485,95.462,32.726,0.5156,0.9538,6.715,48.7,True,0.6102,1.2116,1.4971,65,62,fp16,NVIDIA GeForce RTX 4060 Laptop GPU,0.1628,0.985,1;0;4
P5,code,1,0.0,fixed:2,eager,1.977,3,128,4.4888,28.724,2.913,118.645,2.589,0.3438,0.9767,6.715,48.7,True,0.6102,1.3185,1.5983,44;42,43;41,fp16,NVIDIA GeForce RTX 4060 Laptop GPU,0.4756,1.977,2;1;0
P5,code,1,0.0,adaptive,eager,3.533,3,128,4.6254,28.496,5.587,79.277,1.0,0.2344,0.9703,6.715,48.7,True,0.6102,1.3629,1.5961,30;27;24;15;4;1,30;27;22;14;4;1,fp16,NVIDIA GeForce RTX 4060 Laptop GPU,0.5868,3.533,3;2;1
P5,code,1,0.0,adaedl:0.7,eager,3.607,3,128,4.8281,26.673,2.472,137.946,10.603,0.2188,0.9901,6.715,48.7,True,0.6102,1.4138,1.4801,27;16;13;11;10;9;8;7,26;16;13;11;10;9;8;7,fp16,NVIDIA GeForce RTX 4060 Laptop GPU,0.4122,3.607,4;3;2
P5,code,1,0.7,baseline,eager,,3,128,6.2313,20.653,1.874,52.745,12.764,1.0,,6.709,47.3,,0.6314,1.0,1.0,,,fp16,NVIDIA GeForce RTX 4060 Laptop GPU,0.0,0.0,0;4;3
P5,code,1,0.7,fixed:1,eager,0.985,3,128,5.1669,25.181,4.005,89.203,19.82,0.5156,0.9538,6.709,47.3,,0.6314,1.196,1.2307,65,62,fp16,NVIDIA GeForce RTX 4060 Laptop GPU,0.2525,0.985,1;0;4
P5,code,1,0.7,fixed:2,eager,2.0,3,128,5.3236,24.312,3.22,153.829,44.671,0.3594,0.9213,6.709,47.3,,0.6314,1.2243,1.1921,46;43,43;39,fp16,NVIDIA GeForce RTX 4060 Laptop GPU,0.2598,2.0,2;1;0
P5,code,1,0.7,adaptive,eager,2.4,3,128,5.5026,23.573,3.434,98.714,16.537,0.3125,0.9462,6.709,47.3,,0.6314,1.2667,1.1565,40;27;20;6,38;26;19;5,fp16,NVIDIA GeForce RTX 4060 Laptop GPU,0.2667,2.4,3;2;1
P5,code,1,0.7,adaedl:0.7,eager,3.69,3,128,5.5602,23.132,1.92,186.448,23.9,0.2266,0.9429,6.709,47.3,,0.6314,1.2674,1.1258,29;21;17;14;10;5;5;4,26;20;17;13;10;5;4;4,fp16,NVIDIA GeForce RTX 4060 Laptop GPU,0.1365,3.69,4;3;2
P5,code,2,0.0,baseline,eager,,3,128,6.4413,20.063,2.328,63.669,18.901,1.0,,6.716,44.2,True,0.6461,1.0,1.0,,,fp16,NVIDIA GeForce RTX 4060 Laptop GPU,0.0,0.0,0;4;3
P5,code,2,0.0,fixed:1,eager,0.985,3,128,5.5093,23.75,4.326,96.391,15.016,0.5156,0.9538,6.716,44.2,True,0.6461,1.1854,1.1792,65,62,fp16,NVIDIA GeForce RTX 4060 Laptop GPU,0.1028,0.985,1;0;4
P5,code,2,0.0,fixed:2,eager,1.977,3,128,5.546,23.151,1.553,145.489,25.12,0.3438,0.9767,6.716,44.2,True,0.6461,1.2774,1.1591,44;42,43;41,fp16,NVIDIA GeForce RTX 4060 Laptop GPU,0.0731,1.977,2;1;0
P5,code,2,0.0,adaptive,eager,3.29,3,128,5.6304,22.782,1.268,100.741,14.007,0.2422,0.97,6.716,44.2,True,0.6461,1.3063,1.1418,31;27;23;14;4;1,31;27;23;11;4;1,fp16,NVIDIA GeForce RTX 4060 Laptop GPU,0.0856,3.29,3;2;1
P5,code,2,0.0,adaedl:0.7,eager,5.143,3,128,5.8807,21.908,2.222,219.491,19.696,0.1641,0.9907,6.716,44.2,True,0.6461,1.3876,1.0986,21;17;16;16;12;10;8;8,20;17;16;16;12;10;8;8,fp16,NVIDIA GeForce RTX 4060 Laptop GPU,0.1264,5.143,4;3;2
P5,code,2,0.7,baseline,eager,,3,128,6.8631,18.653,0.276,61.468,12.829,1.0,,6.71,44.2,,0.5631,1.0,1.0,,,fp16,NVIDIA GeForce RTX 4060 Laptop GPU,0.0,0.0,0;4;3
P5,code,2,0.7,fixed:1,eager,1.0,3,128,5.5394,23.167,1.428,97.714,17.95,0.5156,0.9394,6.71,44.2,,0.5631,1.2407,1.2429,66,62,fp16,NVIDIA GeForce RTX 4060 Laptop GPU,0.0939,1.0,1;0;4
P5,code,2,0.7,fixed:2,eager,2.0,3,128,5.8958,21.742,1.022,132.509,7.266,0.375,0.8889,6.71,44.2,,0.5631,1.26,1.1661,48;42,42;38,fp16,NVIDIA GeForce RTX 4060 Laptop GPU,0.0686,2.0,2;1;0
P5,code,2,0.7,adaptive,eager,2.227,3,128,5.8796,21.771,0.183,95.261,20.179,0.3438,0.9231,6.71,44.2,,0.5631,1.3128,1.1674,43;36;10;2,39;33;10;2,fp16,NVIDIA GeForce RTX 4060 Laptop GPU,0.0249,2.227,3;2;1
P5,code,2,0.7,adaedl:0.7,eager,5.045,3,128,5.7826,22.162,0.937,358.476,70.035,0.1719,0.9815,6.71,44.2,,0.5631,1.5021,1.1879,22;17;16;14;12;10;9;8,21;17;15;14;12;10;9;8,fp16,NVIDIA GeForce RTX 4060 Laptop GPU,0.0369,5.045,4;3;2
P5,code,3,0.0,baseline,eager,,3,128,5.4717,23.535,2.181,55.073,6.341,1.0,,6.717,54.1,True,0.6846,1.0,1.0,,,fp16,NVIDIA GeForce RTX 4060 Laptop GPU,0.0,0.0,0;4;3
P5,code,3,0.0,fixed:1,eager,0.985,3,128,4.6391,27.912,3.553,81.996,15.249,0.5312,0.8955,6.717,54.1,True,0.6846,1.1245,1.1834,67,60,fp16,NVIDIA GeForce RTX 4060 Laptop GPU,0.0463,0.985,1;0;4
P5,code,3,0.0,fixed:2,eager,1.959,3,128,4.6657,27.45,0.813,107.873,8.798,0.3828,0.8876,6.717,54.1,True,0.6846,1.1298,1.1721,48;41,41;38,fp16,NVIDIA GeForce RTX 4060 Laptop GPU,0.097,1.959,2;1;0
P5,code,3,0.0,adaptive,eager,1.386,3,128,4.73,27.368,3.417,90.154,1.81,0.4453,0.9103,6.717,54.1,True,0.6846,1.149,1.1604,56;13;7;2,49;13;7;2,fp16,NVIDIA GeForce RTX 4060 Laptop GPU,0.041,1.386,3;2;1
P5,code,3,0.0,adaedl:0.7,eager,3.5,3,128,5.596,23.098,2.704,115.476,12.684,0.25,0.9505,6.717,54.1,True,0.6846,1.2149,0.9799,32;19;14;11;8;7;5;5,27;19;14;11;8;7;5;5,fp16,NVIDIA GeForce RTX 4060 Laptop GPU,0.026,3.5,4;3;2
P5,code,3,0.7,baseline,eager,,3,128,6.8401,18.881,2.145,61.454,7.348,1.0,,6.711,47.1,,0.6858,1.0,1.0,,,fp16,NVIDIA GeForce RTX 4060 Laptop GPU,0.0,0.0,0;4;3
P5,code,3,0.7,fixed:1,eager,1.0,3,128,5.4543,23.533,1.511,112.11,13.142,0.5234,0.9104,6.711,47.1,,0.6858,1.1333,1.2513,67,61,fp16,NVIDIA GeForce RTX 4060 Laptop GPU,0.0667,1.0,1;0;4
P5,code,3,0.7,fixed:2,eager,1.98,3,128,5.8222,22.096,1.869,157.331,32.083,0.3828,0.8681,6.711,47.1,,0.6858,1.106,1.1734,49;42,43;36,fp16,NVIDIA GeForce RTX 4060 Laptop GPU,0.0554,1.98,2;1;0
P5,code,3,0.7,adaptive,eager,1.121,3,128,5.583,22.928,0.191,108.334,5.561,0.5156,0.8378,6.711,47.1,,0.6858,1.0909,1.2248,66;8,55;7,fp16,NVIDIA GeForce RTX 4060 Laptop GPU,0.1388,1.121,3;2;1
P5,code,3,0.7,adaedl:0.7,eager,3.71,3,128,6.5914,19.431,0.583,148.409,7.527,0.2422,0.9327,6.711,47.1,,0.6858,1.1728,1.0402,31;17;14;10;9;9;8;6,26;17;13;10;9;9;7;6,fp16,NVIDIA GeForce RTX 4060 Laptop GPU,0.15,3.71,4;3;2
P5,code,4,0.0,baseline,eager,,3,128,6.8744,18.807,2.227,60.626,0.342,1.0,,6.713,47.4,True,0.7346,1.0,1.0,,,fp16,NVIDIA GeForce RTX 4060 Laptop GPU,0.0,0.0,0;4;3
P5,code,4,0.0,fixed:1,eager,1.0,3,128,6.2337,20.599,1.426,120.605,13.57,0.5547,0.8028,6.713,47.4,True,0.7346,1.0393,1.1015,71,57,fp16,NVIDIA GeForce RTX 4060 Laptop GPU,0.0916,1.0,1;0;4
P5,code,4,0.0,fixed:2,eager,1.962,3,128,6.1117,20.97,0.918,140.679,20.12,0.4141,0.7979,6.713,47.4,True,0.7346,0.9883,1.1237,52;42,42;33,fp16,NVIDIA GeForce RTX 4060 Laptop GPU,0.1143,1.962,2;1;0
P5,code,4,0.0,adaptive,eager,1.014,3,128,5.7257,22.385,1.0,98.553,20.352,0.5547,0.8028,6.713,47.4,True,0.7346,1.039,1.1978,71,57,fp16,NVIDIA GeForce RTX 4060 Laptop GPU,0.0953,1.014,3;2;1
P5,code,4,0.0,adaedl:0.7,eager,1.75,3,128,7.2641,17.654,0.924,189.63,31.023,0.4062,0.8837,6.713,47.4,True,0.7346,1.0844,0.9445,52;14;9;6;2;1;1;1,42;14;9;6;2;1;1;1,fp16,NVIDIA GeForce RTX 4060 Laptop GPU,0.0769,1.75,4;3;2
P5,code,4,0.7,baseline,eager,,3,128,4.9765,25.723,0.269,44.001,0.826,1.0,,6.707,57.9,,0.6336,1.0,1.0,,,fp16,NVIDIA GeForce RTX 4060 Laptop GPU,0.0,0.0,0;4;3
P5,code,4,0.7,fixed:1,eager,0.986,3,128,4.4966,28.513,1.416,84.359,2.707,0.5469,0.8406,6.707,57.9,,0.6336,1.1262,1.1083,69,58,fp16,NVIDIA GeForce RTX 4060 Laptop GPU,0.0475,0.986,1;0;4
P5,code,4,0.7,fixed:2,eager,1.962,3,128,4.9031,26.188,1.759,112.156,9.426,0.4062,0.8261,6.707,57.9,,0.6336,1.1078,1.0178,51;41,41;35,fp16,NVIDIA GeForce RTX 4060 Laptop GPU,0.0607,1.962,2;1;0
P5,code,4,0.7,adaptive,eager,1.344,3,128,4.4317,28.888,0.457,81.22,8.298,0.4766,0.8481,6.707,57.9,,0.6336,1.139,1.1231,61;16;2,51;15;1,fp16,NVIDIA GeForce RTX 4060 Laptop GPU,0.0136,1.344,3;2;1
P5,code,4,0.7,adaedl:0.7,eager,1.981,3,128,6.7928,18.888,1.101,157.407,10.359,0.4219,0.7872,6.707,57.9,,0.6336,1.0626,0.7343,53;19;10;7;4;1,36;17;10;6;4;1,fp16,NVIDIA GeForce RTX 4060 Laptop GPU,0.042,1.981,4;3;2
P5,code,5,0.0,baseline,eager,,3,128,5.3477,23.955,0.839,46.87,1.505,1.0,,6.713,55.9,True,0.5763,1.0,1.0,,,fp16,NVIDIA GeForce RTX 4060 Laptop GPU,0.0,0.0,0;4;3
P5,code,5,0.0,fixed:1,eager,0.985,3,128,4.2181,30.36,0.827,84.184,0.554,0.5234,0.9242,6.713,55.9,True,0.5763,1.219,1.2681,66,61,fp16,NVIDIA GeForce RTX 4060 Laptop GPU,0.0417,0.985,1;0;4
P5,code,5,0.0,fixed:2,eager,2.0,3,128,4.4796,28.589,0.794,105.194,4.341,0.375,0.8989,6.713,55.9,True,0.5763,1.2575,1.1936,48;41,41;39,fp16,NVIDIA GeForce RTX 4060 Laptop GPU,0.009,2.0,2;1;0
P5,code,5,0.0,adaptive,eager,2.632,3,128,4.2018,30.481,0.914,81.222,4.861,0.2969,0.9474,6.713,55.9,True,0.5763,1.346,1.2743,38;28;21;8,36;26;20;8,fp16,NVIDIA GeForce RTX 4060 Laptop GPU,0.0807,2.632,3;2;1
P5,code,5,0.0,adaedl:0.7,eager,3.219,3,128,5.029,25.457,0.421,103.631,10.635,0.25,0.9505,6.713,55.9,True,0.5763,1.3643,1.0633,32;19;14;12;10;8;4;2,27;19;14;12;10;8;4;2,fp16,NVIDIA GeForce RTX 4060 Laptop GPU,0.0315,3.219,4;3;2
P5,code,5,0.7,baseline,eager,,3,128,5.1439,24.899,0.74,49.658,2.614,1.0,,6.711,58.5,,0.7539,1.0,1.0,,,fp16,NVIDIA GeForce RTX 4060 Laptop GPU,0.0,0.0,0;4;3
P5,code,5,0.7,fixed:1,eager,0.985,3,128,4.2956,29.814,0.834,78.573,7.864,0.5312,0.8955,6.711,58.5,,0.7539,1.0804,1.1975,67,60,fp16,NVIDIA GeForce RTX 4060 Laptop GPU,0.0189,0.985,1;0;4
P5,code,5,0.7,fixed:2,eager,1.956,3,128,4.0107,31.919,0.443,107.165,5.882,0.3516,0.9651,6.711,58.5,,0.7539,1.1542,1.2826,44;42,42;41,fp16,NVIDIA GeForce RTX 4060 Laptop GPU,0.0355,1.956,2;1;0
P5,code,5,0.7,adaptive,eager,1.25,3,128,4.2044,30.445,0.111,77.782,5.086,0.4688,0.9189,6.711,58.5,,0.7539,1.1,1.2234,60;13;1,56;11;1,fp16,NVIDIA GeForce RTX 4060 Laptop GPU,0.0326,1.25,3;2;1
P5,code,5,0.7,adaedl:0.7,eager,4.414,3,128,5.151,24.891,1.237,114.568,10.294,0.2266,0.934,6.711,58.5,,0.7539,1.0818,0.9993,29;21;15;12;11;7;6;5,24;20;14;12;11;7;6;5,fp16,NVIDIA GeForce RTX 4060 Laptop GPU,0.0207,4.414,4;3;2
P5,math,0,0.0,baseline,eager,,3,128,4.9569,25.83,0.521,40.739,0.688,1.0,,6.714,59.0,True,0.8205,1.0,1.0,,,fp16,NVIDIA GeForce RTX 4060 Laptop GPU,0.0,0.0,0;4;3
P5,math,0,0.0,fixed:1,eager,1.0,3,128,4.0635,31.514,0.818,77.166,4.757,0.5156,0.9394,6.714,59.0,True,0.8205,1.0653,1.22,66,62,fp16,NVIDIA GeForce RTX 4060 Laptop GPU,0.0096,1.0,1;0;4
P5,math,0,0.0,fixed:2,eager,1.956,3,128,4.0625,31.519,0.737,109.55,15.215,0.3516,0.9651,6.714,59.0,True,0.8205,1.0965,1.2202,44;42,42;41,fp16,NVIDIA GeForce RTX 4060 Laptop GPU,0.0092,1.956,2;1;0
P5,math,0,0.0,adaptive,eager,1.293,3,128,4.1054,31.244,1.735,74.018,4.552,0.4531,0.9459,6.714,59.0,True,0.8205,1.074,1.2099,58;13;3,54;13;3,fp16,NVIDIA GeForce RTX 4060 Laptop GPU,0.0705,1.293,3;2;1
P5,math,0,0.0,adaedl:0.7,eager,4.667,3,128,4.3728,29.278,0.506,278.712,28.825,0.1875,0.9905,6.714,59.0,True,0.8205,1.1477,1.1338,24;17;14;14;11;9;8;8,23;17;14;14;11;9;8;8,fp16,NVIDIA GeForce RTX 4060 Laptop GPU,0.0299,4.667,4;3;2
P5,math,0,0.7,baseline,eager,,3,128,4.9035,26.105,0.168,51.746,6.733,1.0,,6.71,56.7,,0.7004,1.0,1.0,,,fp16,NVIDIA GeForce RTX 4060 Laptop GPU,0.0,0.0,0;4;3
P5,math,0,0.7,fixed:1,eager,1.0,3,128,4.2652,30.029,0.923,84.394,9.707,0.5156,0.9394,6.71,56.7,,0.7004,1.1405,1.1503,66,62,fp16,NVIDIA GeForce RTX 4060 Laptop GPU,0.0317,1.0,1;0;4
P5,math,0,0.7,fixed:2,eager,1.979,3,128,4.3676,29.402,2.014,103.289,7.672,0.3672,0.9101,6.71,56.7,,0.7004,1.1407,1.1261,47;42,43;38,fp16,NVIDIA GeForce RTX 4060 Laptop GPU,0.0711,1.979,2;1;0
P5,math,0,0.7,adaptive,eager,1.83,3,128,4.1234,31.088,1.473,92.263,8.008,0.3672,0.9529,6.71,56.7,,0.7004,1.1876,1.1907,47;18;11;6;3,43;18;11;6;3,fp16,NVIDIA GeForce RTX 4060 Laptop GPU,0.0488,1.83,3;2;1
P5,math,0,0.7,adaedl:0.7,eager,6.053,3,116,4.1459,28.064,1.884,259.233,21.146,0.1638,0.9703,6.71,56.7,,0.7004,1.231,1.0749,19;16;13;12;11;11;10;9,17;15;13;12;11;11;10;9,fp16,NVIDIA GeForce RTX 4060 Laptop GPU,0.0692,6.053,4;3;2
P5,math,1,0.0,baseline,eager,,3,128,5.12,25.024,0.93,48.535,8.271,1.0,,6.716,57.2,True,0.6874,1.0,1.0,,,fp16,NVIDIA GeForce RTX 4060 Laptop GPU,0.0,0.0,0;4;3
P5,math,1,0.0,fixed:1,eager,0.985,3,128,4.1346,30.968,0.672,77.523,6.198,0.5234,0.9242,6.716,57.2,True,0.6874,1.1394,1.238,66,61,fp16,NVIDIA GeForce RTX 4060 Laptop GPU,0.0196,0.985,1;0;4
P5,math,1,0.0,fixed:2,eager,1.978,3,128,4.0788,31.389,0.611,102.623,5.85,0.3594,0.9425,6.716,57.2,True,0.6874,1.1916,1.2561,46;41,42;40,fp16,NVIDIA GeForce RTX 4060 Laptop GPU,0.0705,1.978,2;1;0
P5,math,1,0.0,adaptive,eager,1.875,3,128,4.1898,30.555,0.503,76.622,4.745,0.375,0.9412,6.716,57.2,True,0.6874,1.188,1.222,47;26;9;3,43;25;9;3,fp16,NVIDIA GeForce RTX 4060 Laptop GPU,0.041,1.875,3;2;1
P5,math,1,0.0,adaedl:0.7,eager,5.0,3,128,4.7389,27.075,1.582,116.807,10.556,0.1953,0.9717,6.716,57.2,True,0.6874,1.2601,1.0835,25;15;13;13;11;11;9;9,22;15;13;13;11;11;9;9,fp16,NVIDIA GeForce RTX 4060 Laptop GPU,0.0867,5.0,4;3;2
P5,math,1,0.7,baseline,eager,,3,128,5.0902,25.148,0.248,48.633,4.191,1.0,,6.711,57.7,,0.7369,1.0,1.0,,,fp16,NVIDIA GeForce RTX 4060 Laptop GPU,0.0,0.0,0;4;3
P5,math,1,0.7,fixed:1,eager,1.0,3,128,4.1922,30.543,0.681,80.081,6.795,0.5156,0.9394,6.711,57.7,,0.7369,1.1166,1.2146,66,62,fp16,NVIDIA GeForce RTX 4060 Laptop GPU,0.0313,1.0,1;0;4
P5,math,1,0.7,fixed:2,eager,2.0,3,128,4.0592,31.562,1.153,108.178,10.924,0.3438,0.9655,6.711,57.7,,0.7369,1.1713,1.2549,44;43,43;41,fp16,NVIDIA GeForce RTX 4060 Laptop GPU,0.0385,2.0,2;1;0
P5,math,1,0.7,adaptive,eager,1.809,3,128,4.0373,31.705,0.21,81.305,1.515,0.3672,0.9529,6.711,57.7,,0.7369,1.1534,1.2609,46;22;11;5;1,44;21;10;5;1,fp16,NVIDIA GeForce RTX 4060 Laptop GPU,0.0184,1.809,3;2;1
P5,math,1,0.7,adaedl:0.7,eager,5.737,3,128,3.9297,32.574,0.228,105.206,7.929,0.1484,1.0,6.711,57.7,,0.7369,1.2887,1.2954,19;16;15;14;13;12;10;10,19;16;15;14;13;12;10;10,fp16,NVIDIA GeForce RTX 4060 Laptop GPU,0.0207,5.737,4;3;2
P5,math,2,0.0,baseline,eager,,3,128,5.1232,24.985,0.159,52.213,2.246,1.0,,6.716,56.8,True,0.6449,1.0,1.0,,,fp16,NVIDIA GeForce RTX 4060 Laptop GPU,0.0,0.0,0;4;3
P5,math,2,0.0,fixed:1,eager,1.0,3,128,4.3439,29.469,0.3,76.084,6.858,0.5234,0.9104,6.716,56.8,True,0.6449,1.1614,1.1795,67,61,fp16,NVIDIA GeForce RTX 4060 Laptop GPU,0.0169,1.0,1;0;4
P5,math,2,0.0,fixed:2,eager,1.957,3,128,4.191,30.544,0.311,102.596,3.456,0.3672,0.9205,6.716,56.8,True,0.6449,1.208,1.2225,46;42,42;39,fp16,NVIDIA GeForce RTX 4060 Laptop GPU,0.017,1.957,2;1;0
P5,math,2,0.0,adaptive,eager,2.273,3,128,4.3664,29.319,0.433,75.41,8.992,0.3438,0.9231,6.716,56.8,True,0.6449,1.215,1.1735,43;30;16;2,38;29;15;2,fp16,NVIDIA GeForce RTX 4060 Laptop GPU,0.0214,2.273,3;2;1
P5,math,2,0.0,adaedl:0.7,eager,4.808,3,128,4.8727,26.27,0.212,214.578,11.317,0.2031,0.9623,6.716,56.8,True,0.6449,1.2938,1.0515,26;18;15;14;11;9;7;6,23;18;15;13;11;9;7;6,fp16,NVIDIA GeForce RTX 4060 Laptop GPU,0.0151,4.808,4;3;2
P5,math,2,0.7,baseline,eager,,3,128,5.0771,25.213,0.271,46.628,7.018,1.0,,6.709,58.0,,0.6784,1.0,1.0,,,fp16,NVIDIA GeForce RTX 4060 Laptop GPU,0.0,0.0,0;4;3
P5,math,2,0.7,fixed:1,eager,0.985,3,128,4.0473,31.641,0.839,73.304,5.665,0.5156,0.9538,6.709,58.0,,0.6784,1.1628,1.2548,65,62,fp16,NVIDIA GeForce RTX 4060 Laptop GPU,0.0224,0.985,1;0;4
P5,math,2,0.7,fixed:2,eager,1.956,3,128,4.0531,31.634,1.565,108.666,5.751,0.3516,0.9651,6.709,58.0,,0.6784,1.2274,1.2547,44;42,42;41,fp16,NVIDIA GeForce RTX 4060 Laptop GPU,0.0624,1.956,2;1;0
P5,math,2,0.7,adaptive,eager,2.163,3,128,4.071,31.444,0.312,78.662,4.073,0.3359,0.9551,6.709,58.0,,0.6784,1.2207,1.2472,42;31;13;3,40;29;13;3,fp16,NVIDIA GeForce RTX 4060 Laptop GPU,0.0221,2.163,3;2;1
P5,math,2,0.7,adaedl:0.7,eager,4.957,3,128,4.3748,29.283,1.032,221.944,4.225,0.1797,0.9722,6.709,58.0,,0.6784,1.2747,1.1613,23;18;14;14;13;9;9;8,21;17;14;14;13;9;9;8,fp16,NVIDIA GeForce RTX 4060 Laptop GPU,0.0325,4.957,4;3;2
P5,math,3,0.0,baseline,eager,,3,128,5.0854,25.177,0.532,43.066,1.87,1.0,,6.716,59.5,True,0.7374,1.0,1.0,,,fp16,NVIDIA GeForce RTX 4060 Laptop GPU,0.0,0.0,0;4;3
P5,math,3,0.0,fixed:1,eager,1.0,3,128,4.0391,31.698,0.612,75.879,4.877,0.5156,0.9394,6.716,59.5,True,0.7374,1.1162,1.2591,66,62,fp16,NVIDIA GeForce RTX 4060 Laptop GPU,0.0123,1.0,1;0;4
P5,math,3,0.0,fixed:2,eager,1.978,3,128,4.1947,30.535,0.95,103.055,7.653,0.3594,0.9425,6.716,59.5,True,0.7374,1.1437,1.2129,46;41,42;40,fp16,NVIDIA GeForce RTX 4060 Laptop GPU,0.0333,1.978,2;1;0
P5,math,3,0.0,adaptive,eager,1.608,3,128,3.9425,32.478,0.741,74.206,3.242,0.3984,0.939,6.716,59.5,True,0.7374,1.1354,1.2903,51;19;11;1,47;19;11;0,fp16,NVIDIA GeForce RTX 4060 Laptop GPU,0.0397,1.608,3;2;1
P5,math,3,0.0,adaedl:0.7,eager,3.655,3,128,4.6242,27.685,0.435,212.836,5.127,0.2266,0.9706,6.716,59.5,True,0.7374,1.1937,1.0999,29;20;13;11;9;7;7;6,26;20;13;11;9;7;7;6,fp16,NVIDIA GeForce RTX 4060 Laptop GPU,0.0254,3.655,4;3;2
P5,math,3,0.7,baseline,eager,,3,128,5.0149,25.541,0.82,43.207,2.148,1.0,,6.711,57.4,,0.6713,1.0,1.0,,,fp16,NVIDIA GeForce RTX 4060 Laptop GPU,0.0,0.0,0;4;3
P5,math,3,0.7,fixed:1,eager,0.985,3,128,4.4668,28.857,2.867,84.461,12.801,0.5312,0.8955,6.711,57.4,,0.6713,1.1334,1.1292,67,60,fp16,NVIDIA GeForce RTX 4060 Laptop GPU,0.0971,0.985,1;0;4
P5,math,3,0.7,fixed:2,eager,1.956,3,128,3.878,33.022,0.872,106.606,11.831,0.3516,0.9651,6.711,57.4,,0.6713,1.2348,1.2942,44;42,42;41,fp16,NVIDIA GeForce RTX 4060 Laptop GPU,0.0664,1.956,2;1;0
P5,math,3,0.7,adaptive,eager,3.088,3,128,4.1729,30.729,1.571,81.998,10.439,0.2656,0.9691,6.711,57.4,,0.6713,1.2681,1.2032,34;23;19;14;5;2,32;23;18;14;5;2,fp16,NVIDIA GeForce RTX 4060 Laptop GPU,0.0497,3.088,3;2;1
P5,math,3,0.7,adaedl:0.7,eager,4.269,3,128,4.4141,29.01,0.696,200.196,9.979,0.2031,0.9714,6.711,57.4,,0.6713,1.2824,1.1371,25;16;15;12;11;10;8;8,23;16;15;12;11;10;8;7,fp16,NVIDIA GeForce RTX 4060 Laptop GPU,0.0628,4.269,4;3;2
P5,math,4,0.0,baseline,eager,,3,128,7.1337,18.025,1.459,68.575,5.56,1.0,,6.715,45.5,True,0.6637,1.0,1.0,,,fp16,NVIDIA GeForce RTX 4060 Laptop GPU,0.0,0.0,0;4;3
P5,math,4,0.0,fixed:1,eager,1.0,3,128,5.1563,24.848,0.936,101.472,13.696,0.5234,0.9104,6.715,45.5,True,0.6637,1.1483,1.386,67,61,fp16,NVIDIA GeForce RTX 4060 Laptop GPU,0.1469,1.0,1;0;4
P5,math,4,0.0,fixed:2,eager,1.978,3,128,5.7439,22.989,4.738,128.117,42.98,0.3594,0.9425,6.715,45.5,True,0.6637,1.2158,1.2822,46;41,42;40,fp16,NVIDIA GeForce RTX 4060 Laptop GPU,0.284,1.978,2;1;0
P5,math,4,0.0,adaptive,eager,2.737,3,128,5.5041,23.644,3.842,94.516,17.381,0.2969,0.9474,6.715,45.5,True,0.6637,1.2341,1.3084,38;26;18;9;3;1,36;24;17;9;3;1,fp16,NVIDIA GeForce RTX 4060 Laptop GPU,0.1397,2.737,3;2;1
P5,math,4,0.0,adaedl:0.7,eager,4.846,3,128,6.4253,20.239,3.114,344.828,56.684,0.2031,0.9714,6.715,45.5,True,0.6637,1.294,1.1191,26;18;14;10;10;10;9;8,23;18;14;10;10;10;9;8,fp16,NVIDIA GeForce RTX 4060 Laptop GPU,0.0957,4.846,4;3;2
P5,math,4,0.7,baseline,eager,,3,128,7.0054,18.294,0.793,62.718,8.21,1.0,,6.711,49.0,,0.5854,1.0,1.0,,,fp16,NVIDIA GeForce RTX 4060 Laptop GPU,0.0,0.0,0;4;3
P5,math,4,0.7,fixed:1,eager,1.0,3,128,5.0659,25.526,3.2,109.036,24.099,0.5078,0.9692,6.711,49.0,,0.5854,1.2421,1.3988,65,63,fp16,NVIDIA GeForce RTX 4060 Laptop GPU,0.2082,1.0,1;0;4
P5,math,4,0.7,fixed:2,eager,1.977,3,128,5.4464,23.577,1.661,156.322,21.6,0.3438,0.9655,6.711,49.0,,0.5854,1.3334,1.2918,44;43,44;40,fp16,NVIDIA GeForce RTX 4060 Laptop GPU,0.1306,1.977,2;1;0
P5,math,4,0.7,adaptive,eager,2.31,3,128,5.6765,22.731,2.478,116.332,13.262,0.3281,0.9348,6.711,49.0,,0.5854,1.3041,1.2447,41;32;13;6,38;30;12;6,fp16,NVIDIA GeForce RTX 4060 Laptop GPU,0.1571,2.31,3;2;1
P5,math,4,0.7,adaedl:0.7,eager,4.625,3,128,5.948,21.752,2.718,327.597,31.274,0.1875,0.963,6.711,49.0,,0.5854,1.3929,1.1893,24;20;16;13;11;10;7;7,23;19;16;13;11;9;7;6,fp16,NVIDIA GeForce RTX 4060 Laptop GPU,0.1466,4.625,4;3;2
P5,math,5,0.0,baseline,eager,,3,128,5.9231,21.69,1.642,57.916,4.149,1.0,,6.715,53.4,True,0.6333,1.0,1.0,,,fp16,NVIDIA GeForce RTX 4060 Laptop GPU,0.0,0.0,0;4;3
P5,math,5,0.0,fixed:1,eager,1.0,3,128,4.6801,27.532,2.669,79.859,3.754,0.5078,0.9692,6.715,53.4,True,0.6333,1.2057,1.2713,65,63,fp16,NVIDIA GeForce RTX 4060 Laptop GPU,0.1208,1.0,1;0;4
P5,math,5,0.0,fixed:2,eager,1.977,3,128,4.7006,27.807,4.74,128.339,23.538,0.3359,1.0,6.715,53.4,True,0.6333,1.3219,1.278,43;42,43;42,fp16,NVIDIA GeForce RTX 4060 Laptop GPU,0.1555,1.977,2;1;0
P5,math,5,0.0,adaptive,eager,4.583,3,128,4.5642,28.2,2.513,91.91,25.842,0.1875,0.9905,6.715,53.4,True,0.6333,1.3998,1.3007,24;20;17;14;12;10;5;3,24;20;16;14;12;10;5;3,fp16,NVIDIA GeForce RTX 4060 Laptop GPU,0.0816,4.583,3;2;1
P5,math,5,0.0,adaedl:0.7,eager,5.5,3,128,5.1282,25.299,3.729,131.487,12.922,0.1562,0.9908,6.715,53.4,True,0.6333,1.4138,1.1623,20;16;16;13;13;11;11;9,19;16;16;13;13;11;11;9,fp16,NVIDIA GeForce RTX 4060 Laptop GPU,0.0806,5.5,4;3;2
P5,math,5,0.7,baseline,eager,,3,128,6.5303,19.658,1.302,53.448,10.568,1.0,,6.711,47.5,,0.6539,1.0,1.0,,,fp16,NVIDIA GeForce RTX 4060 Laptop GPU,0.0,0.0,0;4;3
P5,math,5,0.7,fixed:1,eager,1.0,3,128,5.5649,23.01,0.536,107.696,24.713,0.5156,0.9394,6.711,47.5,,0.6539,1.1726,1.1751,66,62,fp16,NVIDIA GeForce RTX 4060 Laptop GPU,0.1042,1.0,1;0;4
P5,math,5,0.7,fixed:2,eager,2.0,3,128,5.154,25.001,2.549,129.731,15.936,0.3359,0.9884,6.711,47.5,,0.6539,1.2849,1.2766,43;43,43;42,fp16,NVIDIA GeForce RTX 4060 Laptop GPU,0.1645,2.0,2;1;0
P5,math,5,0.7,adaptive,eager,2.465,3,128,6.3159,20.326,1.354,105.944,12.595,0.3359,0.9043,6.711,47.5,,0.6539,1.1773,1.04,43;35;10;4;2,39;30;10;4;2,fp16,NVIDIA GeForce RTX 4060 Laptop GPU,0.1384,2.465,3;2;1
P5,math,5,0.7,adaedl:0.7,eager,7.0,3,128,5.339,24.007,1.089,377.819,7.58,0.125,1.0,6.711,47.5,,0.6539,1.4344,1.223,16;16;15;15;13;13;12;12,16;16;15;15;13;13;12;12,fp16,NVIDIA GeForce RTX 4060 Laptop GPU,0.055,7.0,4;3;2
P5,chat,0,0.0,baseline,eager,,3,128,6.8704,18.843,2.366,50.666,2.695,1.0,,6.707,50.1,True,0.8082,1.0,1.0,,,fp16,NVIDIA GeForce RTX 4060 Laptop GPU,0.0,0.0,0;4;3
P5,chat,0,0.0,fixed:1,eager,0.986,3,128,5.9974,21.569,2.674,98.328,17.336,0.5391,0.8676,6.707,50.1,True,0.8082,1.0331,1.1572,68,59,fp16,NVIDIA GeForce RTX 4060 Laptop GPU,0.2034,0.986,1;0;4
P5,chat,0,0.0,fixed:2,eager,1.981,3,128,6.4129,20.062,1.712,161.899,24.715,0.4062,0.8172,6.707,50.1,True,0.8082,0.951,1.0687,52;41,42;34,fp16,NVIDIA GeForce RTX 4060 Laptop GPU,0.0485,1.981,2;1;0
P5,chat,0,0.0,adaptive,eager,1.029,3,128,5.1794,24.95,2.977,92.402,23.748,0.5312,0.8571,6.707,50.1,True,0.8082,1.0265,1.3262,67;3,59;1,fp16,NVIDIA GeForce RTX 4060 Laptop GPU,0.0639,1.029,3;2;1
P5,chat,0,0.0,adaedl:0.7,eager,1.446,3,128,7.5761,16.913,0.673,131.831,9.885,0.4375,0.9114,6.707,50.1,True,0.8082,1.0566,0.9109,55;14;5;2;1;1;1,48;14;5;2;1;1;1,fp16,NVIDIA GeForce RTX 4060 Laptop GPU,0.1599,1.446,4;3;2
P5,chat,0,0.7,baseline,eager,,3,128,6.8808,18.624,0.777,60.943,13.635,1.0,,6.7,48.3,,0.6751,1.0,1.0,,,fp16,NVIDIA GeForce RTX 4060 Laptop GPU,0.0,0.0,0;4;3
P5,chat,0,0.7,fixed:1,eager,1.0,3,128,6.3154,20.296,0.909,114.55,17.37,0.5625,0.7778,6.7,48.3,,0.6751,1.0613,1.0903,72,56,fp16,NVIDIA GeForce RTX 4060 Laptop GPU,0.0451,1.0,1;0;4
P5,chat,0,0.7,fixed:2,eager,1.983,3,128,7.4823,17.111,0.328,126.509,17.78,0.4688,0.6939,6.7,48.3,,0.6751,0.9272,0.9198,60;38,39;29,fp16,NVIDIA GeForce RTX 4060 Laptop GPU,0.0417,1.983,2;1;0
P5,chat,0,0.7,adaptive,eager,1.042,3,128,7.4056,17.473,2.307,109.534,22.879,0.5625,0.7778,6.7,48.3,,0.6751,1.0604,0.9417,71;1,55;1,fp16,NVIDIA GeForce RTX 4060 Laptop GPU,0.1547,1.042,3;2;1
P5,chat,0,0.7,adaedl:0.7,eager,1.793,3,128,9.3236,13.952,2.226,413.668,56.017,0.4531,0.7527,6.7,48.3,,0.6751,1.0019,0.7527,57;16;10;5;4;1,37;15;9;5;4;0,fp16,NVIDIA GeForce RTX 4060 Laptop GPU,0.1464,1.793,4;3;2
P5,chat,1,0.0,baseline,eager,,3,128,6.5847,19.565,1.979,59.713,13.107,1.0,,6.706,51.7,True,0.7365,1.0,1.0,,,fp16,NVIDIA GeForce RTX 4060 Laptop GPU,0.0,0.0,0;4;3
P5,chat,1,0.0,fixed:1,eager,1.0,3,128,6.4894,19.949,2.685,114.536,39.017,0.5938,0.6842,6.706,51.7,False,0.7365,0.9699,1.0175,76,52,fp16,NVIDIA GeForce RTX 4060 Laptop GPU,0.0358,1.0,1;0;4
P5,chat,1,0.0,fixed:2,eager,1.943,3,128,6.2146,20.909,3.176,154.295,23.578,0.4141,0.7979,6.706,51.7,True,0.7365,0.988,1.0661,52;42,42;33,fp16,NVIDIA GeForce RTX 4060 Laptop GPU,0.0794,1.943,2;1;0
P5,chat,1,0.0,adaptive,eager,1.04,3,128,6.1467,21.042,2.722,108.453,27.519,0.5859,0.6883,6.706,51.7,False,0.7365,0.9688,1.0736,75;2,51;2,fp16,NVIDIA GeForce RTX 4060 Laptop GPU,0.0292,1.04,3;2;1
P5,chat,1,0.0,adaedl:0.7,eager,1.574,3,128,8.5928,15.028,1.771,204.141,45.244,0.4766,0.7528,6.706,51.7,False,0.7365,0.9715,0.7673,61;15;5;3;3;1;1,40;15;4;3;3;1;1,fp16,NVIDIA GeForce RTX 4060 Laptop GPU,0.0171,1.574,4;3;2
P5,chat,1,0.7,baseline,eager,,3,128,6.7015,19.189,1.582,58.93,7.812,1.0,,6.702,51.3,,0.6599,1.0,1.0,,,fp16,NVIDIA GeForce RTX 4060 Laptop GPU,0.0,0.0,0;4;3
P5,chat,1,0.7,fixed:1,eager,0.986,3,128,5.8601,22.087,2.805,96.417,10.488,0.5781,0.7397,6.702,51.3,,0.6599,1.0486,1.1482,73,54,fp16,NVIDIA GeForce RTX 4060 Laptop GPU,0.0525,0.986,1;0;4
P5,chat,1,0.7,fixed:2,eager,1.983,3,128,6.8193,18.878,1.787,131.56,23.879,0.4531,0.7216,6.702,51.3,,0.6599,0.9681,0.9846,58;39,40;30,fp16,NVIDIA GeForce RTX 4060 Laptop GPU,0.0631,1.983,2;1;0
P5,chat,1,0.7,adaptive,eager,0.986,3,128,6.07,21.242,2.232,106.02,17.531,0.5781,0.7397,6.702,51.3,,0.6599,1.0486,1.1058,73,54,fp16,NVIDIA GeForce RTX 4060 Laptop GPU,0.03,0.986,3;2;1
P5,chat,1,0.7,adaedl:0.7,eager,1.712,3,128,7.3641,17.417,0.945,153.312,16.53,0.4062,0.8736,6.702,51.3,,0.6599,1.1398,0.9094,52;19;9;3;1;1;1;1,44;17;8;3;1;1;1;1,fp16,NVIDIA GeForce RTX 4060 Laptop GPU,0.0391,1.712,4;3;2
P5,chat,2,0.0,baseline,eager,,3,128,6.7681,18.918,0.425,55.64,7.183,1.0,,6.709,50.9,True,0.9213,1.0,1.0,,,fp16,NVIDIA GeForce RTX 4060 Laptop GPU,0.0,0.0,0;4;3
P5,chat,2,0.0,fixed:1,eager,0.987,3,128,6.3371,20.208,0.537,98.674,7.248,0.6094,0.6494,6.709,50.9,True,0.9213,0.8603,1.0681,77,50,fp16,NVIDIA GeForce RTX 4060 Laptop GPU,0.0055,0.987,1;0;4
P5,chat,2,0.0,fixed:2,eager,1.95,3,128,7.4322,17.232,0.501,155.443,21.63,0.4688,0.701,6.709,50.9,True,0.9213,0.7766,0.9116,59;38,38;30,fp16,NVIDIA GeForce RTX 4060 Laptop GPU,0.0465,1.95,2;1;0
P5,chat,2,0.0,adaptive,eager,0.987,3,128,6.4203,19.946,0.514,101.12,16.373,0.6094,0.6494,6.709,50.9,True,0.9213,0.8603,1.0546,77,50,fp16,NVIDIA GeForce RTX 4060 Laptop GPU,0.0326,0.987,3;2;1
P5,chat,2,0.0,adaedl:0.7,eager,1.569,3,128,9.5472,13.438,0.789,166.053,21.126,0.5078,0.7326,6.709,50.9,True,0.9213,0.8416,0.7109,64;13;4;3;1;1,41;13;4;3;1;1,fp16,NVIDIA GeForce RTX 4060 Laptop GPU,0.0533,1.569,4;3;2
P5,chat,2,0.7,baseline,eager,,3,128,6.0624,21.502,3.6,54.462,10.068,1.0,,6.698,49.7,,0.7295,1.0,1.0,,,fp16,NVIDIA GeForce RTX 4060 Laptop GPU,0.0,0.0,0;4;3
P5,chat,2,0.7,fixed:1,eager,0.986,3,128,5.423,24.147,4.46,89.38,27.0,0.5703,0.7639,6.698,49.7,,0.7295,1.0205,1.1208,72,55,fp16,NVIDIA GeForce RTX 4060 Laptop GPU,0.0287,0.986,1;0;4
P5,chat,2,0.7,fixed:2,eager,2.0,3,128,6.7048,19.224,1.905,128.133,17.233,0.4297,0.7526,6.698,49.7,,0.7295,0.9431,0.9031,55;42,42;31,fp16,NVIDIA GeForce RTX 4060 Laptop GPU,0.1004,2.0,2;1;0
P5,chat,2,0.7,adaptive,eager,0.986,3,128,6.0437,21.193,0.668,105.472,19.19,0.5703,0.7639,6.698,49.7,,0.7295,1.0205,1.0015,72,55,fp16,NVIDIA GeForce RTX 4060 Laptop GPU,0.1431,0.986,3;2;1
P5,chat,2,0.7,adaedl:0.7,eager,1.625,3,128,7.8064,16.409,0.547,183.667,31.797,0.4375,0.8372,6.698,49.7,,0.7295,1.0478,0.7747,56;17;9;4,42;17;9;4,fp16,NVIDIA GeForce RTX 4060 Laptop GPU,0.1036,1.625,4;3;2
P5,chat,3,0.0,baseline,eager,,3,125,5.1165,24.468,1.163,50.584,3.817,1.0,,6.709,56.8,True,0.6999,1.0,1.0,,,fp16,NVIDIA GeForce RTX 4060 Laptop GPU,0.0,0.0,0;4;3
P5,chat,3,0.0,fixed:1,eager,1.0,3,125,4.9765,25.182,1.525,75.699,4.862,0.592,0.7027,6.709,56.8,True,0.6999,1.0017,1.0288,74,52,fp16,NVIDIA GeForce RTX 4060 Laptop GPU,0.0235,1.0,1;0;4
P5,chat,3,0.0,fixed:2,eager,2.0,3,125,5.5593,22.488,0.335,101.925,5.142,0.472,0.6837,6.709,56.8,True,0.6999,0.8964,0.9202,59;39,39;28,fp16,NVIDIA GeForce RTX 4060 Laptop GPU,0.0346,2.0,2;1;0
P5,chat,3,0.0,adaptive,eager,1.0,3,125,4.8475,25.799,0.697,77.449,2.871,0.592,0.7027,6.709,56.8,True,0.6999,1.0017,1.0564,74,52,fp16,NVIDIA GeForce RTX 4060 Laptop GPU,0.068,1.0,3;2;1
P5,chat,3,0.0,adaedl:0.7,eager,1.338,3,125,7.0582,17.712,0.22,134.266,3.389,0.52,0.7654,6.709,56.8,True,0.6999,1.0231,0.7252,65;10;2;1;1;1;1,48;9;2;1;1;1;0,fp16,NVIDIA GeForce RTX 4060 Laptop GPU,0.042,1.338,4;3;2
P5,chat,3,0.7,baseline,eager,,3,128,6.2441,20.706,2.506,63.112,14.466,1.0,,6.706,51.7,,0.8075,1.0,1.0,,,fp16,NVIDIA GeForce RTX 4060 Laptop GPU,0.0,0.0,0;4;3
P5,chat,3,0.7,fixed:1,eager,1.0,3,103,5.3029,19.575,2.075,101.875,21.707,0.6408,0.5758,6.706,51.7,,0.8075,0.8718,0.9486,66,38,fp16,NVIDIA GeForce RTX 4060 Laptop GPU,0.0777,1.0,1;0;4
P5,chat,3,0.7,fixed:2,eager,2.0,3,90,4.5831,19.871,2.743,121.86,9.042,0.4444,0.7222,6.706,51.7,,0.8075,0.858,0.9611,40;32,32;20,fp16,NVIDIA GeForce RTX 4060 Laptop GPU,0.0824,2.0,2;1;0
P5,chat,3,0.7,adaptive,eager,1.0,3,103,5.0858,20.387,1.982,101.192,12.466,0.6408,0.5758,6.706,51.7,,0.8075,0.8718,0.9867,66,38,fp16,NVIDIA GeForce RTX 4060 Laptop GPU,0.0338,1.0,3;2;1
P5,chat,3,0.7,adaedl:0.7,eager,2.0,3,92,7.036,13.653,3.21,164.167,15.845,0.4783,0.7353,6.706,51.7,,0.8075,0.8703,0.6535,44;12;3;2;2;2;2;1,28;11;3;2;2;2;1;1,fp16,NVIDIA GeForce RTX 4060 Laptop GPU,0.0898,2.0,4;3;2
P5,chat,4,0.0,baseline,eager,,3,128,6.0995,21.033,1.201,59.99,10.44,1.0,,6.704,51.4,True,0.6608,1.0,1.0,,,fp16,NVIDIA GeForce RTX 4060 Laptop GPU,0.0,0.0,0;4;3
P5,chat,4,0.0,fixed:1,eager,0.987,3,128,6.1587,20.789,0.409,84.115,12.831,0.6094,0.6494,6.704,51.4,True,0.6608,0.9941,0.9903,77,50,fp16,NVIDIA GeForce RTX 4060 Laptop GPU,0.0522,0.987,1;0;4
P5,chat,4,0.0,fixed:2,eager,1.948,3,128,6.7882,19.06,2.331,143.266,13.108,0.4531,0.7143,6.704,51.4,True,0.6608,0.9627,0.9106,57;41,41;29,fp16,NVIDIA GeForce RTX 4060 Laptop GPU,0.147,1.948,2;1;0
P5,chat,4,0.0,adaptive,eager,0.987,3,128,6.3127,20.346,1.436,105.669,13.291,0.6094,0.6494,6.704,51.4,True,0.6608,0.9941,0.9714,77,50,fp16,NVIDIA GeForce RTX 4060 Laptop GPU,0.1165,0.987,3;2;1
P5,chat,4,0.0,adaedl:0.7,eager,1.456,3,128,8.9663,14.293,0.611,119.738,5.138,0.5312,0.6897,6.704,51.4,True,0.6608,0.9828,0.682,67;10;5;3;2,40;10;5;3;2,fp16,NVIDIA GeForce RTX 4060 Laptop GPU,0.0667,1.456,4;3;2
P5,chat,4,0.7,baseline,eager,,3,128,7.1674,17.958,1.6,59.629,8.292,1.0,,6.7,47.1,,0.6382,1.0,1.0,,,fp16,NVIDIA GeForce RTX 4060 Laptop GPU,0.0,0.0,0;4;3
P5,chat,4,0.7,fixed:1,eager,0.987,3,128,7.1215,18.136,2.17,123.747,32.075,0.6016,0.6711,6.7,47.1,,0.6382,1.0209,1.0126,76,51,fp16,NVIDIA GeForce RTX 4060 Laptop GPU,0.1163,0.987,1;0;4
P5,chat,4,0.7,fixed:2,eager,1.967,3,128,7.5956,16.878,0.814,157.645,14.198,0.4688,0.68,6.7,47.1,,0.6382,0.9444,0.9434,59;41,41;27,fp16,NVIDIA GeForce RTX 4060 Laptop GPU,0.0695,1.967,2;1;0
P5,chat,4,0.7,adaptive,eager,1.028,3,128,6.5179,19.694,1.268,121.842,21.268,0.5625,0.7671,6.7,47.1,,0.6382,1.0784,1.0984,72;1,56;0,fp16,NVIDIA GeForce RTX 4060 Laptop GPU,0.0297,1.028,3;2;1
P5,chat,4,0.7,adaedl:0.7,eager,1.468,3,128,9.0162,14.21,0.523,153.278,14.625,0.4844,0.7765,6.7,47.1,,0.6382,1.0727,0.7939,61;14;5;2;1;1;1,42;14;5;2;1;1;1,fp16,NVIDIA GeForce RTX 4060 Laptop GPU,0.0457,1.468,4;3;2
P5,chat,5,0.0,baseline,eager,,3,128,6.9377,18.496,1.107,52.51,7.905,1.0,,6.698,49.2,True,0.8706,1.0,1.0,,,fp16,NVIDIA GeForce RTX 4060 Laptop GPU,0.0,0.0,0;4;3
P5,chat,5,0.0,fixed:1,eager,1.0,3,128,5.4152,23.674,1.122,95.569,17.789,0.5703,0.7534,6.698,49.2,False,0.8706,0.9374,1.2841,73,55,fp16,NVIDIA GeForce RTX 4060 Laptop GPU,0.1184,1.0,1;0;4
P5,chat,5,0.0,fixed:2,eager,1.965,3,128,6.5534,19.638,1.79,136.306,8.287,0.4453,0.7172,6.698,49.2,False,0.8706,0.8176,1.0611,56;43,43;28,fp16,NVIDIA GeForce RTX 4060 Laptop GPU,0.0539,1.965,2;1;0
P5,chat,5,0.0,adaptive,eager,1.0,3,128,6.5297,19.889,2.857,97.573,12.029,0.5703,0.7534,6.698,49.2,False,0.8706,0.9374,1.0718,73,55,fp16,NVIDIA GeForce RTX 4060 Laptop GPU,0.0945,1.0,3;2;1
P5,chat,5,0.0,adaedl:0.7,eager,1.431,3,128,9.14,14.361,2.72,316.226,27.06,0.5078,0.759,6.698,49.2,False,0.8706,0.9026,0.7726,64;14;5,46;12;5,fp16,NVIDIA GeForce RTX 4060 Laptop GPU,0.1051,1.431,4;3;2
P5,chat,5,0.7,baseline,eager,,3,128,6.5221,19.642,0.692,68.54,17.13,1.0,,6.698,51.4,,0.7345,1.0,1.0,,,fp16,NVIDIA GeForce RTX 4060 Laptop GPU,0.0,0.0,0;4;3
P5,chat,5,0.7,fixed:1,eager,0.986,3,128,5.5665,23.701,5.09,96.534,15.921,0.5547,0.8143,6.698,51.4,,0.7345,1.0463,1.2016,70,57,fp16,NVIDIA GeForce RTX 4060 Laptop GPU,0.2152,0.986,1;0;4
P5,chat,5,0.7,fixed:2,eager,1.982,3,128,5.8467,21.994,1.844,108.218,2.348,0.4375,0.7273,6.698,51.4,,0.7345,0.9154,1.1192,56;43,44;28,fp16,NVIDIA GeForce RTX 4060 Laptop GPU,0.0708,1.982,2;1;0
P5,chat,5,0.7,adaptive,eager,1.029,3,128,5.1166,25.123,1.973,85.635,6.923,0.5469,0.8056,6.698,51.4,,0.7345,1.0402,1.279,70;2,57;1,fp16,NVIDIA GeForce RTX 4060 Laptop GPU,0.0883,1.029,3;2;1
P5,chat,5,0.7,adaedl:0.7,eager,1.836,3,128,7.2198,17.798,1.361,257.969,44.229,0.4297,0.8295,6.698,51.4,,0.7345,1.0276,0.9057,55;19;11;3,41;18;11;3,fp16,NVIDIA GeForce RTX 4060 Laptop GPU,0.0517,1.836,4;3;2
P5b,code,0,0.0,baseline,cuda-graph static cache,,3,128,9.2608,13.848,0.735,82.226,10.993,1.0,,6.743,55.4,True,0.1198,1.0,1.0,,,fp16,NVIDIA GeForce RTX 4060 Laptop GPU,0.0,0.0,0;6;5
P5b,code,0,0.0,fixed:2,cuda-graph static cache,1.98,3,128,4.5048,28.658,3.206,147.433,24.535,0.3828,0.8977,6.743,55.4,True,0.1198,2.1726,2.0651,49;39,40;39,fp16,NVIDIA GeForce RTX 4060 Laptop GPU,0.1233,1.98,1;0;6
P5b,code,0,0.0,fixed:4,cuda-graph static cache,3.941,3,128,3.6524,35.744,6.283,191.558,61.271,0.2656,0.8785,6.743,55.4,True,0.1198,2.6427,2.571,34;28;24;21,28;25;21;20,fp16,NVIDIA GeForce RTX 4060 Laptop GPU,0.3255,3.941,2;1;0
P5b,code,0,0.0,fixed:6,cuda-graph static cache,5.769,3,128,3.1393,40.949,3.358,189.721,41.835,0.2031,0.9027,6.743,55.4,True,0.1198,3.0371,2.9556,25;20;19;18;16;15,20;19;18;16;15;14,fp16,NVIDIA GeForce RTX 4060 Laptop GPU,0.142,5.769,3;2;1
P5b,code,0,0.0,fixed:8,cuda-graph static cache,7.955,3,128,3.2514,39.652,3.997,222.742,21.417,0.1719,0.8983,6.743,55.4,True,0.1198,3.1072,2.8593,22;17;17;14;13;13;13;9,17;17;14;13;13;13;10;9,fp16,NVIDIA GeForce RTX 4060 Laptop GPU,0.1681,7.955,4;3;2
P5b,code,0,0.0,adaptive,cuda-graph static cache,6.0,3,128,3.3637,38.078,1.203,210.522,14.309,0.2109,0.8783,6.743,55.4,True,0.1198,2.8524,2.7549,27;21;20;17;12;10;7;1,21;20;18;15;11;9;6;1,fp16,NVIDIA GeForce RTX 4060 Laptop GPU,0.1679,6.0,5;4;3
P5b,code,0,0.0,adaedl:0.7,cuda-graph static cache,3.529,3,128,4.028,31.954,2.97,164.513,20.916,0.2656,0.9126,6.743,55.4,True,0.1198,2.7272,2.3092,34;19;14;11;8;7;5;5,25;19;14;11;8;7;5;5,fp16,NVIDIA GeForce RTX 4060 Laptop GPU,0.2048,3.529,6;5;4
P5b,code,0,0.7,baseline,cuda-graph static cache,,3,128,9.8512,13.047,1.015,81.526,17.95,1.0,,6.738,57.0,,0.081,1.0,1.0,,,fp16,NVIDIA GeForce RTX 4060 Laptop GPU,0.0,0.0,0;6;5
P5b,code,0,0.7,fixed:2,cuda-graph static cache,1.98,3,128,4.6391,28.831,7.145,148.487,28.994,0.3828,0.8876,6.738,57.0,,0.081,2.2926,2.19,49;40,41;38,fp16,NVIDIA GeForce RTX 4060 Laptop GPU,0.3826,1.98,1;0;6
P5b,code,0,0.7,fixed:4,cuda-graph static cache,4.0,3,128,3.5422,36.138,0.364,153.206,10.308,0.2656,0.8704,6.738,57.0,,0.081,2.9159,2.7798,34;28;24;22,28;24;22;20,fp16,NVIDIA GeForce RTX 4060 Laptop GPU,0.1925,4.0,2;1;0
P5b,code,0,0.7,fixed:6,cuda-graph static cache,5.739,3,128,2.7996,45.761,1.642,185.029,22.473,0.1797,0.9375,6.738,57.0,,0.081,3.8517,3.5162,22;21;19;18;16;16,21;19;18;16;16;15,fp16,NVIDIA GeForce RTX 4060 Laptop GPU,0.1818,5.739,3;2;1
P5b,code,0,0.7,fixed:8,cuda-graph static cache,7.65,3,128,2.6092,49.074,1.126,199.756,25.095,0.1562,0.9153,6.738,57.0,,0.081,3.898,3.7814,20;17;15;15;14;13;13;11,18;15;15;14;13;13;11;9,fp16,NVIDIA GeForce RTX 4060 Laptop GPU,0.3874,7.65,4;3;2
P5b,code,0,0.7,adaptive,cuda-graph static cache,6.957,3,128,2.9146,43.943,1.318,176.904,6.848,0.1797,0.9052,6.738,57.0,,0.081,3.6914,3.3799,23;18;17;15;14;11;10;8,18;17;16;14;14;11;8;7,fp16,NVIDIA GeForce RTX 4060 Laptop GPU,0.2446,6.957,5;4;3
P5b,code,0,0.7,adaedl:0.7,cuda-graph static cache,5.136,3,128,2.5138,51.201,4.754,142.4,25.787,0.1719,0.9636,6.738,57.0,,0.081,3.9479,3.9406,22;16;15;14;13;11;11;8,19;16;15;13;13;11;11;8,fp16,NVIDIA GeForce RTX 4060 Laptop GPU,0.4662,5.136,6;5;4
P5b,code,1,0.0,baseline,cuda-graph static cache,,3,128,9.9034,12.979,1.012,111.377,52.056,1.0,,6.743,49.6,True,0.0896,1.0,1.0,,,fp16,NVIDIA GeForce RTX 4060 Laptop GPU,0.0,0.0,0;6;5
P5b,code,1,0.0,fixed:2,cuda-graph static cache,1.977,3,128,4.5104,28.666,3.596,179.363,49.589,0.3438,0.9767,6.743,49.6,True,0.0896,2.4716,2.2101,44;42,43;41,fp16,NVIDIA GeForce RTX 4060 Laptop GPU,0.2284,1.977,1;0;6
P5b,code,1,0.0,fixed:4,cuda-graph static cache,3.857,3,128,3.7924,34.922,7.467,194.122,22.029,0.2188,0.9709,6.743,49.6,True,0.0896,3.4128,2.671,27;26;26;24,26;26;24;24,fp16,NVIDIA GeForce RTX 4060 Laptop GPU,0.3792,3.857,2;1;0
P5b,code,1,0.0,fixed:6,cuda-graph static cache,5.95,3,128,3.3138,42.179,13.644,249.3,93.611,0.1562,0.973,6.743,49.6,True,0.0896,4.1852,3.2073,20;19;19;18;18;17,19;19;18;18;18;16,fp16,NVIDIA GeForce RTX 4060 Laptop GPU,0.838,5.95,3;2;1
P5b,code,1,0.0,fixed:8,cuda-graph static cache,7.75,3,128,2.5719,51.162,9.757,274.061,117.853,0.125,0.9655,6.743,49.6,True,0.0896,4.5258,3.9195,16;16;16;15;14;14;13;12,16;16;15;15;14;13;12;11,fp16,NVIDIA GeForce RTX 4060 Laptop GPU,0.4915,7.75,4;3;2
P5b,code,1,0.0,adaptive,cuda-graph static cache,7.045,3,128,3.7997,35.954,10.179,216.682,90.985,0.1719,0.9217,6.743,49.6,False,0.0896,3.7675,2.7434,21;18;17;15;13;11;10;10,18;17;15;14;12;10;10;10,fp16,NVIDIA GeForce RTX 4060 Laptop GPU,0.6278,7.045,5;4;3
P5b,code,1,0.0,adaedl:0.7,cuda-graph static cache,3.607,3,128,3.4007,37.774,2.794,184.416,9.072,0.2188,0.9901,6.743,49.6,True,0.0896,3.4205,2.9164,27;16;13;11;10;9;8;7,26;16;13;11;10;9;8;7,fp16,NVIDIA GeForce RTX 4060 Laptop GPU,0.2106,3.607,6;5;4
P5b,code,1,0.7,baseline,cuda-graph static cache,,3,128,10.3357,12.671,2.441,86.538,23.226,1.0,,6.738,52.4,,0.1105,1.0,1.0,,,fp16,NVIDIA GeForce RTX 4060 Laptop GPU,0.0,0.0,0;6;5
P5b,code,1,0.7,fixed:2,cuda-graph static cache,2.0,3,128,4.1756,30.849,2.97,159.32,22.576,0.3594,0.9213,6.738,52.4,,0.1105,2.2688,2.4648,46;43,43;39,fp16,NVIDIA GeForce RTX 4060 Laptop GPU,0.2556,2.0,1;0;6
P5b,code,1,0.7,fixed:4,cuda-graph static cache,3.929,3,128,3.1227,41.848,6.993,189.092,37.427,0.2188,0.9524,6.738,52.4,,0.1105,3.1297,3.3386,28;27;26;24,27;27;24;22,fp16,NVIDIA GeForce RTX 4060 Laptop GPU,0.563,3.929,2;1;0
P5b,code,1,0.7,fixed:6,cuda-graph static cache,5.769,3,128,3.4319,38.561,8.021,206.621,79.751,0.2031,0.8947,6.738,52.4,,0.1105,3.0689,3.0625,25;21;20;17;17;14,21;20;17;17;14;13,fp16,NVIDIA GeForce RTX 4060 Laptop GPU,0.5585,5.769,3;2;1
P5b,code,1,0.7,fixed:8,cuda-graph static cache,7.81,3,128,3.0851,41.867,4.718,215.41,54.136,0.1641,0.9068,6.738,52.4,,0.1105,3.3264,3.3545,21;19;17;16;13;12;10;10,19;17;16;14;12;10;10;9,fp16,NVIDIA GeForce RTX 4060 Laptop GPU,0.509,7.81,4;3;2
P5b,code,1,0.7,adaptive,cuda-graph static cache,6.579,3,128,2.5093,51.288,4.73,180.656,28.341,0.1484,0.9646,6.738,52.4,,0.1105,3.9097,4.1489,19;17;15;14;13;12;12;11,17;16;15;14;13;12;12;10,fp16,NVIDIA GeForce RTX 4060 Laptop GPU,0.8638,6.579,5;4;3
P5b,code,1,0.7,adaedl:0.7,cuda-graph static cache,3.69,3,128,3.4258,37.848,5.075,162.693,14.685,0.2266,0.9429,6.738,52.4,,0.1105,2.9977,3.0308,29;21;17;14;10;5;5;4,26;20;17;13;10;5;4;4,fp16,NVIDIA GeForce RTX 4060 Laptop GPU,0.5032,3.69,6;5;4
P5b,code,2,0.0,baseline,cuda-graph static cache,,3,128,8.4168,15.226,0.641,82.326,23.441,1.0,,6.743,57.9,True,0.127,1.0,1.0,,,fp16,NVIDIA GeForce RTX 4060 Laptop GPU,0.0,0.0,0;6;5
P5b,code,2,0.0,fixed:2,cuda-graph static cache,1.977,3,128,3.8573,33.344,2.769,158.606,17.768,0.3438,0.9767,6.743,57.9,True,0.127,2.3253,2.1936,44;42,43;41,fp16,NVIDIA GeForce RTX 4060 Laptop GPU,0.2219,1.977,1;0;6
P5b,code,2,0.0,fixed:4,cuda-graph static cache,4.0,3,128,3.0423,42.437,4.671,187.583,37.252,0.2188,0.9524,6.743,57.9,True,0.127,3.0143,2.7819,28;27;27;23,27;27;23;23,fp16,NVIDIA GeForce RTX 4060 Laptop GPU,0.1984,4.0,2;1;0
P5b,code,2,0.0,fixed:6,cuda-graph static cache,5.909,3,128,2.5335,51.172,6.827,168.349,26.975,0.1719,0.9464,6.743,57.9,True,0.127,3.374,3.3523,22;20;20;19;16;15,20;20;19;17;15;15,fp16,NVIDIA GeForce RTX 4060 Laptop GPU,0.3169,5.909,3;2;1
P5b,code,2,0.0,fixed:8,cuda-graph static cache,7.75,3,128,2.1195,60.816,6.118,206.144,38.131,0.125,0.9655,6.743,57.9,True,0.127,3.8636,3.9876,16;16;16;15;14;14;13;12,16;16;15;15;14;13;12;11,fp16,NVIDIA GeForce RTX 4060 Laptop GPU,0.2385,7.75,4;3;2
P5b,code,2,0.0,adaptive,cuda-graph static cache,7.0,3,128,2.4179,53.818,8.795,168.89,62.784,0.1406,0.9565,6.743,57.9,True,0.127,3.6433,3.5251,18;18;18;16;14;12;11;8,18;18;16;16;13;12;9;8,fp16,NVIDIA GeForce RTX 4060 Laptop GPU,0.448,7.0,5;4;3
P5b,code,2,0.0,adaedl:0.7,cuda-graph static cache,5.143,3,128,2.749,48.257,11.221,175.439,28.797,0.1641,0.9907,6.743,57.9,True,0.127,3.6282,3.1633,21;17;16;16;12;10;8;8,20;17;16;16;12;10;8;8,fp16,NVIDIA GeForce RTX 4060 Laptop GPU,0.6675,5.143,6;5;4
P5b,code,2,0.7,baseline,cuda-graph static cache,,3,128,9.6834,13.342,1.621,93.309,21.92,1.0,,6.74,58.1,,0.0982,1.0,1.0,,,fp16,NVIDIA GeForce RTX 4060 Laptop GPU,0.0,0.0,0;6;5
P5b,code,2,0.7,fixed:2,cuda-graph static cache,2.0,3,128,4.3528,29.68,3.391,146.861,15.529,0.375,0.8889,6.74,58.1,,0.0982,2.2394,2.2634,48;42,42;38,fp16,NVIDIA GeForce RTX 4060 Laptop GPU,0.4869,2.0,1;0;6
P5b,code,2,0.7,fixed:4,cuda-graph static cache,3.909,3,128,3.6604,35.235,3.636,170.655,1.329,0.2578,0.8962,6.74,58.1,,0.0982,2.8971,2.6512,33;27;24;22,28;24;22;21,fp16,NVIDIA GeForce RTX 4060 Laptop GPU,0.2498,3.909,2;1;0
P5b,code,2,0.7,fixed:6,cuda-graph static cache,5.783,3,128,2.6975,47.549,2.635,174.135,8.969,0.1797,0.9375,6.74,58.1,,0.0982,3.6183,3.5832,23;20;18;18;17;16,21;18;18;17;16;15,fp16,NVIDIA GeForce RTX 4060 Laptop GPU,0.2524,5.783,3;2;1
P5b,code,2,0.7,fixed:8,cuda-graph static cache,7.55,3,128,2.626,48.874,3.077,185.795,7.012,0.1562,0.9153,6.74,58.1,,0.0982,3.5987,3.6929,19;18;18;16;15;13;10;9,18;18;16;15;13;10;9;9,fp16,NVIDIA GeForce RTX 4060 Laptop GPU,0.4316,7.55,4;3;2
P5b,code,2,0.7,adaptive,cuda-graph static cache,7.412,3,128,2.3105,55.62,4.267,150.722,19.581,0.1328,0.9737,6.74,58.1,,0.0982,4.4202,4.2008,17;17;17;15;14;12;11;11,17;17;15;15;13;12;11;11,fp16,NVIDIA GeForce RTX 4060 Laptop GPU,0.5066,7.412,5;4;3
P5b,code,2,0.7,adaedl:0.7,cuda-graph static cache,5.045,3,128,2.6912,47.882,4.926,196.52,21.978,0.1719,0.9815,6.74,58.1,,0.0982,3.8589,3.6349,22;17;16;14;12;10;9;8,21;17;15;14;12;10;9;8,fp16,NVIDIA GeForce RTX 4060 Laptop GPU,0.6557,5.045,6;5;4
P5b,code,3,0.0,baseline,cuda-graph static cache,,3,128,10.107,12.712,0.93,109.064,38.03,1.0,,6.744,55.4,True,0.1042,1.0,1.0,,,fp16,NVIDIA GeForce RTX 4060 Laptop GPU,0.0,0.0,0;6;5
P5b,code,3,0.0,fixed:2,cuda-graph static cache,1.959,3,128,4.5937,27.955,1.989,154.479,24.126,0.3828,0.8876,6.744,55.4,True,0.1042,2.1966,2.2152,48;41,41;38,fp16,NVIDIA GeForce RTX 4060 Laptop GPU,0.3309,1.959,1;0;6
P5b,code,3,0.0,fixed:4,cuda-graph static cache,3.879,3,128,4.0395,31.943,3.572,234.725,65.082,0.2578,0.8716,6.744,55.4,True,0.1042,2.709,2.5352,32;29;25;23,29;25;23;18,fp16,NVIDIA GeForce RTX 4060 Laptop GPU,0.4749,3.879,2;1;0
P5b,code,3,0.0,fixed:6,cuda-graph static cache,5.92,3,128,3.281,39.038,1.22,348.451,102.69,0.1953,0.9035,6.744,55.4,True,0.1042,3.2331,3.0785,25;23;20;18;14;14,23;20;18;15;14;13,fp16,NVIDIA GeForce RTX 4060 Laptop GPU,0.1609,5.92,3;2;1
P5b,code,3,0.0,fixed:8,cuda-graph static cache,7.909,3,128,3.1674,40.683,4.024,397.268,128.984,0.1719,0.8908,6.744,55.4,True,0.1042,3.2272,3.1989,22;20;18;16;13;12;10;8,20;18;16;13;12;11;8;8,fp16,NVIDIA GeForce RTX 4060 Laptop GPU,0.1758,7.909,4;3;2
P5b,code,3,0.0,adaptive,cuda-graph static cache,5.107,3,128,3.1297,40.914,1.004,171.564,45.462,0.2188,0.8772,6.744,55.4,True,0.1042,2.9266,3.2344,28;24;22;17;10;6;4;3,24;22;18;13;10;6;4;3,fp16,NVIDIA GeForce RTX 4060 Laptop GPU,0.3246,5.107,5;4;3
P5b,code,3,0.0,adaedl:0.7,cuda-graph static cache,3.5,3,128,3.3806,37.929,1.903,162.393,32.955,0.25,0.9505,6.744,55.4,True,0.1042,3.023,2.9992,32;19;14;11;8;7;5;5,27;19;14;11;8;7;5;5,fp16,NVIDIA GeForce RTX 4060 Laptop GPU,0.3346,3.5,6;5;4
P5b,code,3,0.7,baseline,cuda-graph static cache,,3,128,8.7588,14.746,1.755,79.314,13.872,1.0,,6.739,63.0,,0.1175,1.0,1.0,,,fp16,NVIDIA GeForce RTX 4060 Laptop GPU,0.0,0.0,0;6;5
P5b,code,3,0.7,fixed:2,cuda-graph static cache,2.0,3,128,4.3993,29.346,3.304,130.908,10.632,0.3984,0.828,6.739,63.0,,0.1175,2.0352,1.996,51;42,42;35,fp16,NVIDIA GeForce RTX 4060 Laptop GPU,0.1793,2.0,1;0;6
P5b,code,3,0.7,fixed:4,cuda-graph static cache,3.882,3,128,3.5171,36.561,3.017,201.475,30.914,0.2656,0.8624,6.739,63.0,,0.1175,2.5682,2.487,33;28;26;22,28;26;22;18,fp16,NVIDIA GeForce RTX 4060 Laptop GPU,0.1201,3.882,2;1;0
P5b,code,3,0.7,fixed:6,cuda-graph static cache,6.0,3,128,3.5953,35.717,2.447,336.255,102.499,0.2344,0.8305,6.739,63.0,,0.1175,2.5174,2.4429,30;24;20;17;16;11,24;20;17;16;11;10,fp16,NVIDIA GeForce RTX 4060 Laptop GPU,0.3192,6.0,3;2;1
P5b,code,3,0.7,fixed:8,cuda-graph static cache,8.0,3,128,3.1,41.486,3.422,363.456,52.026,0.1797,0.875,6.739,63.0,,0.1175,2.8839,2.8304,23;21;19;16;12;11;9;9,21;19;16;12;11;9;9;8,fp16,NVIDIA GeForce RTX 4060 Laptop GPU,0.3078,8.0,4;3;2
P5b,code,3,0.7,adaptive,cuda-graph static cache,5.071,3,128,2.9154,43.944,1.633,135.842,5.774,0.2188,0.885,6.739,63.0,,0.1175,2.8533,3.0122,28;26;20;17;9;6;4;3,26;21;17;14;9;6;4;3,fp16,NVIDIA GeForce RTX 4060 Laptop GPU,0.4186,5.071,5;4;3
P5b,code,3,0.7,adaedl:0.7,cuda-graph static cache,3.71,3,128,3.125,41.049,2.364,123.491,4.264,0.2422,0.9327,6.739,63.0,,0.1175,2.8947,2.7969,31;17;14;10;9;9;8;6,26;17;13;10;9;9;7;6,fp16,NVIDIA GeForce RTX 4060 Laptop GPU,0.1677,3.71,6;5;4
P5b,code,4,0.0,baseline,cuda-graph static cache,,3,128,8.5483,14.995,0.682,82.634,2.353,1.0,,6.743,63.0,True,0.1032,1.0,1.0,,,fp16,NVIDIA GeForce RTX 4060 Laptop GPU,0.0,0.0,0;6;5
P5b,code,4,0.0,fixed:2,cuda-graph static cache,1.962,3,128,4.1444,30.938,1.576,155.293,58.089,0.4141,0.7979,6.743,63.0,True,0.1032,2.0066,2.0663,52;42,42;33,fp16,NVIDIA GeForce RTX 4060 Laptop GPU,0.1422,1.962,1;0;6
P5b,code,4,0.0,fixed:4,cuda-graph static cache,3.919,3,128,3.5062,36.584,2.031,142.535,26.858,0.2891,0.8349,6.743,63.0,True,0.1032,2.5373,2.4456,37;28;23;21,29;23;21;18,fp16,NVIDIA GeForce RTX 4060 Laptop GPU,0.2232,3.919,2;1;0
P5b,code,4,0.0,fixed:6,cuda-graph static cache,5.818,3,128,3.965,32.536,3.506,198.92,21.242,0.2578,0.819,6.743,63.0,True,0.1032,2.5671,2.1722,32;23;18;17;15;11,23;18;17;15;11;11,fp16,NVIDIA GeForce RTX 4060 Laptop GPU,0.2406,5.818,3;2;1
P5b,code,4,0.0,fixed:8,cuda-graph static cache,7.821,3,128,3.4111,37.528,0.397,185.237,25.637,0.2188,0.8333,6.743,63.0,True,0.1032,2.6554,2.507,28;21;17;15;13;9;9;8,21;17;16;13;9;9;8;7,fp16,NVIDIA GeForce RTX 4060 Laptop GPU,0.1427,7.821,4;3;2
P5b,code,4,0.0,adaptive,cuda-graph static cache,5.118,3,128,3.5917,35.814,3.028,145.806,17.366,0.2656,0.8246,6.743,63.0,True,0.1032,2.584,2.3859,34;27;21;17;10;4;1,27;21;18;15;8;4;1,fp16,NVIDIA GeForce RTX 4060 Laptop GPU,0.11,5.118,5;4;3
P5b,code,4,0.0,adaedl:0.7,cuda-graph static cache,1.75,3,128,4.2719,30.201,3.189,171.44,38.725,0.4062,0.8837,6.743,63.0,True,0.1032,2.0993,2.0105,52;14;9;6;2;1;1;1,42;14;9;6;2;1;1;1,fp16,NVIDIA GeForce RTX 4060 Laptop GPU,0.1289,1.75,6;5;4
P5b,code,4,0.7,baseline,cuda-graph static cache,,3,128,11.0621,11.719,1.642,82.894,24.632,1.0,,6.738,59.2,,0.1248,1.0,1.0,,,fp16,NVIDIA GeForce RTX 4060 Laptop GPU,0.0,0.0,0;6;5
P5b,code,4,0.7,fixed:2,cuda-graph static cache,1.984,3,128,5.1133,25.133,1.923,176.27,38.421,0.4922,0.65,6.738,59.2,,0.1248,1.6569,2.1574,63;37,38;27,fp16,NVIDIA GeForce RTX 4060 Laptop GPU,0.1436,1.984,1;0;6
P5b,code,4,0.7,fixed:4,cuda-graph static cache,4.0,3,128,3.9001,32.982,2.803,166.494,36.859,0.2969,0.8036,6.738,59.2,,0.1248,2.258,2.8723,38;30;25;19,30;25;19;16,fp16,NVIDIA GeForce RTX 4060 Laptop GPU,0.6232,4.0,2;1;0
P5b,code,4,0.7,fixed:6,cuda-graph static cache,5.8,3,128,3.382,38.302,5.0,187.898,22.717,0.2344,0.8448,6.738,59.2,,0.1248,2.5508,3.3491,29;24;20;17;14;12,24;20;17;14;12;11,fp16,NVIDIA GeForce RTX 4060 Laptop GPU,0.8681,5.8,3;2;1
P5b,code,4,0.7,fixed:8,cuda-graph static cache,7.75,3,128,3.9586,32.427,2.15,195.093,41.448,0.25,0.7742,6.738,59.2,,0.1248,2.0115,2.817,31;23;19;15;13;10;8;5,23;19;15;13;10;8;5;3,fp16,NVIDIA GeForce RTX 4060 Laptop GPU,0.5555,7.75,4;3;2
P5b,code,4,0.7,adaptive,cuda-graph static cache,3.947,3,128,3.8612,33.165,0.846,148.424,11.876,0.2969,0.8257,6.738,59.2,,0.1248,2.3535,2.861,38;28;20;12;7;3;1,28;21;19;12;6;3;1,fp16,NVIDIA GeForce RTX 4060 Laptop GPU,0.3399,3.947,5;4;3
P5b,code,4,0.7,adaedl:0.7,cuda-graph static cache,1.981,3,128,4.8813,26.245,0.939,146.26,21.876,0.4219,0.7872,6.738,59.2,,0.1248,1.9216,2.2729,53;19;10;7;4;1,36;17;10;6;4;1,fp16,NVIDIA GeForce RTX 4060 Laptop GPU,0.3597,1.981,6;5;4
P5b,code,5,0.0,baseline,cuda-graph static cache,,3,128,9.9677,13.004,1.838,84.882,19.109,1.0,,6.743,59.2,True,0.1124,1.0,1.0,,,fp16,NVIDIA GeForce RTX 4060 Laptop GPU,0.0,0.0,0;6;5
P5b,code,5,0.0,fixed:2,cuda-graph static cache,2.0,3,128,4.1492,31.216,4.081,150.508,37.329,0.375,0.8989,6.743,59.2,True,0.1124,2.2101,2.4046,48;41,41;39,fp16,NVIDIA GeForce RTX 4060 Laptop GPU,0.1442,2.0,1;0;6
P5b,code,5,0.0,fixed:4,cuda-graph static cache,4.0,3,128,3.3225,39.209,6.064,179.652,35.934,0.2422,0.9151,6.743,59.2,True,0.1124,2.9112,3.0947,31;27;24;24,27;24;24;22,fp16,NVIDIA GeForce RTX 4060 Laptop GPU,0.8444,4.0,2;1;0
P5b,code,5,0.0,fixed:6,cuda-graph static cache,5.76,3,128,2.9304,43.688,0.716,165.66,23.678,0.1953,0.9196,6.743,59.2,True,0.1124,3.2662,3.3979,24;21;18;18;16;15,21;18;18;16;15;15,fp16,NVIDIA GeForce RTX 4060 Laptop GPU,0.4081,5.76,3;2;1
P5b,code,5,0.0,fixed:8,cuda-graph static cache,7.85,3,128,2.5929,49.479,2.944,195.919,17.477,0.1562,0.9153,6.743,59.2,True,0.1124,3.4059,3.8349,20;18;16;16;14;13;12;9,18;16;16;14;14;12;9;9,fp16,NVIDIA GeForce RTX 4060 Laptop GPU,0.3396,7.85,4;3;2
P5b,code,5,0.0,adaptive,cuda-graph static cache,6.435,3,128,2.9507,43.692,4.666,169.991,26.186,0.1797,0.913,6.743,59.2,True,0.1124,3.2803,3.371,23;22;17;15;12;10;10;6,22;18;16;13;12;10;8;6,fp16,NVIDIA GeForce RTX 4060 Laptop GPU,0.1409,6.435,5;4;3
P5b,code,5,0.0,adaedl:0.7,cuda-graph static cache,3.219,3,128,3.1746,40.65,4.606,157.483,43.709,0.25,0.9505,6.743,59.2,True,0.1124,2.8601,3.1368,32;19;14;12;10;8;4;2,27;19;14;12;10;8;4;2,fp16,NVIDIA GeForce RTX 4060 Laptop GPU,0.1885,3.219,6;5;4
P5b,code,5,0.7,baseline,cuda-graph static cache,,3,128,11.2799,11.608,2.222,89.634,23.839,1.0,,6.739,54.6,,0.1317,1.0,1.0,,,fp16,NVIDIA GeForce RTX 4060 Laptop GPU,0.0,0.0,0;6;5
P5b,code,5,0.7,fixed:2,cuda-graph static cache,1.956,3,128,4.5087,29.057,5.673,180.576,45.159,0.3516,0.9651,6.739,54.6,,0.1317,2.2711,2.5056,44;42,42;41,fp16,NVIDIA GeForce RTX 4060 Laptop GPU,0.1562,1.956,1;0;6
P5b,code,5,0.7,fixed:4,cuda-graph static cache,3.879,3,128,3.6012,35.765,3.364,179.944,67.773,0.2578,0.8796,6.739,54.6,,0.1317,2.5578,3.1233,32;29;25;22,29;25;22;19,fp16,NVIDIA GeForce RTX 4060 Laptop GPU,0.3765,3.879,2;1;0
P5b,code,5,0.7,fixed:6,cuda-graph static cache,5.87,3,128,3.041,42.413,4.628,250.387,69.976,0.1797,0.9292,6.739,54.6,,0.1317,3.1563,3.6897,23;21;20;17;16;16,21;20;18;16;16;14,fp16,NVIDIA GeForce RTX 4060 Laptop GPU,0.2816,5.87,3;2;1
P5b,code,5,0.7,fixed:8,cuda-graph static cache,7.708,3,128,3.4717,36.917,1.641,260.86,84.273,0.1875,0.8739,6.739,54.6,,0.1317,2.7193,3.2364,24;20;18;15;13;10;10;9,20;18;15;14;10;10;9;8,fp16,NVIDIA GeForce RTX 4060 Laptop GPU,0.4389,7.708,4;3;2
P5b,code,5,0.7,adaptive,cuda-graph static cache,6.042,3,128,3.2087,39.893,0.355,175.657,17.812,0.1875,0.8966,6.739,54.6,,0.1317,2.8885,3.5157,24;22;20;16;14;11;7;2,22;21;17;15;12;10;6;1,fp16,NVIDIA GeForce RTX 4060 Laptop GPU,0.6234,6.042,5;4;3
P5b,code,5,0.7,adaedl:0.7,cuda-graph static cache,4.414,3,128,3.6379,35.444,3.623,160.45,3.85,0.2266,0.934,6.739,54.6,,0.1317,2.961,3.1609,29;21;15;12;11;7;6;5,24;20;14;12;11;7;6;5,fp16,NVIDIA GeForce RTX 4060 Laptop GPU,0.8448,4.414,6;5;4
P5b,math,0,0.0,baseline,cuda-graph static cache,,3,128,10.2118,13.344,3.715,67.086,12.042,1.0,,6.743,57.8,True,0.0565,1.0,1.0,,,fp16,NVIDIA GeForce RTX 4060 Laptop GPU,0.0,0.0,0;6;5
P5b,math,0,0.0,fixed:2,cuda-graph static cache,1.956,3,128,4.0707,33.059,8.339,143.717,21.025,0.3516,0.9651,6.743,57.8,True,0.0565,2.5715,2.4926,44;42,42;41,fp16,NVIDIA GeForce RTX 4060 Laptop GPU,0.0828,1.956,1;0;6
P5b,math,0,0.0,fixed:4,cuda-graph static cache,3.893,3,128,2.585,49.559,1.796,148.514,17.002,0.2188,0.9615,6.743,57.8,True,0.0565,3.7209,3.9293,28;26;25;25,27;25;25;23,fp16,NVIDIA GeForce RTX 4060 Laptop GPU,1.1688,3.893,2;1;0
P5b,math,0,0.0,fixed:6,cuda-graph static cache,5.818,3,128,2.3729,54.206,4.509,181.606,39.691,0.1719,0.955,6.743,57.8,True,0.0565,4.5048,4.246,22;20;18;18;17;16,20;19;18;17;16;16,fp16,NVIDIA GeForce RTX 4060 Laptop GPU,0.9911,5.818,3;2;1
P5b,math,0,0.0,fixed:8,cuda-graph static cache,7.882,3,128,2.0347,62.92,1.03,175.27,14.373,0.1328,0.9652,6.743,57.8,True,0.0565,5.3657,5.0289,17;16;16;15;14;13;12;12,16;16;15;14;13;13;12;12,fp16,NVIDIA GeForce RTX 4060 Laptop GPU,1.6982,7.882,4;3;2
P5b,math,0,0.0,adaptive,cuda-graph static cache,7.333,3,128,2.0849,61.423,1.6,145.791,13.296,0.1406,0.9649,6.743,57.8,True,0.0565,5.1865,4.9279,18;17;16;14;14;13;11;11,17;16;15;14;13;13;11;11,fp16,NVIDIA GeForce RTX 4060 Laptop GPU,1.7551,7.333,5;4;3
P5b,math,0,0.0,adaedl:0.7,cuda-graph static cache,4.667,3,128,2.4413,52.704,4.536,179.374,16.985,0.1875,0.9905,6.743,57.8,True,0.0565,4.3852,4.126,24;17;14;14;11;9;8;8,23;17;14;14;11;9;8;8,fp16,NVIDIA GeForce RTX 4060 Laptop GPU,0.9497,4.667,6;5;4
P5b,math,0,0.7,baseline,cuda-graph static cache,,3,128,13.9114,9.208,0.308,307.35,106.916,1.0,,6.738,37.4,,0.0585,1.0,1.0,,,fp16,NVIDIA GeForce RTX 4060 Laptop GPU,0.0,0.0,0;6;5
P5b,math,0,0.7,fixed:2,cuda-graph static cache,1.979,3,128,6.1767,21.505,5.366,268.004,139.425,0.3672,0.9101,6.738,37.4,,0.0585,2.4391,2.3282,47;42,43;38,fp16,NVIDIA GeForce RTX 4060 Laptop GPU,0.5244,1.979,1;0;6
P5b,math,0,0.7,fixed:4,cuda-graph static cache,3.862,3,128,5.346,24.009,1.569,376.821,149.604,0.2266,0.9612,6.738,37.4,,0.0585,3.6791,2.6066,28;26;25;24,26;25;24;24,fp16,NVIDIA GeForce RTX 4060 Laptop GPU,0.1208,3.862,2;1;0
P5b,math,0,0.7,fixed:6,cuda-graph static cache,5.957,3,128,4.5777,28.136,2.791,539.786,136.921,0.1797,0.9292,6.738,37.4,,0.0585,4.1893,3.0534,23;20;19;18;17;16,20;19;18;17;17;14,fp16,NVIDIA GeForce RTX 4060 Laptop GPU,0.2429,5.957,3;2;1
P5b,math,0,0.7,fixed:8,cuda-graph static cache,7.9,3,128,4.4941,28.482,0.138,513.867,32.813,0.1562,0.9231,6.738,37.4,,0.0585,4.5295,3.0953,20;17;16;16;14;13;11;10,17;16;16;14;13;12;10;10,fp16,NVIDIA GeForce RTX 4060 Laptop GPU,0.0982,7.9,4;3;2
P5b,math,0,0.7,adaptive,cuda-graph static cache,6.947,3,128,3.7284,34.343,0.806,385.664,115.248,0.1484,0.9561,6.738,37.4,,0.0585,4.8601,3.7345,18;16;16;15;13;13;12;11,16;16;16;13;13;13;11;11,fp16,NVIDIA GeForce RTX 4060 Laptop GPU,0.2159,6.947,5;4;3
P5b,math,0,0.7,adaedl:0.7,cuda-graph static cache,6.053,3,116,3.9029,30.084,4.155,527.894,6.11,0.1638,0.9703,6.738,37.4,,0.0585,4.7624,3.2613,19;16;13;12;11;11;10;9,17;15;13;12;11;11;10;9,fp16,NVIDIA GeForce RTX 4060 Laptop GPU,0.3638,6.053,6;5;4
P5b,math,1,0.0,baseline,cuda-graph static cache,,3,128,12.9937,9.856,0.277,355.184,23.348,1.0,,6.744,37.4,True,0.0845,1.0,1.0,,,fp16,NVIDIA GeForce RTX 4060 Laptop GPU,0.0,0.0,0;6;5
P5b,math,1,0.0,fixed:2,cuda-graph static cache,1.978,3,128,6.2918,20.366,0.811,281.749,166.27,0.3594,0.9425,6.744,37.4,True,0.0845,2.4093,2.0673,46;41,42;40,fp16,NVIDIA GeForce RTX 4060 Laptop GPU,0.0976,1.978,1;0;6
P5b,math,1,0.0,fixed:4,cuda-graph static cache,4.0,3,128,4.8253,26.595,1.629,371.473,120.082,0.2266,0.934,6.744,37.4,True,0.0845,3.2748,2.7028,29;28;25;24,28;25;24;22,fp16,NVIDIA GeForce RTX 4060 Laptop GPU,0.2389,4.0,2;1;0
P5b,math,1,0.0,fixed:6,cuda-graph static cache,5.909,3,128,4.4979,28.486,1.106,448.26,104.442,0.1719,0.9381,6.744,37.4,True,0.0845,3.845,2.8897,22;21;19;18;17;16,21;19;18;18;16;14,fp16,NVIDIA GeForce RTX 4060 Laptop GPU,0.0398,5.909,3;2;1
P5b,math,1,0.0,fixed:8,cuda-graph static cache,7.789,3,128,5.0278,25.906,4.119,638.987,209.241,0.1484,0.9478,6.744,37.4,True,0.0845,4.3412,2.6375,19;16;15;14;13;13;13;12,16;15;14;14;13;13;12;12,fp16,NVIDIA GeForce RTX 4060 Laptop GPU,0.4894,7.789,4;3;2
P5b,math,1,0.0,adaptive,cuda-graph static cache,7.048,3,128,4.674,27.474,1.898,418.939,94.45,0.1641,0.9304,6.744,37.4,True,0.0845,3.9662,2.7855,21;19;18;15;12;12;10;8,19;18;15;14;12;12;9;8,fp16,NVIDIA GeForce RTX 4060 Laptop GPU,0.1189,7.048,5;4;3
P5b,math,1,0.0,adaedl:0.7,cuda-graph static cache,5.0,3,128,4.8731,26.347,1.776,475.214,29.239,0.1953,0.9717,6.744,37.4,True,0.0845,3.9303,2.6778,25;15;13;13;11;11;9;9,22;15;13;13;11;11;9;9,fp16,NVIDIA GeForce RTX 4060 Laptop GPU,0.2537,5.0,6;5;4
P5b,math,1,0.7,baseline,cuda-graph static cache,,3,128,12.8661,9.958,0.381,355.925,48.355,1.0,,6.739,42.6,,0.0794,1.0,1.0,,,fp16,NVIDIA GeForce RTX 4060 Laptop GPU,0.0,0.0,0;6;5
P5b,math,1,0.7,fixed:2,cuda-graph static cache,2.0,3,128,5.4341,23.671,2.005,233.515,149.972,0.3438,0.9655,6.739,42.6,,0.0794,2.5004,2.3742,44;43,43;41,fp16,NVIDIA GeForce RTX 4060 Laptop GPU,0.1125,2.0,1;0;6
P5b,math,1,0.7,fixed:4,cuda-graph static cache,3.893,3,128,3.6515,35.082,1.215,293.226,59.872,0.2188,0.9615,6.739,42.6,,0.0794,3.4675,3.5294,28;26;25;25,27;25;25;23,fp16,NVIDIA GeForce RTX 4060 Laptop GPU,0.2574,3.893,2;1;0
P5b,math,1,0.7,fixed:6,cuda-graph static cache,5.792,3,128,3.6573,35.098,2.339,345.518,119.601,0.1875,0.9286,6.739,42.6,,0.0794,3.792,3.5337,24;22;19;16;16;15,22;19;17;16;15;15,fp16,NVIDIA GeForce RTX 4060 Laptop GPU,0.3706,5.792,3;2;1
P5b,math,1,0.7,fixed:8,cuda-graph static cache,7.667,3,128,4.5501,29.16,6.874,495.763,214.294,0.1641,0.9304,6.739,42.6,,0.0794,4.1513,2.9488,21;18;15;13;12;12;12;12,18;15;14;12;12;12;12;12,fp16,NVIDIA GeForce RTX 4060 Laptop GPU,0.8106,7.667,4;3;2
P5b,math,1,0.7,adaptive,cuda-graph static cache,7.158,3,128,3.541,36.161,0.834,447.571,92.849,0.1484,0.9561,6.739,42.6,,0.0794,4.4537,3.6367,19;18;14;14;13;13;12;11,19;14;14;14;13;13;11;11,fp16,NVIDIA GeForce RTX 4060 Laptop GPU,0.2193,7.158,5;4;3
P5b,math,1,0.7,adaedl:0.7,cuda-graph static cache,5.737,3,128,3.3525,38.187,0.591,389.71,14.441,0.1484,1.0,6.739,42.6,,0.0794,4.6277,3.8393,19;16;15;14;13;12;10;10,19;16;15;14;13;12;10;10,fp16,NVIDIA GeForce RTX 4060 Laptop GPU,0.1879,5.737,6;5;4
P5b,math,2,0.0,baseline,cuda-graph static cache,,3,128,13.8167,9.299,0.685,235.263,124.12,1.0,,6.744,40.3,True,0.0633,1.0,1.0,,,fp16,NVIDIA GeForce RTX 4060 Laptop GPU,0.0,0.0,0;6;5
P5b,math,2,0.0,fixed:2,cuda-graph static cache,1.957,3,128,5.5235,23.986,5.253,342.325,164.798,0.3672,0.9205,6.744,40.3,True,0.0633,2.4316,2.5624,46;42,42;39,fp16,NVIDIA GeForce RTX 4060 Laptop GPU,0.4057,1.957,1;0;6
P5b,math,2,0.0,fixed:4,cuda-graph static cache,3.867,3,128,4.698,28.051,6.173,441.443,221.489,0.2344,0.9333,6.744,40.3,True,0.0633,3.4367,3.009,29;26;26;24,26;26;24;22,fp16,NVIDIA GeForce RTX 4060 Laptop GPU,0.5517,3.867,2;1;0
P5b,math,2,0.0,fixed:6,cuda-graph static cache,5.792,3,128,4.3285,29.831,3.355,463.693,197.015,0.1875,0.9286,6.744,40.3,True,0.0633,4.051,3.2225,24;19;19;18;17;15,20;19;18;17;15;15,fp16,NVIDIA GeForce RTX 4060 Laptop GPU,0.4544,5.792,3;2;1
P5b,math,2,0.0,fixed:8,cuda-graph static cache,7.9,3,128,4.2541,30.881,6.405,453.619,149.555,0.1562,0.931,6.744,40.3,True,0.0633,4.5482,3.3174,20;17;15;15;14;13;11;11,17;15;15;14;13;12;11;11,fp16,NVIDIA GeForce RTX 4060 Laptop GPU,0.5935,7.9,4;3;2
P5b,math,2,0.0,adaptive,cuda-graph static cache,7.4,3,128,4.2407,30.462,3.675,482.659,11.914,0.1562,0.9391,6.744,40.3,True,0.0633,4.5858,3.2757,20;17;16;15;14;13;10;10,17;16;16;14;13;12;10;10,fp16,NVIDIA GeForce RTX 4060 Laptop GPU,0.3007,7.4,5;4;3
P5b,math,2,0.0,adaedl:0.7,cuda-graph static cache,4.808,3,128,4.537,28.624,4.371,459.271,89.052,0.2031,0.9623,6.744,40.3,True,0.0633,4.0672,3.0754,26;18;15;14;11;9;7;6,23;18;15;13;11;9;7;6,fp16,NVIDIA GeForce RTX 4060 Laptop GPU,0.3667,4.808,6;5;4
P5b,math,2,0.7,baseline,cuda-graph static cache,,3,128,13.1375,9.766,0.57,194.129,35.398,1.0,,6.738,45.1,,0.0869,1.0,1.0,,,fp16,NVIDIA GeForce RTX 4060 Laptop GPU,0.0,0.0,0;6;5
P5b,math,2,0.7,fixed:2,cuda-graph static cache,1.956,3,128,4.8017,26.799,2.334,187.016,44.5,0.3516,0.9651,6.738,45.1,,0.0869,2.441,2.7555,44;42,42;41,fp16,NVIDIA GeForce RTX 4060 Laptop GPU,0.358,1.956,1;0;6
P5b,math,2,0.7,fixed:4,cuda-graph static cache,4.0,3,128,3.8819,33.261,3.872,354.91,138.677,0.2344,0.9245,6.738,45.1,,0.0869,3.1909,3.4071,30;26;25;25,26;25;25;22,fp16,NVIDIA GeForce RTX 4060 Laptop GPU,0.3489,4.0,2;1;0
P5b,math,2,0.7,fixed:6,cuda-graph static cache,5.909,3,128,3.4123,37.674,3.066,347.588,127.069,0.1719,0.955,6.738,45.1,,0.0869,4.0001,3.8662,22;19;19;19;16;16,19;19;19;17;16;16,fp16,NVIDIA GeForce RTX 4060 Laptop GPU,0.3727,5.909,3;2;1
P5b,math,2,0.7,fixed:8,cuda-graph static cache,7.579,3,128,3.1948,40.204,2.866,304.859,57.897,0.1484,0.9561,6.738,45.1,,0.0869,4.3903,4.1166,18;17;14;13;13;13;13;13,17;14;13;13;13;13;13;13,fp16,NVIDIA GeForce RTX 4060 Laptop GPU,0.163,7.579,4;3;2
P5b,math,2,0.7,adaptive,cuda-graph static cache,6.565,3,128,3.8043,33.65,0.452,454.8,50.926,0.1797,0.913,6.738,45.1,,0.0869,3.643,3.4553,23;18;16;15;14;12;9;8,18;17;16;15;13;9;9;8,fp16,NVIDIA GeForce RTX 4060 Laptop GPU,0.2489,6.565,5;4;3
P5b,math,2,0.7,adaedl:0.7,cuda-graph static cache,4.957,3,128,3.3247,38.529,1.32,348.023,68.098,0.1797,0.9722,6.738,45.1,,0.0869,3.8868,3.9594,23;18;14;14;13;9;9;8,21;17;14;14;13;9;9;8,fp16,NVIDIA GeForce RTX 4060 Laptop GPU,0.3669,4.957,6;5;4
P5b,math,3,0.0,baseline,cuda-graph static cache,,3,128,14.0959,9.088,0.317,280.444,95.297,1.0,,6.743,40.2,True,0.0773,1.0,1.0,,,fp16,NVIDIA GeForce RTX 4060 Laptop GPU,0.0,0.0,0;6;5
P5b,math,3,0.0,fixed:2,cuda-graph static cache,1.978,3,128,6.0055,23.182,7.292,190.135,36.477,0.3594,0.9425,6.743,40.2,True,0.0773,2.4393,2.5486,46;41,42;40,fp16,NVIDIA GeForce RTX 4060 Laptop GPU,0.7924,1.978,1;0;6
P5b,math,3,0.0,fixed:4,cuda-graph static cache,3.871,3,128,4.4068,29.5,4.289,284.382,77.794,0.2422,0.9238,6.743,40.2,True,0.0773,3.2356,3.2464,30;27;24;24,27;24;24;22,fp16,NVIDIA GeForce RTX 4060 Laptop GPU,0.4662,3.871,2;1;0
P5b,math,3,0.0,fixed:6,cuda-graph static cache,5.913,3,128,4.0951,31.628,4.044,479.544,97.136,0.1797,0.9292,6.743,40.2,True,0.0773,3.8596,3.4796,23;21;19;18;17;15,21;19;18;18;15;14,fp16,NVIDIA GeForce RTX 4060 Laptop GPU,0.4242,5.913,3;2;1
P5b,math,3,0.0,fixed:8,cuda-graph static cache,7.947,3,128,4.1651,32.639,8.879,445.744,30.075,0.1484,0.9316,6.743,40.2,True,0.0773,4.2534,3.5881,19;17;16;14;14;14;13;10,17;16;14;14;14;13;11;10,fp16,NVIDIA GeForce RTX 4060 Laptop GPU,0.9562,7.947,4;3;2
P5b,math,3,0.0,adaptive,cuda-graph static cache,7.3,3,128,3.7239,35.419,7.03,411.057,156.95,0.1562,0.9391,6.743,40.2,True,0.0773,4.2672,3.8947,20;18;17;14;14;13;10;9,18;17;15;14;14;11;10;9,fp16,NVIDIA GeForce RTX 4060 Laptop GPU,0.7453,7.3,5;4;3
P5b,math,3,0.0,adaedl:0.7,cuda-graph static cache,3.655,3,128,4.2615,30.541,4.603,423.99,59.693,0.2266,0.9706,6.743,40.2,True,0.0773,3.44,3.3596,29;20;13;11;9;7;7;6,26;20;13;11;9;7;7;6,fp16,NVIDIA GeForce RTX 4060 Laptop GPU,0.4847,3.655,6;5;4
P5b,math,3,0.7,baseline,cuda-graph static cache,,3,128,13.2224,9.684,0.239,258.912,52.951,1.0,,6.738,38.4,,0.0688,1.0,1.0,,,fp16,NVIDIA GeForce RTX 4060 Laptop GPU,0.0,0.0,0;6;5
P5b,math,3,0.7,fixed:2,cuda-graph static cache,1.956,3,128,5.8188,22.059,1.431,299.456,174.788,0.3516,0.9651,6.738,38.4,,0.0688,2.5171,2.2803,44;42,42;41,fp16,NVIDIA GeForce RTX 4060 Laptop GPU,0.1928,1.956,1;0;6
P5b,math,3,0.7,fixed:4,cuda-graph static cache,3.967,3,128,4.7588,27.142,3.171,353.696,89.246,0.2344,0.9333,6.738,38.4,,0.0688,3.4187,2.8092,30;27;25;23,27;25;24;22,fp16,NVIDIA GeForce RTX 4060 Laptop GPU,0.398,3.967,2;1;0
P5b,math,3,0.7,fixed:6,cuda-graph static cache,5.72,3,128,4.445,29.226,4.508,464.708,45.718,0.1953,0.9115,6.738,38.4,,0.0688,3.7582,3.0263,25;21;18;17;16;16,21;19;17;16;16;14,fp16,NVIDIA GeForce RTX 4060 Laptop GPU,0.5422,5.72,3;2;1
P5b,math,3,0.7,fixed:8,cuda-graph static cache,7.9,3,128,4.205,31.353,6.808,446.061,94.979,0.1562,0.9,6.738,38.4,,0.0688,3.9419,3.2502,20;17;17;16;16;15;11;8,17;17;16;16;15;12;8;7,fp16,NVIDIA GeForce RTX 4060 Laptop GPU,0.7878,7.9,4;3;2
P5b,math,3,0.7,adaptive,cuda-graph static cache,7.136,3,128,5.0981,25.708,4.712,490.308,59.223,0.1719,0.9138,6.738,38.4,,0.0688,4.0437,2.6635,22;18;16;14;14;13;11;8,19;16;15;14;14;11;9;8,fp16,NVIDIA GeForce RTX 4060 Laptop GPU,0.5509,7.136,5;4;3
P5b,math,3,0.7,adaedl:0.7,cuda-graph static cache,4.269,3,128,5.0525,25.393,1.472,506.869,64.99,0.2031,0.9714,6.738,38.4,,0.0688,3.832,2.6252,25;16;15;12;11;10;8;8,23;16;15;12;11;10;8;7,fp16,NVIDIA GeForce RTX 4060 Laptop GPU,0.2078,4.269,6;5;4
P5b,math,4,0.0,baseline,cuda-graph static cache,,3,128,14.3514,8.965,0.777,258.54,103.164,1.0,,6.744,36.7,True,0.0638,1.0,1.0,,,fp16,NVIDIA GeForce RTX 4060 Laptop GPU,0.0,0.0,0;6;5
P5b,math,4,0.0,fixed:2,cuda-graph static cache,1.978,3,128,7.3357,17.941,3.705,325.155,153.081,0.3594,0.9425,6.744,36.7,True,0.0638,2.4968,1.9882,46;41,42;40,fp16,NVIDIA GeForce RTX 4060 Laptop GPU,0.2442,1.978,1;0;6
P5b,math,4,0.0,fixed:4,cuda-graph static cache,3.867,3,128,6.3186,21.086,4.943,313.272,187.14,0.2344,0.9333,6.744,36.7,True,0.0638,3.4312,2.3315,30;27;25;23,28;25;23;22,fp16,NVIDIA GeForce RTX 4060 Laptop GPU,0.3575,3.867,2;1;0
P5b,math,4,0.0,fixed:6,cuda-graph static cache,5.783,3,128,5.844,22.457,4.499,576.651,85.365,0.1797,0.9375,6.744,36.7,True,0.0638,4.1429,2.4911,23;19;19;18;18;15,20;19;18;18;15;15,fp16,NVIDIA GeForce RTX 4060 Laptop GPU,0.3019,5.783,3;2;1
P5b,math,4,0.0,fixed:8,cuda-graph static cache,7.632,3,128,5.3876,24.995,7.346,557.016,185.676,0.1484,0.9316,6.744,36.7,True,0.0638,4.498,2.7624,19;16;16;14;14;14;13;11,17;16;14;14;14;13;11;10,fp16,NVIDIA GeForce RTX 4060 Laptop GPU,0.6006,7.632,4;3;2
P5b,math,4,0.0,adaptive,cuda-graph static cache,7.15,3,128,5.6507,24.25,8.034,581.505,151.164,0.1562,0.931,6.744,36.7,True,0.0638,4.395,2.6702,20;17;17;14;14;13;11;10,18;17;15;14;13;12;10;9,fp16,NVIDIA GeForce RTX 4060 Laptop GPU,0.666,7.15,5;4;3
P5b,math,4,0.0,adaedl:0.7,cuda-graph static cache,4.846,3,128,5.3324,24.19,2.651,529.505,145.735,0.2031,0.9714,6.744,36.7,True,0.0638,4.1669,2.6961,26;18;14;10;10;10;9;8,23;18;14;10;10;10;9;8,fp16,NVIDIA GeForce RTX 4060 Laptop GPU,0.1071,4.846,6;5;4
P5b,math,4,0.7,baseline,cuda-graph static cache,,3,128,13.5072,9.478,0.148,341.315,46.377,1.0,,6.739,38.0,,0.0635,1.0,1.0,,,fp16,NVIDIA GeForce RTX 4060 Laptop GPU,0.0,0.0,0;6;5
P5b,math,4,0.7,fixed:2,cuda-graph static cache,1.977,3,128,5.8062,22.102,1.395,261.998,154.406,0.3438,0.9655,6.739,38.0,,0.0635,2.556,2.3334,44;43,44;40,fp16,NVIDIA GeForce RTX 4060 Laptop GPU,0.1752,1.977,1;0;6
P5b,math,4,0.7,fixed:4,cuda-graph static cache,3.857,3,128,4.2978,30.301,4.715,365.836,163.063,0.2188,0.9709,6.739,38.0,,0.0635,3.6885,3.1951,27;27;25;24,27;25;24;24,fp16,NVIDIA GeForce RTX 4060 Laptop GPU,0.4746,3.857,2;1;0
P5b,math,4,0.7,fixed:6,cuda-graph static cache,5.727,3,128,4.3177,29.715,1.785,570.389,20.814,0.1719,0.9636,6.739,38.0,,0.0635,4.4481,3.137,21;20;18;17;17;17,20;18;17;17;17;17,fp16,NVIDIA GeForce RTX 4060 Laptop GPU,0.2245,5.727,3;2;1
P5b,math,4,0.7,fixed:8,cuda-graph static cache,7.632,3,128,4.1267,31.403,4.434,599.193,63.688,0.1484,0.9316,6.739,38.0,,0.0635,4.5059,3.3175,19;16;15;15;15;13;13;11,17;15;15;15;13;13;11;10,fp16,NVIDIA GeForce RTX 4060 Laptop GPU,0.5116,7.632,4;3;2
P5b,math,4,0.7,adaptive,cuda-graph static cache,7.333,3,128,3.7649,34.363,4.489,471.058,43.943,0.1406,0.9565,6.739,38.0,,0.0635,4.8581,3.6303,18;18;16;14;13;12;12;12,18;17;14;13;13;12;12;11,fp16,NVIDIA GeForce RTX 4060 Laptop GPU,0.5245,7.333,5;4;3
P5b,math,4,0.7,adaedl:0.7,cuda-graph static cache,4.625,3,128,4.5205,28.678,4.059,490.747,54.502,0.1875,0.963,6.739,38.0,,0.0635,3.992,3.0281,24;20;16;13;11;10;7;7,23;19;16;13;11;9;7;6,fp16,NVIDIA GeForce RTX 4060 Laptop GPU,0.448,4.625,6;5;4
P5b,math,5,0.0,baseline,cuda-graph static cache,,3,128,13.7244,9.333,0.314,373.962,29.776,1.0,,6.744,39.0,True,0.1022,1.0,1.0,,,fp16,NVIDIA GeForce RTX 4060 Laptop GPU,0.0,0.0,0;6;5
P5b,math,5,0.0,fixed:2,cuda-graph static cache,1.977,3,128,6.3286,20.425,2.555,268.817,144.872,0.3359,1.0,6.744,39.0,True,0.1022,2.4763,2.1932,43;42,43;42,fp16,NVIDIA GeForce RTX 4060 Laptop GPU,0.317,1.977,1;0;6
P5b,math,5,0.0,fixed:4,cuda-graph static cache,3.963,3,128,4.6872,28.053,5.315,387.368,163.757,0.2109,0.9806,6.744,39.0,True,0.1022,3.3988,3.0204,27;26;26;24,26;26;25;24,fp16,NVIDIA GeForce RTX 4060 Laptop GPU,0.6594,3.963,2;1;0
P5b,math,5,0.0,fixed:6,cuda-graph static cache,6.0,3,128,3.5918,35.802,3.033,453.615,165.542,0.1484,0.9909,6.744,39.0,True,0.1022,4.2223,3.8443,19;19;18;18;18;18,19;18;18;18;18;18,fp16,NVIDIA GeForce RTX 4060 Laptop GPU,0.4307,6.0,3;2;1
P5b,math,5,0.0,fixed:8,cuda-graph static cache,7.75,3,128,3.8857,33.204,3.581,510.881,30.477,0.125,0.9825,6.744,39.0,True,0.1022,4.563,3.5683,16;16;16;14;13;13;13;13,16;16;14;14;13;13;13;13,fp16,NVIDIA GeForce RTX 4060 Laptop GPU,0.4929,7.75,4;3;2
P5b,math,5,0.0,adaptive,cuda-graph static cache,7.438,3,128,3.8357,34.078,5.825,476.012,36.76,0.125,0.9825,6.744,39.0,True,0.1022,4.492,3.6496,16;16;16;15;13;13;13;12,16;16;15;15;13;13;13;11,fp16,NVIDIA GeForce RTX 4060 Laptop GPU,0.6104,7.438,5;4;3
P5b,math,5,0.0,adaedl:0.7,cuda-graph static cache,5.5,3,128,3.9587,32.773,4.788,441.851,99.779,0.1562,0.9908,6.744,39.0,True,0.1022,4.0572,3.516,20;16;16;13;13;11;11;9,19;16;16;13;13;11;11;9,fp16,NVIDIA GeForce RTX 4060 Laptop GPU,0.5518,5.5,6;5;4
P5b,math,5,0.7,baseline,cuda-graph static cache,,3,128,14.3596,8.923,0.349,343.11,53.538,1.0,,6.74,39.0,,0.0994,1.0,1.0,,,fp16,NVIDIA GeForce RTX 4060 Laptop GPU,0.0,0.0,0;6;5
P5b,math,5,0.7,fixed:2,cuda-graph static cache,2.0,3,128,5.7013,22.704,2.902,251.588,110.647,0.3359,0.9884,6.74,39.0,,0.0994,2.4735,2.5416,43;43,43;42,fp16,NVIDIA GeForce RTX 4060 Laptop GPU,0.2793,2.0,1;0;6
P5b,math,5,0.7,fixed:4,cuda-graph static cache,4.0,3,128,4.3185,30.19,4.759,354.07,118.804,0.2188,0.9615,6.74,39.0,,0.0994,3.3127,3.3988,28;27;25;24,27;25;24;24,fp16,NVIDIA GeForce RTX 4060 Laptop GPU,0.6435,4.0,2;1;0
P5b,math,5,0.7,fixed:6,cuda-graph static cache,5.6,3,128,3.7628,34.426,4.44,444.969,67.171,0.1562,0.9818,6.74,39.0,,0.0994,4.03,3.8739,19;19;19;19;17;17,19;19;19;17;17;17,fp16,NVIDIA GeForce RTX 4060 Laptop GPU,0.6337,5.6,3;2;1
P5b,math,5,0.7,fixed:8,cuda-graph static cache,7.562,3,128,3.3688,38.136,2.783,418.727,168.023,0.125,0.9739,6.74,39.0,,0.0994,4.4324,4.2855,16;15;15;14;14;14;14;13,16;15;14;14;14;14;13;12,fp16,NVIDIA GeForce RTX 4060 Laptop GPU,0.4638,7.562,4;3;2
P5b,math,5,0.7,adaptive,cuda-graph static cache,7.0,3,128,4.5298,28.401,2.421,489.218,31.26,0.1641,0.9304,6.74,39.0,,0.0994,3.7156,3.1804,20;18;15;14;14;12;12;10,18;15;15;14;13;12;11;9,fp16,NVIDIA GeForce RTX 4060 Laptop GPU,0.1918,7.0,5;4;3
P5b,math,5,0.7,adaedl:0.7,cuda-graph static cache,7.0,3,128,3.4816,37.096,4.162,555.636,28.178,0.125,1.0,6.74,39.0,,0.0994,4.7175,4.1498,16;16;15;15;13;13;12;12,16;16;15;15;13;13;12;12,fp16,NVIDIA GeForce RTX 4060 Laptop GPU,0.3215,7.0,6;5;4
P5b,chat,0,0.0,baseline,cuda-graph static cache,,3,128,13.5488,9.454,0.316,236.256,132.853,1.0,,6.743,40.9,True,0.1103,1.0,1.0,,,fp16,NVIDIA GeForce RTX 4060 Laptop GPU,0.0,0.0,0;6;5
P5b,chat,0,0.0,fixed:2,cuda-graph static cache,1.981,3,128,6.5196,20.336,4.516,309.011,164.049,0.4141,0.7895,6.743,40.9,True,0.1103,1.9716,2.1437,53;42,43;32,fp16,NVIDIA GeForce RTX 4060 Laptop GPU,0.4179,1.981,1;0;6
P5b,chat,0,0.0,fixed:4,cuda-graph static cache,4.0,3,128,6.3772,21.036,5.943,371.778,167.202,0.3125,0.7652,6.743,40.9,True,0.1103,2.1802,2.213,40;34;23;18,34;23;18;13,fp16,NVIDIA GeForce RTX 4060 Laptop GPU,0.5446,4.0,2;1;0
P5b,chat,0,0.0,fixed:6,cuda-graph static cache,5.943,3,128,5.8912,22.446,4.705,354.053,131.483,0.2734,0.7686,6.743,40.9,True,0.1103,2.1908,2.3685,35;31;21;15;10;9,31;21;15;11;9;6,fp16,NVIDIA GeForce RTX 4060 Laptop GPU,0.4484,5.943,3;2;1
P5b,chat,0,0.0,fixed:8,cuda-graph static cache,7.879,3,128,6.2197,21.138,4.054,384.329,135.425,0.2578,0.7724,6.743,40.9,True,0.1103,2.1135,2.2309,33;28;19;14;9;9;6;5,28;19;14;10;9;6;5;4,fp16,NVIDIA GeForce RTX 4060 Laptop GPU,0.381,7.879,4;3;2
P5b,chat,0,0.0,adaptive,cuda-graph static cache,5.081,3,128,6.2389,21.034,4.024,389.496,67.723,0.2891,0.7778,6.743,40.9,True,0.1103,2.2585,2.2186,37;32;21;17;8;2,32;21;17;13;6;2,fp16,NVIDIA GeForce RTX 4060 Laptop GPU,0.363,5.081,5;4;3
P5b,chat,0,0.0,adaedl:0.7,cuda-graph static cache,1.446,3,128,6.6003,19.841,3.464,266.872,73.19,0.4375,0.9114,6.743,40.9,True,0.1103,1.9765,2.0961,55;14;5;2;1;1;1,48;14;5;2;1;1;1,fp16,NVIDIA GeForce RTX 4060 Laptop GPU,0.3407,1.446,6;5;4
P5b,chat,0,0.7,baseline,cuda-graph static cache,,3,128,13.7874,9.289,0.276,204.337,76.222,1.0,,6.738,45.9,,0.0872,1.0,1.0,,,fp16,NVIDIA GeForce RTX 4060 Laptop GPU,0.0,0.0,0;6;5
P5b,chat,0,0.7,fixed:2,cuda-graph static cache,1.983,3,128,5.9405,21.617,1.479,222.329,84.356,0.4688,0.6939,6.738,45.9,,0.0872,1.8489,2.3263,60;38,39;29,fp16,NVIDIA GeForce RTX 4060 Laptop GPU,0.1242,1.983,1;0;6
P5b,chat,0,0.7,fixed:4,cuda-graph static cache,3.958,3,128,6.3281,20.466,2.612,248.597,87.676,0.375,0.6838,6.738,45.9,,0.0872,1.9938,2.2008,48;33;22;14,33;23;14;10,fp16,NVIDIA GeForce RTX 4060 Laptop GPU,0.2454,3.958,2;1;0
P5b,chat,0,0.7,fixed:6,cuda-graph static cache,5.865,3,128,5.1719,24.815,1.54,313.941,72.763,0.2891,0.7459,6.738,45.9,,0.0872,2.2558,2.6711,37;30;20;16;12;7,31;20;16;12;7;5,fp16,NVIDIA GeForce RTX 4060 Laptop GPU,0.1418,5.865,3;2;1
P5b,chat,0,0.7,fixed:8,cuda-graph static cache,7.568,3,128,5.8481,21.936,1.28,281.904,64.297,0.2891,0.7398,6.738,45.9,,0.0872,2.1404,2.3638,36;26;18;12;10;9;6;6,26;18;12;10;9;6;6;4,fp16,NVIDIA GeForce RTX 4060 Laptop GPU,0.1773,7.568,4;3;2
P5b,chat,0,0.7,adaptive,cuda-graph static cache,4.659,3,128,5.7799,22.189,1.214,296.417,99.508,0.3438,0.7179,6.738,45.9,,0.0872,2.1346,2.391,43;33;20;14;7,33;20;14;13;4,fp16,NVIDIA GeForce RTX 4060 Laptop GPU,0.1712,4.659,5;4;3
P5b,chat,0,0.7,adaedl:0.7,cuda-graph static cache,1.793,3,128,6.4643,19.813,0.606,422.633,66.359,0.4531,0.7527,6.738,45.9,,0.0872,1.9153,2.1352,57;16;10;5;4;1,37;15;9;5;4;0,fp16,NVIDIA GeForce RTX 4060 Laptop GPU,0.1198,1.793,6;5;4
P5b,chat,1,0.0,baseline,cuda-graph static cache,,3,128,13.8335,9.256,0.202,281.037,5.431,1.0,,6.743,45.1,True,0.0931,1.0,1.0,,,fp16,NVIDIA GeForce RTX 4060 Laptop GPU,0.0,0.0,0;6;5
P5b,chat,1,0.0,fixed:2,cuda-graph static cache,1.943,3,128,5.5536,23.166,1.979,203.288,92.7,0.4141,0.7979,6.743,45.1,True,0.0931,2.0343,2.5034,52;42,42;33,fp16,NVIDIA GeForce RTX 4060 Laptop GPU,0.2162,1.943,1;0;6
P5b,chat,1,0.0,fixed:4,cuda-graph static cache,3.913,3,128,5.889,21.759,0.871,380.211,176.741,0.3594,0.7257,6.743,45.1,False,0.0931,2.1192,2.3521,46;28;23;16,29;23;16;14,fp16,NVIDIA GeForce RTX 4060 Laptop GPU,0.1239,3.913,2;1;0
P5b,chat,1,0.0,fixed:6,cuda-graph static cache,5.78,3,128,5.752,22.261,0.509,368.051,21.682,0.3203,0.7073,6.743,45.1,False,0.0931,2.0093,2.4063,41;26;20;14;13;9,27;20;14;13;9;4,fp16,NVIDIA GeForce RTX 4060 Laptop GPU,0.096,5.78,3;2;1
P5b,chat,1,0.0,fixed:8,cuda-graph static cache,7.69,3,128,5.1821,24.83,2.143,432.21,26.434,0.2266,0.8049,6.743,45.1,True,0.0931,2.5343,2.6832,28;20;17;16;16;12;8;6,20;17;16;16;12;8;6;4,fp16,NVIDIA GeForce RTX 4060 Laptop GPU,0.2343,7.69,4;3;2
P5b,chat,1,0.0,adaptive,cuda-graph static cache,4.977,3,128,6.426,20.062,2.049,520.444,127.548,0.3438,0.7119,6.743,45.1,False,0.0931,2.0609,2.1669,44;26;21;15;8;3;1,27;21;15;13;5;2;1,fp16,NVIDIA GeForce RTX 4060 Laptop GPU,0.2047,4.977,5;4;3
P5b,chat,1,0.0,adaedl:0.7,cuda-graph static cache,1.574,3,128,6.2932,20.344,0.379,334.306,28.615,0.4766,0.7528,6.743,45.1,False,0.0931,1.8295,2.1984,61;15;5;3;3;1;1,40;15;4;3;3;1;1,fp16,NVIDIA GeForce RTX 4060 Laptop GPU,0.0489,1.574,6;5;4
P5b,chat,1,0.7,baseline,cuda-graph static cache,,3,128,13.6221,9.4,0.234,269.927,19.67,1.0,,6.738,45.2,,0.0652,1.0,1.0,,,fp16,NVIDIA GeForce RTX 4060 Laptop GPU,0.0,0.0,0;6;5
P5b,chat,1,0.7,fixed:2,cuda-graph static cache,1.983,3,128,5.8098,22.072,1.152,220.745,51.907,0.4531,0.7216,6.738,45.2,,0.0652,1.9789,2.3498,58;39,40;30,fp16,NVIDIA GeForce RTX 4060 Laptop GPU,0.1585,1.983,1;0;6
P5b,chat,1,0.7,fixed:4,cuda-graph static cache,3.86,3,128,5.3903,23.843,1.82,292.813,133.677,0.3359,0.7522,6.738,45.2,,0.0652,2.416,2.535,42;32;21;18,32;21;18;14,fp16,NVIDIA GeForce RTX 4060 Laptop GPU,0.1542,3.86,2;1;0
P5b,chat,1,0.7,fixed:6,cuda-graph static cache,5.973,3,128,6.014,21.313,0.968,521.394,17.374,0.2891,0.7398,6.738,45.2,,0.0652,2.4277,2.2686,37;26;22;18;13;7,26;22;18;13;8;4,fp16,NVIDIA GeForce RTX 4060 Laptop GPU,0.1301,5.973,3;2;1
P5b,chat,1,0.7,fixed:8,cuda-graph static cache,7.9,3,128,5.1476,24.876,0.616,375.475,95.556,0.2344,0.8033,6.738,45.2,,0.0652,2.8772,2.6485,30;23;19;14;13;10;7;6,23;19;14;13;11;7;6;5,fp16,NVIDIA GeForce RTX 4060 Laptop GPU,0.1305,7.9,4;3;2
P5b,chat,1,0.7,adaptive,cuda-graph static cache,6.171,3,128,5.4383,23.561,0.922,339.255,101.832,0.2734,0.7686,6.738,45.2,,0.0652,2.6144,2.509,35;24;21;16;15;7;3,25;21;17;15;8;5;2,fp16,NVIDIA GeForce RTX 4060 Laptop GPU,0.1562,6.171,5;4;3
P5b,chat,1,0.7,adaedl:0.7,cuda-graph static cache,1.63,3,128,6.0403,21.399,2.667,324.207,138.283,0.4219,0.8605,6.738,45.2,,0.0652,2.1147,2.2772,53;17;9;3;1;1;1;1,44;15;8;3;1;1;1;1,fp16,NVIDIA GeForce RTX 4060 Laptop GPU,0.289,1.63,6;5;4
P5b,chat,2,0.0,baseline,cuda-graph static cache,,3,128,13.5466,9.479,0.638,212.199,85.413,1.0,,6.743,44.7,True,0.1065,1.0,1.0,,,fp16,NVIDIA GeForce RTX 4060 Laptop GPU,0.0,0.0,0;6;5
P5b,chat,2,0.0,fixed:2,cuda-graph static cache,1.95,3,128,6.361,20.149,0.885,275.93,140.795,0.4688,0.701,6.743,44.7,True,0.1065,1.7983,2.1362,59;38,38;30,fp16,NVIDIA GeForce RTX 4060 Laptop GPU,0.237,1.95,1;0;6
P5b,chat,2,0.0,fixed:4,cuda-graph static cache,3.878,3,128,6.3751,20.163,1.628,271.407,89.713,0.3828,0.6752,6.743,44.7,True,0.1065,1.8581,2.1307,48;31;24;14,31;24;14;10,fp16,NVIDIA GeForce RTX 4060 Laptop GPU,0.1714,3.878,2;1;0
P5b,chat,2,0.0,fixed:6,cuda-graph static cache,5.864,3,128,6.8327,18.753,0.76,490.242,30.56,0.3438,0.6774,6.743,44.7,True,0.1065,1.7765,1.982,43;29;23;13;9;7,29;23;13;9;7;3,fp16,NVIDIA GeForce RTX 4060 Laptop GPU,0.0929,5.864,3;2;1
P5b,chat,2,0.0,fixed:8,cuda-graph static cache,7.795,3,128,7.5875,16.923,1.173,442.633,190.976,0.3438,0.672,6.743,44.7,True,0.1065,1.6152,1.7889,43;28;22;13;8;6;3;2,28;22;13;8;6;3;2;2,fp16,NVIDIA GeForce RTX 4060 Laptop GPU,0.1376,7.795,4;3;2
P5b,chat,2,0.0,adaptive,cuda-graph static cache,3.196,3,128,6.1718,20.885,2.191,355.619,138.826,0.3984,0.6814,6.743,44.7,True,0.1065,1.8734,2.2208,50;33;24;6,33;24;15;5,fp16,NVIDIA GeForce RTX 4060 Laptop GPU,0.3934,3.196,5;4;3
P5b,chat,2,0.0,adaedl:0.7,cuda-graph static cache,1.569,3,128,7.1326,18.02,1.401,274.558,79.827,0.5078,0.7326,6.743,44.7,True,0.1065,1.7635,1.9129,64;13;4;3;1;1,41;13;4;3;1;1,fp16,NVIDIA GeForce RTX 4060 Laptop GPU,0.2718,1.569,6;5;4
P5b,chat,2,0.7,baseline,cuda-graph static cache,,3,128,14.1655,9.037,0.139,269.46,30.921,1.0,,6.738,46.1,,0.0551,1.0,1.0,,,fp16,NVIDIA GeForce RTX 4060 Laptop GPU,0.0,0.0,0;6;5
P5b,chat,2,0.7,fixed:2,cuda-graph static cache,2.0,3,128,6.0259,21.248,0.446,280.218,83.296,0.4297,0.7526,6.738,46.1,,0.0551,2.0887,2.3518,55;42,42;31,fp16,NVIDIA GeForce RTX 4060 Laptop GPU,0.0775,2.0,1;0;6
P5b,chat,2,0.7,fixed:4,cuda-graph static cache,3.891,3,128,5.7281,22.364,0.765,300.286,69.3,0.3594,0.7193,6.738,46.1,,0.0551,2.348,2.4747,46;32;19;17,33;19;17;13,fp16,NVIDIA GeForce RTX 4060 Laptop GPU,0.0803,3.891,2;1;0
P5b,chat,2,0.7,fixed:6,cuda-graph static cache,5.837,3,128,6.0901,21.042,0.879,333.077,74.758,0.3359,0.6911,6.738,46.1,,0.0551,2.2533,2.328,43;31;19;14;9;7,31;20;14;9;7;4,fp16,NVIDIA GeForce RTX 4060 Laptop GPU,0.0748,5.837,3;2;1
P5b,chat,2,0.7,fixed:8,cuda-graph static cache,7.929,3,128,6.9178,18.518,0.634,374.397,87.559,0.3281,0.6935,6.738,46.1,,0.0551,2.1844,2.0492,42;29;19;15;8;4;4;3,29;19;15;8;5;4;3;3,fp16,NVIDIA GeForce RTX 4060 Laptop GPU,0.0734,7.929,4;3;2
P5b,chat,2,0.7,adaptive,cuda-graph static cache,4.935,3,128,6.632,19.44,2.056,328.861,77.739,0.3594,0.6949,6.738,46.1,,0.0551,2.2798,2.1521,45;29;22;13;7;2,29;22;14;11;5;1,fp16,NVIDIA GeForce RTX 4060 Laptop GPU,0.2417,4.935,5;4;3
P5b,chat,2,0.7,adaedl:0.7,cuda-graph static cache,1.625,3,128,5.9236,21.703,1.726,284.742,108.341,0.4375,0.8372,6.738,46.1,,0.0551,2.1016,2.4015,56;17;9;4,42;17;9;4,fp16,NVIDIA GeForce RTX 4060 Laptop GPU,0.1903,1.625,6;5;4
P5b,chat,3,0.0,baseline,cuda-graph static cache,,3,125,13.6907,9.152,0.559,271.595,75.516,1.0,,6.743,45.3,True,0.0922,1.0,1.0,,,fp16,NVIDIA GeForce RTX 4060 Laptop GPU,0.0,0.0,0;6;5
P5b,chat,3,0.0,fixed:2,cuda-graph static cache,2.0,3,125,5.7941,21.579,0.408,188.056,45.75,0.472,0.6837,6.743,45.3,True,0.0922,1.8162,2.3631,59;39,39;28,fp16,NVIDIA GeForce RTX 4060 Laptop GPU,0.1399,2.0,1;0;6
P5b,chat,3,0.0,fixed:4,cuda-graph static cache,4.0,3,125,4.862,25.733,0.971,205.557,54.032,0.336,0.7411,6.743,45.3,True,0.0922,2.1908,2.8202,42;30;23;17,30;23;17;13,fp16,NVIDIA GeForce RTX 4060 Laptop GPU,0.2336,4.0,2;1;0
P5b,chat,3,0.0,fixed:6,cuda-graph static cache,6.0,3,125,5.9757,20.947,0.958,398.042,87.101,0.32,0.725,6.743,45.3,True,0.0922,2.0947,2.2981,40;26;21;15;11;7,26;21;15;11;7;7,fp16,NVIDIA GeForce RTX 4060 Laptop GPU,0.2347,6.0,3;2;1
P5b,chat,3,0.0,fixed:8,cuda-graph static cache,7.974,3,125,6.3481,19.726,1.02,414.208,28.026,0.304,0.712,6.743,45.3,True,0.0922,1.9061,2.1645,38;24;19;15;11;7;7;4,24;19;15;11;7;7;4;2,fp16,NVIDIA GeForce RTX 4060 Laptop GPU,0.2325,7.974,4;3;2
P5b,chat,3,0.0,adaptive,cuda-graph static cache,4.209,3,125,5.6778,22.025,0.562,358.348,82.877,0.344,0.7281,6.743,45.3,True,0.0922,2.1421,2.4147,43;30;23;15;3,30;23;18;11;1,fp16,NVIDIA GeForce RTX 4060 Laptop GPU,0.2008,4.209,5;4;3
P5b,chat,3,0.0,adaedl:0.7,cuda-graph static cache,1.338,3,125,6.5821,19.043,1.227,270.611,63.456,0.52,0.7654,6.743,45.3,True,0.0922,1.7638,2.0875,65;10;2;1;1;1;1,48;9;2;1;1;1;0,fp16,NVIDIA GeForce RTX 4060 Laptop GPU,0.2153,1.338,6;5;4
P5b,chat,3,0.7,baseline,cuda-graph static cache,,3,128,13.97,9.207,0.777,245.456,118.376,1.0,,6.738,41.0,,0.0811,1.0,1.0,,,fp16,NVIDIA GeForce RTX 4060 Laptop GPU,0.0,0.0,0;6;5
P5b,chat,3,0.7,fixed:2,cuda-graph static cache,2.0,3,90,4.4007,20.56,1.847,256.893,89.176,0.4444,0.7222,6.738,41.0,,0.0811,1.9308,2.233,40;32,32;20,fp16,NVIDIA GeForce RTX 4060 Laptop GPU,0.0595,2.0,1;0;6
P5b,chat,3,0.7,fixed:4,cuda-graph static cache,4.0,3,103,5.2855,19.603,1.817,267.636,95.742,0.3495,0.7083,6.738,41.0,,0.0811,2.1274,2.1281,36;28;22;10,28;22;10;8,fp16,NVIDIA GeForce RTX 4060 Laptop GPU,0.0202,4.0,2;1;0
P5b,chat,3,0.7,fixed:6,cuda-graph static cache,6.0,3,119,7.0351,17.281,2.965,400.417,108.703,0.3445,0.6783,6.738,41.0,,0.0811,1.9529,1.8674,41;29;17;12;9;7,29;17;12;9;7;4,fp16,NVIDIA GeForce RTX 4060 Laptop GPU,0.1723,6.0,3;2;1
P5b,chat,3,0.7,fixed:8,cuda-graph static cache,8.0,3,113,7.7033,14.786,1.605,462.069,62.249,0.354,0.6757,6.738,41.0,,0.0811,1.8154,1.6038,40;23;14;9;9;7;5;4,23;14;9;9;7;5;4;4,fp16,NVIDIA GeForce RTX 4060 Laptop GPU,0.0429,8.0,4;3;2
P5b,chat,3,0.7,adaptive,cuda-graph static cache,3.98,3,117,7.3891,16.428,3.637,433.329,86.488,0.4188,0.6364,6.738,41.0,,0.0811,1.8602,1.7702,49;32;21;5;2;1,32;21;10;4;2;1,fp16,NVIDIA GeForce RTX 4060 Laptop GPU,0.2563,3.98,5;4;3
P5b,chat,3,0.7,adaedl:0.7,cuda-graph static cache,2.0,3,92,5.7624,16.467,3.363,406.293,110.194,0.4783,0.7353,6.738,41.0,,0.0811,1.9584,1.7761,44;12;3;2;2;2;2;1,28;11;3;2;2;2;1;1,fp16,NVIDIA GeForce RTX 4060 Laptop GPU,0.2248,2.0,6;5;4
P5b,chat,4,0.0,baseline,cuda-graph static cache,,3,128,13.1636,9.727,0.219,223.372,48.615,1.0,,6.743,40.0,True,0.0787,1.0,1.0,,,fp16,NVIDIA GeForce RTX 4060 Laptop GPU,0.0,0.0,0;6;5
P5b,chat,4,0.0,fixed:2,cuda-graph static cache,1.948,3,128,7.8611,16.313,0.871,313.5,205.265,0.4531,0.7143,6.743,40.0,True,0.0787,1.9094,1.6766,57;41,41;29,fp16,NVIDIA GeForce RTX 4060 Laptop GPU,0.0644,1.948,1;0;6
P5b,chat,4,0.0,fixed:4,cuda-graph static cache,3.915,3,128,7.392,17.472,2.053,338.694,51.79,0.3672,0.6983,6.743,40.0,True,0.0787,2.1002,1.7952,46;31;24;15,31;24;15;11,fp16,NVIDIA GeForce RTX 4060 Laptop GPU,0.1919,3.915,2;1;0
P5b,chat,4,0.0,fixed:6,cuda-graph static cache,5.795,3,128,8.1862,15.904,2.596,574.857,68.179,0.3438,0.6774,6.743,40.0,True,0.0787,1.9783,1.6334,43;31;23;13;9;5,31;23;13;9;5;3,fp16,NVIDIA GeForce RTX 4060 Laptop GPU,0.2462,5.795,3;2;1
P5b,chat,4,0.0,fixed:8,cuda-graph static cache,7.651,3,128,8.4093,15.487,2.561,504.048,196.141,0.3359,0.6855,6.743,40.0,True,0.0787,1.9091,1.5905,42;29;21;12;9;5;3;3,29;21;12;9;5;3;3;3,fp16,NVIDIA GeForce RTX 4060 Laptop GPU,0.2423,7.651,4;3;2
P5b,chat,4,0.0,adaptive,cuda-graph static cache,4.6,3,128,7.572,17.105,2.248,523.096,44.255,0.3516,0.6917,6.743,40.0,True,0.0787,2.0793,1.7557,44;31;24;13;7;1,31;24;15;10;3;0,fp16,NVIDIA GeForce RTX 4060 Laptop GPU,0.1927,4.6,5;4;3
P5b,chat,4,0.0,adaedl:0.7,cuda-graph static cache,1.456,3,128,9.5666,13.449,1.202,400.38,161.441,0.5312,0.6897,6.743,40.0,True,0.0787,1.7303,1.3815,67;10;5;3;2,40;10;5;3;2,fp16,NVIDIA GeForce RTX 4060 Laptop GPU,0.0965,1.456,6;5;4
P5b,chat,4,0.7,baseline,cuda-graph static cache,,3,128,12.9449,9.913,0.599,260.026,82.418,1.0,,6.738,44.7,,0.061,1.0,1.0,,,fp16,NVIDIA GeForce RTX 4060 Laptop GPU,0.0,0.0,0;6;5
P5b,chat,4,0.7,fixed:2,cuda-graph static cache,1.967,3,128,6.1754,20.73,0.28,187.676,27.643,0.4688,0.68,6.738,44.7,,0.061,1.9015,2.0968,59;41,41;27,fp16,NVIDIA GeForce RTX 4060 Laptop GPU,0.1393,1.967,1;0;6
P5b,chat,4,0.7,fixed:4,cuda-graph static cache,3.932,3,128,5.322,24.26,2.838,358.225,160.558,0.3438,0.7241,6.738,44.7,,0.061,2.3284,2.4524,44;30;23;19,31;23;19;11,fp16,NVIDIA GeForce RTX 4060 Laptop GPU,0.3033,3.932,2;1;0
P5b,chat,4,0.7,fixed:6,cuda-graph static cache,5.875,3,128,5.7623,22.291,1.627,298.837,99.809,0.3125,0.7097,6.738,44.7,,0.061,2.2954,2.2505,40;31;22;15;11;5,31;23;15;11;5;3,fp16,NVIDIA GeForce RTX 4060 Laptop GPU,0.1405,5.875,3;2;1
P5b,chat,4,0.7,fixed:8,cuda-graph static cache,7.8,3,128,7.5102,17.387,2.925,433.28,77.878,0.3125,0.6929,6.738,44.7,,0.061,2.1187,1.7488,39;31;22;13;10;5;4;3,31;22;13;10;5;4;3;0,fp16,NVIDIA GeForce RTX 4060 Laptop GPU,0.2288,7.8,4;3;2
P5b,chat,4,0.7,adaptive,cuda-graph static cache,5.489,3,128,7.2244,17.956,2.541,454.76,106.018,0.3516,0.6803,6.738,44.7,,0.061,2.1508,1.8089,44;30;19;13;8;5;2;1,30;19;13;9;6;3;2;1,fp16,NVIDIA GeForce RTX 4060 Laptop GPU,0.2036,5.489,5;4;3
P5b,chat,4,0.7,adaedl:0.7,cuda-graph static cache,1.58,3,128,7.3913,17.358,1.044,334.961,96.558,0.5391,0.6413,6.738,44.7,,0.061,1.7344,1.7539,68;13;3;2;2;2;2,37;12;3;2;2;2;1,fp16,NVIDIA GeForce RTX 4060 Laptop GPU,0.1177,1.58,6;5;4
P5b,chat,5,0.0,baseline,cuda-graph static cache,,3,128,13.1587,9.82,1.14,137.142,50.475,1.0,,6.743,45.3,True,0.097,1.0,1.0,,,fp16,NVIDIA GeForce RTX 4060 Laptop GPU,0.0,0.0,0;6;5
P5b,chat,5,0.0,fixed:2,cuda-graph static cache,1.965,3,128,5.9671,21.516,1.423,223.976,41.927,0.4453,0.7172,6.743,45.3,False,0.097,1.8615,2.2011,56;43,43;28,fp16,NVIDIA GeForce RTX 4060 Laptop GPU,0.1434,1.965,1;0;6
P5b,chat,5,0.0,fixed:4,cuda-graph static cache,3.976,3,128,5.1465,24.874,0.284,332.288,138.213,0.3203,0.7373,6.743,45.3,False,0.097,2.1443,2.5549,41;36;25;16,36;25;17;9,fp16,NVIDIA GeForce RTX 4060 Laptop GPU,0.2841,3.976,2;1;0
P5b,chat,5,0.0,fixed:6,cuda-graph static cache,5.923,3,128,5.4927,23.389,1.758,401.515,89.694,0.3047,0.7236,6.743,45.3,False,0.097,2.0532,2.392,39;33;24;15;8;4,33;24;16;8;4;4,fp16,NVIDIA GeForce RTX 4060 Laptop GPU,0.1592,5.923,3;2;1
P5b,chat,5,0.0,fixed:8,cuda-graph static cache,7.865,3,128,5.9189,21.734,1.909,335.34,52.602,0.2891,0.7222,6.743,45.3,False,0.097,1.9283,2.2265,37;32;23;15;8;4;4;3,32;23;16;8;4;4;3;1,fp16,NVIDIA GeForce RTX 4060 Laptop GPU,0.2389,7.865,4;3;2
P5b,chat,5,0.0,adaptive,cuda-graph static cache,4.268,3,128,5.1597,24.977,2.59,356.414,106.448,0.3203,0.7373,6.743,45.3,False,0.097,2.1517,2.5542,41;36;25;15;1,36;25;17;9;0,fp16,NVIDIA GeForce RTX 4060 Laptop GPU,0.2407,4.268,5;4;3
P5b,chat,5,0.0,adaedl:0.7,cuda-graph static cache,1.431,3,128,6.7738,19.079,2.365,344.89,112.237,0.5078,0.759,6.743,45.3,False,0.097,1.7798,1.9469,64;14;5,46;12;5,fp16,NVIDIA GeForce RTX 4060 Laptop GPU,0.1602,1.431,6;5;4
P5b,chat,5,0.7,baseline,cuda-graph static cache,,3,128,13.918,9.199,0.193,184.552,22.024,1.0,,6.738,44.4,,0.0782,1.0,1.0,,,fp16,NVIDIA GeForce RTX 4060 Laptop GPU,0.0,0.0,0;6;5
P5b,chat,5,0.7,fixed:2,cuda-graph static cache,2.0,3,128,6.163,20.997,2.718,244.768,145.825,0.4219,0.7551,6.738,44.4,,0.0782,2.0107,2.2814,54;44,44;30,fp16,NVIDIA GeForce RTX 4060 Laptop GPU,0.276,2.0,1;0;6
P5b,chat,5,0.7,fixed:4,cuda-graph static cache,3.83,3,128,6.6539,19.677,3.463,300.697,168.531,0.3672,0.6983,6.738,44.4,,0.0782,2.1002,2.1396,46;33;21;16,33;21;16;11,fp16,NVIDIA GeForce RTX 4060 Laptop GPU,0.3765,3.83,2;1;0
P5b,chat,5,0.7,fixed:6,cuda-graph static cache,5.867,3,128,7.5923,17.141,2.6,448.306,37.103,0.3516,0.686,6.738,44.4,,0.0782,2.0186,1.8638,44;30;17;13;10;7,30;17;13;10;7;6,fp16,NVIDIA GeForce RTX 4060 Laptop GPU,0.2836,5.867,3;2;1
P5b,chat,5,0.7,fixed:8,cuda-graph static cache,7.861,3,128,6.2792,20.471,1.638,502.234,159.714,0.2812,0.748,6.738,44.4,,0.0782,2.2695,2.225,36;29;18;13;8;8;7;4,29;18;13;9;8;7;4;4,fp16,NVIDIA GeForce RTX 4060 Laptop GPU,0.1649,7.861,4;3;2
P5b,chat,5,0.7,adaptive,cuda-graph static cache,5.658,3,128,5.6733,22.621,1.432,294.36,111.363,0.2969,0.7692,6.738,44.4,,0.0782,2.4802,2.4585,37;30;19;15;11;4;1,30;19;15;12;9;4;1,fp16,NVIDIA GeForce RTX 4060 Laptop GPU,0.1352,5.658,5;4;3
P5b,chat,5,0.7,adaedl:0.7,cuda-graph static cache,1.836,3,128,6.2018,20.777,2.052,358.133,235.456,0.4297,0.8295,6.738,44.4,,0.0782,2.1105,2.2567,55;19;11;3,41;18;11;3,fp16,NVIDIA GeForce RTX 4060 Laptop GPU,0.1903,1.836,6;5;4
